id,Exited
15000,0.04173354735152488
15001,0.027613412228796843
15002,0.027613412228796843
15003,0.7709251101321586
15004,0.027613412228796843
15005,0.20459081836327345
15006,0.008923742563547863
15007,0.027613412228796843
15008,0.021212121212121213
15009,0.008923742563547863
15010,0.04173354735152488
15011,0.994535519125683
15012,0.04173354735152488
15013,0.04173354735152488
15014,0.027613412228796843
15015,0.008923742563547863
15016,0.021212121212121213
15017,0.008923742563547863
15018,0.04173354735152488
15019,0.008923742563547863
15020,0.008923742563547863
15021,0.021212121212121213
15022,0.9411764705882353
15023,0.20459081836327345
15024,0.008923742563547863
15025,0.38271604938271603
15026,0.38271604938271603
15027,0.027613412228796843
15028,0.20459081836327345
15029,0.48857142857142855
15030,0.4431137724550898
15031,0.04173354735152488
15032,0.11815561959654179
15033,0.2767527675276753
15034,0.48857142857142855
15035,0.027613412228796843
15036,0.008923742563547863
15037,0.38271604938271603
15038,0.027613412228796843
15039,0.027613412228796843
15040,0.11815561959654179
15041,0.008923742563547863
15042,0.008923742563547863
15043,0.008923742563547863
15044,0.008923742563547863
15045,0.027613412228796843
15046,0.20459081836327345
15047,0.7264957264957265
15048,0.008923742563547863
15049,0.20459081836327345
15050,0.008923742563547863
15051,0.11815561959654179
15052,0.04173354735152488
15053,0.4431137724550898
15054,0.04173354735152488
15055,0.008923742563547863
15056,0.008923742563547863
15057,0.9411764705882353
15058,0.7264957264957265
15059,0.04173354735152488
15060,0.008923742563547863
15061,0.008923742563547863
15062,0.7709251101321586
15063,0.7709251101321586
15064,0.04173354735152488
15065,0.027613412228796843
15066,0.04173354735152488
15067,0.9411764705882353
15068,0.901060070671378
15069,0.027613412228796843
15070,0.38271604938271603
15071,0.008923742563547863
15072,0.38271604938271603
15073,0.38271604938271603
15074,0.008923742563547863
15075,0.008923742563547863
15076,0.008923742563547863
15077,0.027613412228796843
15078,0.008923742563547863
15079,0.04173354735152488
15080,0.901060070671378
15081,0.04173354735152488
15082,0.11815561959654179
15083,0.07417582417582418
15084,0.008923742563547863
15085,0.04173354735152488
15086,0.48857142857142855
15087,0.008923742563547863
15088,0.008923742563547863
15089,0.04173354735152488
15090,0.008923742563547863
15091,0.008923742563547863
15092,0.008923742563547863
15093,0.04173354735152488
15094,0.008923742563547863
15095,0.027613412228796843
15096,0.38271604938271603
15097,0.008923742563547863
15098,0.027613412228796843
15099,0.20459081836327345
15100,0.008923742563547863
15101,0.48857142857142855
15102,0.48857142857142855
15103,0.1925133689839572
15104,0.48857142857142855
15105,0.008923742563547863
15106,0.20459081836327345
15107,0.9411764705882353
15108,0.008923742563547863
15109,0.008923742563547863
15110,0.20459081836327345
15111,0.027613412228796843
15112,0.04173354735152488
15113,0.027613412228796843
15114,0.008923742563547863
15115,0.027613412228796843
15116,0.008923742563547863
15117,0.967032967032967
15118,0.021212121212121213
15119,0.2767527675276753
15120,0.027613412228796843
15121,0.48857142857142855
15122,0.008923742563547863
15123,0.027613412228796843
15124,0.04173354735152488
15125,0.008923742563547863
15126,0.7264957264957265
15127,0.008923742563547863
15128,0.04173354735152488
15129,0.04173354735152488
15130,0.008923742563547863
15131,0.48857142857142855
15132,0.04173354735152488
15133,0.07417582417582418
15134,0.008923742563547863
15135,0.901060070671378
15136,0.20459081836327345
15137,0.11815561959654179
15138,0.20459081836327345
15139,0.008923742563547863
15140,0.008923742563547863
15141,0.901060070671378
15142,0.008923742563547863
15143,0.901060070671378
15144,0.11815561959654179
15145,0.027613412228796843
15146,0.021212121212121213
15147,0.8596491228070176
15148,0.027613412228796843
15149,0.9411764705882353
15150,0.04173354735152488
15151,0.48857142857142855
15152,0.967032967032967
15153,0.07417582417582418
15154,0.994535519125683
15155,0.11815561959654179
15156,0.008923742563547863
15157,0.021212121212121213
15158,0.1925133689839572
15159,0.7709251101321586
15160,0.2767527675276753
15161,0.008923742563547863
15162,0.008923742563547863
15163,0.008923742563547863
15164,0.008923742563547863
15165,0.04173354735152488
15166,0.8596491228070176
15167,0.48857142857142855
15168,0.04173354735152488
15169,0.008923742563547863
15170,0.48857142857142855
15171,0.008923742563547863
15172,0.04173354735152488
15173,0.9411764705882353
15174,0.38271604938271603
15175,0.11815561959654179
15176,0.008923742563547863
15177,0.04173354735152488
15178,0.11815561959654179
15179,0.008923742563547863
15180,0.027613412228796843
15181,0.994535519125683
15182,0.04173354735152488
15183,0.38271604938271603
15184,0.027613412228796843
15185,0.7709251101321586
15186,0.04173354735152488
15187,0.008923742563547863
15188,0.021212121212121213
15189,0.027613412228796843
15190,0.04173354735152488
15191,0.008923742563547863
15192,0.04173354735152488
15193,0.20459081836327345
15194,0.38271604938271603
15195,0.48857142857142855
15196,0.38271604938271603
15197,0.008923742563547863
15198,0.38271604938271603
15199,0.11815561959654179
15200,0.04173354735152488
15201,0.027613412228796843
15202,0.008923742563547863
15203,0.008923742563547863
15204,0.008923742563547863
15205,0.2767527675276753
15206,0.027613412228796843
15207,0.027613412228796843
15208,0.008923742563547863
15209,0.48857142857142855
15210,0.027613412228796843
15211,0.11815561959654179
15212,0.48857142857142855
15213,0.008923742563547863
15214,0.04173354735152488
15215,0.027613412228796843
15216,0.7709251101321586
15217,0.04173354735152488
15218,0.027613412228796843
15219,0.008923742563547863
15220,0.027613412228796843
15221,0.027613412228796843
15222,0.20459081836327345
15223,0.008923742563547863
15224,0.008923742563547863
15225,0.48857142857142855
15226,0.38271604938271603
15227,0.021212121212121213
15228,0.38271604938271603
15229,0.07417582417582418
15230,0.901060070671378
15231,0.38271604938271603
15232,0.04173354735152488
15233,0.07417582417582418
15234,1.0
15235,0.008923742563547863
15236,0.04173354735152488
15237,0.27419354838709675
15238,0.008923742563547863
15239,0.008923742563547863
15240,0.20459081836327345
15241,0.027613412228796843
15242,0.04173354735152488
15243,0.7709251101321586
15244,0.008923742563547863
15245,0.38271604938271603
15246,0.20459081836327345
15247,0.027613412228796843
15248,0.04173354735152488
15249,0.04173354735152488
15250,0.027613412228796843
15251,0.008923742563547863
15252,0.04173354735152488
15253,0.2767527675276753
15254,0.008923742563547863
15255,0.008923742563547863
15256,0.027613412228796843
15257,0.04173354735152488
15258,0.7264957264957265
15259,0.20459081836327345
15260,0.008923742563547863
15261,1.0
15262,0.008923742563547863
15263,0.8596491228070176
15264,0.04173354735152488
15265,0.27419354838709675
15266,0.20459081836327345
15267,0.11815561959654179
15268,0.027613412228796843
15269,0.008923742563547863
15270,0.04173354735152488
15271,0.027613412228796843
15272,0.04173354735152488
15273,0.021212121212121213
15274,0.901060070671378
15275,0.7264957264957265
15276,0.04173354735152488
15277,0.008923742563547863
15278,0.008923742563547863
15279,0.027613412228796843
15280,0.9411764705882353
15281,0.008923742563547863
15282,0.11815561959654179
15283,0.7709251101321586
15284,0.008923742563547863
15285,0.901060070671378
15286,0.008923742563547863
15287,0.027613412228796843
15288,0.008923742563547863
15289,0.04173354735152488
15290,0.008923742563547863
15291,0.008923742563547863
15292,0.20459081836327345
15293,0.994535519125683
15294,0.008923742563547863
15295,0.20459081836327345
15296,0.04173354735152488
15297,0.027613412228796843
15298,0.008923742563547863
15299,0.008923742563547863
15300,0.027613412228796843
15301,0.38271604938271603
15302,0.04173354735152488
15303,0.008923742563547863
15304,0.008923742563547863
15305,0.20459081836327345
15306,0.04173354735152488
15307,0.38271604938271603
15308,0.008923742563547863
15309,0.967032967032967
15310,0.38271604938271603
15311,0.04173354735152488
15312,0.027613412228796843
15313,0.027613412228796843
15314,0.008923742563547863
15315,0.008923742563547863
15316,0.20459081836327345
15317,0.008923742563547863
15318,0.38271604938271603
15319,0.008923742563547863
15320,0.04173354735152488
15321,0.008923742563547863
15322,0.027613412228796843
15323,0.008923742563547863
15324,0.9411764705882353
15325,0.008923742563547863
15326,0.027613412228796843
15327,0.7709251101321586
15328,0.20459081836327345
15329,0.008923742563547863
15330,0.021212121212121213
15331,0.04173354735152488
15332,0.008923742563547863
15333,0.04173354735152488
15334,0.04173354735152488
15335,0.008923742563547863
15336,0.04173354735152488
15337,0.027613412228796843
15338,0.11815561959654179
15339,0.04173354735152488
15340,0.008923742563547863
15341,0.008923742563547863
15342,0.9411764705882353
15343,0.04173354735152488
15344,0.04173354735152488
15345,0.07417582417582418
15346,0.901060070671378
15347,0.04173354735152488
15348,0.04173354735152488
15349,0.027613412228796843
15350,0.027613412228796843
15351,0.008923742563547863
15352,0.04173354735152488
15353,0.20459081836327345
15354,0.008923742563547863
15355,0.11815561959654179
15356,0.48857142857142855
15357,0.008923742563547863
15358,0.027613412228796843
15359,0.008923742563547863
15360,0.008923742563547863
15361,0.008923742563547863
15362,0.008923742563547863
15363,0.008923742563547863
15364,0.04173354735152488
15365,0.38271604938271603
15366,0.38271604938271603
15367,0.9411764705882353
15368,0.04173354735152488
15369,0.008923742563547863
15370,0.7709251101321586
15371,0.008923742563547863
15372,0.008923742563547863
15373,0.20459081836327345
15374,0.48857142857142855
15375,0.20459081836327345
15376,0.04173354735152488
15377,0.7709251101321586
15378,0.008923742563547863
15379,0.7264957264957265
15380,0.38271604938271603
15381,0.021212121212121213
15382,0.008923742563547863
15383,0.008923742563547863
15384,0.3333333333333333
15385,0.20459081836327345
15386,0.1925133689839572
15387,0.04173354735152488
15388,0.008923742563547863
15389,0.027613412228796843
15390,0.2767527675276753
15391,0.20459081836327345
15392,0.008923742563547863
15393,0.008923742563547863
15394,0.008923742563547863
15395,0.008923742563547863
15396,0.2767527675276753
15397,0.008923742563547863
15398,0.008923742563547863
15399,0.008923742563547863
15400,0.2767527675276753
15401,0.20459081836327345
15402,0.008923742563547863
15403,0.20459081836327345
15404,0.07417582417582418
15405,0.027613412228796843
15406,0.04173354735152488
15407,0.027613412228796843
15408,0.20459081836327345
15409,0.04173354735152488
15410,0.04173354735152488
15411,0.008923742563547863
15412,0.04173354735152488
15413,0.7709251101321586
15414,0.994535519125683
15415,0.008923742563547863
15416,0.008923742563547863
15417,0.1925133689839572
15418,0.04173354735152488
15419,0.20459081836327345
15420,0.027613412228796843
15421,0.11815561959654179
15422,0.04173354735152488
15423,0.1925133689839572
15424,0.021212121212121213
15425,0.901060070671378
15426,0.04173354735152488
15427,0.04173354735152488
15428,0.2767527675276753
15429,0.04173354735152488
15430,0.008923742563547863
15431,0.027613412228796843
15432,0.027613412228796843
15433,0.008923742563547863
15434,0.008923742563547863
15435,0.008923742563547863
15436,0.07417582417582418
15437,0.027613412228796843
15438,0.027613412228796843
15439,0.008923742563547863
15440,0.04173354735152488
15441,0.967032967032967
15442,0.38271604938271603
15443,0.04173354735152488
15444,0.021212121212121213
15445,0.008923742563547863
15446,0.04173354735152488
15447,0.008923742563547863
15448,0.9411764705882353
15449,0.11815561959654179
15450,0.008923742563547863
15451,0.027613412228796843
15452,0.7709251101321586
15453,0.07417582417582418
15454,0.04173354735152488
15455,0.9411764705882353
15456,0.04173354735152488
15457,0.008923742563547863
15458,0.04173354735152488
15459,0.48857142857142855
15460,0.3333333333333333
15461,0.04173354735152488
15462,0.027613412228796843
15463,0.008923742563547863
15464,0.9411764705882353
15465,0.04173354735152488
15466,0.008923742563547863
15467,0.7264957264957265
15468,0.008923742563547863
15469,0.04173354735152488
15470,0.008923742563547863
15471,0.021212121212121213
15472,0.20459081836327345
15473,0.04173354735152488
15474,0.20459081836327345
15475,0.04173354735152488
15476,0.04173354735152488
15477,0.027613412228796843
15478,0.008923742563547863
15479,0.04173354735152488
15480,0.8596491228070176
15481,0.9411764705882353
15482,0.027613412228796843
15483,0.9411764705882353
15484,0.008923742563547863
15485,0.04173354735152488
15486,0.027613412228796843
15487,0.901060070671378
15488,0.027613412228796843
15489,0.04173354735152488
15490,0.901060070671378
15491,0.4431137724550898
15492,0.7264957264957265
15493,0.20459081836327345
15494,0.04173354735152488
15495,0.2767527675276753
15496,0.027613412228796843
15497,0.008923742563547863
15498,0.994535519125683
15499,0.04173354735152488
15500,0.008923742563547863
15501,0.008923742563547863
15502,0.027613412228796843
15503,0.994535519125683
15504,0.20459081836327345
15505,0.008923742563547863
15506,0.11815561959654179
15507,0.008923742563547863
15508,0.1925133689839572
15509,0.008923742563547863
15510,0.20459081836327345
15511,0.11815561959654179
15512,0.008923742563547863
15513,0.008923742563547863
15514,0.04173354735152488
15515,0.008923742563547863
15516,0.2767527675276753
15517,0.04173354735152488
15518,0.008923742563547863
15519,0.008923742563547863
15520,0.20459081836327345
15521,0.11815561959654179
15522,0.20459081836327345
15523,0.04173354735152488
15524,0.027613412228796843
15525,0.008923742563547863
15526,0.008923742563547863
15527,0.008923742563547863
15528,0.008923742563547863
15529,0.027613412228796843
15530,0.008923742563547863
15531,0.021212121212121213
15532,0.11815561959654179
15533,0.04173354735152488
15534,0.008923742563547863
15535,0.20459081836327345
15536,0.48857142857142855
15537,0.027613412228796843
15538,0.11815561959654179
15539,0.008923742563547863
15540,0.07417582417582418
15541,0.008923742563547863
15542,0.008923742563547863
15543,0.008923742563547863
15544,0.008923742563547863
15545,0.04173354735152488
15546,0.48857142857142855
15547,0.07417582417582418
15548,0.008923742563547863
15549,0.901060070671378
15550,0.008923742563547863
15551,0.027613412228796843
15552,0.008923742563547863
15553,0.04173354735152488
15554,0.27419354838709675
15555,0.008923742563547863
15556,0.008923742563547863
15557,0.027613412228796843
15558,0.04173354735152488
15559,0.04173354735152488
15560,0.027613412228796843
15561,0.008923742563547863
15562,0.008923742563547863
15563,0.027613412228796843
15564,0.027613412228796843
15565,0.027613412228796843
15566,0.04173354735152488
15567,0.008923742563547863
15568,0.008923742563547863
15569,0.008923742563547863
15570,0.20459081836327345
15571,0.8596491228070176
15572,0.9411764705882353
15573,0.04173354735152488
15574,0.008923742563547863
15575,0.008923742563547863
15576,0.027613412228796843
15577,0.7709251101321586
15578,0.38271604938271603
15579,0.20459081836327345
15580,0.008923742563547863
15581,0.20459081836327345
15582,0.027613412228796843
15583,0.008923742563547863
15584,0.027613412228796843
15585,0.967032967032967
15586,0.008923742563547863
15587,0.008923742563547863
15588,0.07417582417582418
15589,0.008923742563547863
15590,0.008923742563547863
15591,0.027613412228796843
15592,0.04173354735152488
15593,0.994535519125683
15594,0.7709251101321586
15595,0.04173354735152488
15596,0.38271604938271603
15597,0.7709251101321586
15598,0.04173354735152488
15599,0.20459081836327345
15600,0.48857142857142855
15601,0.7264957264957265
15602,0.008923742563547863
15603,0.027613412228796843
15604,0.38271604938271603
15605,0.04173354735152488
15606,0.008923742563547863
15607,0.1925133689839572
15608,0.027613412228796843
15609,0.008923742563547863
15610,0.38271604938271603
15611,0.008923742563547863
15612,0.20459081836327345
15613,0.04173354735152488
15614,0.04173354735152488
15615,0.20459081836327345
15616,0.008923742563547863
15617,0.901060070671378
15618,0.04173354735152488
15619,0.008923742563547863
15620,0.04173354735152488
15621,0.008923742563547863
15622,0.027613412228796843
15623,0.027613412228796843
15624,0.027613412228796843
15625,0.901060070671378
15626,0.027613412228796843
15627,0.04173354735152488
15628,0.008923742563547863
15629,0.027613412228796843
15630,0.11815561959654179
15631,0.20459081836327345
15632,0.008923742563547863
15633,0.008923742563547863
15634,0.20459081836327345
15635,0.27419354838709675
15636,0.027613412228796843
15637,0.04173354735152488
15638,0.027613412228796843
15639,0.20459081836327345
15640,0.7264957264957265
15641,0.38271604938271603
15642,0.27419354838709675
15643,0.027613412228796843
15644,0.20459081836327345
15645,0.008923742563547863
15646,0.20459081836327345
15647,0.008923742563547863
15648,0.07417582417582418
15649,0.20459081836327345
15650,0.008923742563547863
15651,0.027613412228796843
15652,0.008923742563547863
15653,0.7264957264957265
15654,0.20459081836327345
15655,0.7709251101321586
15656,0.04173354735152488
15657,0.7264957264957265
15658,0.021212121212121213
15659,0.027613412228796843
15660,0.008923742563547863
15661,0.20459081836327345
15662,0.008923742563547863
15663,0.027613412228796843
15664,0.11815561959654179
15665,0.04173354735152488
15666,0.008923742563547863
15667,0.008923742563547863
15668,0.008923742563547863
15669,0.20459081836327345
15670,0.2767527675276753
15671,0.07417582417582418
15672,0.008923742563547863
15673,0.11815561959654179
15674,0.4431137724550898
15675,0.48857142857142855
15676,0.008923742563547863
15677,0.48857142857142855
15678,0.04173354735152488
15679,0.008923742563547863
15680,0.20459081836327345
15681,0.008923742563547863
15682,0.008923742563547863
15683,0.021212121212121213
15684,0.008923742563547863
15685,0.04173354735152488
15686,0.38271604938271603
15687,0.027613412228796843
15688,0.4431137724550898
15689,0.20459081836327345
15690,0.04173354735152488
15691,0.027613412228796843
15692,0.04173354735152488
15693,0.027613412228796843
15694,0.008923742563547863
15695,0.027613412228796843
15696,0.008923742563547863
15697,0.027613412228796843
15698,0.20459081836327345
15699,0.008923742563547863
15700,0.008923742563547863
15701,0.04173354735152488
15702,0.008923742563547863
15703,0.20459081836327345
15704,0.008923742563547863
15705,0.9411764705882353
15706,0.04173354735152488
15707,0.04173354735152488
15708,0.901060070671378
15709,0.008923742563547863
15710,0.901060070671378
15711,0.11815561959654179
15712,0.008923742563547863
15713,0.008923742563547863
15714,0.008923742563547863
15715,0.7709251101321586
15716,0.04173354735152488
15717,0.027613412228796843
15718,0.04173354735152488
15719,1.0
15720,0.48857142857142855
15721,0.20459081836327345
15722,0.008923742563547863
15723,0.008923742563547863
15724,0.20459081836327345
15725,0.021212121212121213
15726,0.027613412228796843
15727,0.008923742563547863
15728,0.008923742563547863
15729,0.901060070671378
15730,0.04173354735152488
15731,0.008923742563547863
15732,0.9411764705882353
15733,0.04173354735152488
15734,0.027613412228796843
15735,0.20459081836327345
15736,0.008923742563547863
15737,0.48857142857142855
15738,0.008923742563547863
15739,0.027613412228796843
15740,0.027613412228796843
15741,0.07417582417582418
15742,0.48857142857142855
15743,0.48857142857142855
15744,0.008923742563547863
15745,0.008923742563547863
15746,0.027613412228796843
15747,0.20459081836327345
15748,0.48857142857142855
15749,0.008923742563547863
15750,0.04173354735152488
15751,0.008923742563547863
15752,0.04173354735152488
15753,0.027613412228796843
15754,0.027613412228796843
15755,0.04173354735152488
15756,0.008923742563547863
15757,0.008923742563547863
15758,0.20459081836327345
15759,0.04173354735152488
15760,0.027613412228796843
15761,0.20459081836327345
15762,0.48857142857142855
15763,0.967032967032967
15764,0.008923742563547863
15765,0.027613412228796843
15766,0.008923742563547863
15767,0.008923742563547863
15768,0.008923742563547863
15769,0.008923742563547863
15770,0.04173354735152488
15771,0.20459081836327345
15772,0.027613412228796843
15773,0.027613412228796843
15774,0.04173354735152488
15775,0.021212121212121213
15776,0.20459081836327345
15777,0.901060070671378
15778,0.9411764705882353
15779,0.20459081836327345
15780,0.48857142857142855
15781,0.008923742563547863
15782,0.027613412228796843
15783,0.04173354735152488
15784,0.04173354735152488
15785,0.027613412228796843
15786,0.008923742563547863
15787,0.008923742563547863
15788,0.7709251101321586
15789,0.7264957264957265
15790,0.04173354735152488
15791,0.008923742563547863
15792,0.901060070671378
15793,0.008923742563547863
15794,0.008923742563547863
15795,0.48857142857142855
15796,0.008923742563547863
15797,0.04173354735152488
15798,0.9411764705882353
15799,0.008923742563547863
15800,0.48857142857142855
15801,0.7264957264957265
15802,0.2767527675276753
15803,0.04173354735152488
15804,0.021212121212121213
15805,0.04173354735152488
15806,0.021212121212121213
15807,0.38271604938271603
15808,0.11815561959654179
15809,0.008923742563547863
15810,0.9411764705882353
15811,0.3333333333333333
15812,0.027613412228796843
15813,0.008923742563547863
15814,0.008923742563547863
15815,0.027613412228796843
15816,0.04173354735152488
15817,0.027613412228796843
15818,0.04173354735152488
15819,0.027613412228796843
15820,0.027613412228796843
15821,0.48857142857142855
15822,0.04173354735152488
15823,0.27419354838709675
15824,0.008923742563547863
15825,0.008923742563547863
15826,0.008923742563547863
15827,0.20459081836327345
15828,0.008923742563547863
15829,0.20459081836327345
15830,0.901060070671378
15831,0.021212121212121213
15832,0.027613412228796843
15833,0.48857142857142855
15834,0.11815561959654179
15835,0.008923742563547863
15836,0.008923742563547863
15837,0.38271604938271603
15838,0.008923742563547863
15839,0.008923742563547863
15840,0.008923742563547863
15841,0.008923742563547863
15842,0.11815561959654179
15843,0.07417582417582418
15844,0.04173354735152488
15845,0.48857142857142855
15846,0.4431137724550898
15847,0.008923742563547863
15848,0.04173354735152488
15849,0.04173354735152488
15850,0.008923742563547863
15851,0.027613412228796843
15852,0.027613412228796843
15853,0.027613412228796843
15854,0.008923742563547863
15855,0.20459081836327345
15856,0.04173354735152488
15857,0.027613412228796843
15858,0.021212121212121213
15859,0.8596491228070176
15860,0.008923742563547863
15861,0.20459081836327345
15862,0.021212121212121213
15863,0.027613412228796843
15864,1.0
15865,0.04173354735152488
15866,0.04173354735152488
15867,0.20459081836327345
15868,0.008923742563547863
15869,0.008923742563547863
15870,0.008923742563547863
15871,0.008923742563547863
15872,0.20459081836327345
15873,0.48857142857142855
15874,0.008923742563547863
15875,0.027613412228796843
15876,0.008923742563547863
15877,0.008923742563547863
15878,0.20459081836327345
15879,0.7264957264957265
15880,0.008923742563547863
15881,0.04173354735152488
15882,0.1925133689839572
15883,0.04173354735152488
15884,0.021212121212121213
15885,0.027613412228796843
15886,0.7264957264957265
15887,0.008923742563547863
15888,0.20459081836327345
15889,0.07417582417582418
15890,0.027613412228796843
15891,0.9411764705882353
15892,0.008923742563547863
15893,0.20459081836327345
15894,0.008923742563547863
15895,0.008923742563547863
15896,0.20459081836327345
15897,0.7709251101321586
15898,0.027613412228796843
15899,0.008923742563547863
15900,0.48857142857142855
15901,0.48857142857142855
15902,0.008923742563547863
15903,0.7709251101321586
15904,0.008923742563547863
15905,0.11815561959654179
15906,0.027613412228796843
15907,0.20459081836327345
15908,0.2767527675276753
15909,0.20459081836327345
15910,0.008923742563547863
15911,0.2767527675276753
15912,0.008923742563547863
15913,0.008923742563547863
15914,0.04173354735152488
15915,0.04173354735152488
15916,0.027613412228796843
15917,0.008923742563547863
15918,0.008923742563547863
15919,0.20459081836327345
15920,0.11815561959654179
15921,0.04173354735152488
15922,0.008923742563547863
15923,0.008923742563547863
15924,0.04173354735152488
15925,0.008923742563547863
15926,0.027613412228796843
15927,0.901060070671378
15928,0.11815561959654179
15929,0.7709251101321586
15930,0.901060070671378
15931,0.04173354735152488
15932,0.07417582417582418
15933,0.7709251101321586
15934,0.008923742563547863
15935,0.008923742563547863
15936,0.008923742563547863
15937,0.008923742563547863
15938,0.04173354735152488
15939,0.027613412228796843
15940,0.20459081836327345
15941,0.20459081836327345
15942,0.008923742563547863
15943,0.027613412228796843
15944,0.008923742563547863
15945,0.008923742563547863
15946,0.04173354735152488
15947,0.008923742563547863
15948,0.7264957264957265
15949,0.9411764705882353
15950,0.008923742563547863
15951,0.027613412228796843
15952,0.994535519125683
15953,0.04173354735152488
15954,0.11815561959654179
15955,0.04173354735152488
15956,0.11815561959654179
15957,0.07417582417582418
15958,0.8596491228070176
15959,0.20459081836327345
15960,0.008923742563547863
15961,0.48857142857142855
15962,0.008923742563547863
15963,0.008923742563547863
15964,0.20459081836327345
15965,0.04173354735152488
15966,0.9411764705882353
15967,0.11815561959654179
15968,0.04173354735152488
15969,0.008923742563547863
15970,0.07417582417582418
15971,0.04173354735152488
15972,1.0
15973,0.008923742563547863
15974,0.04173354735152488
15975,0.027613412228796843
15976,0.008923742563547863
15977,0.008923742563547863
15978,0.04173354735152488
15979,0.008923742563547863
15980,0.008923742563547863
15981,0.008923742563547863
15982,0.008923742563547863
15983,0.027613412228796843
15984,0.027613412228796843
15985,0.20459081836327345
15986,0.04173354735152488
15987,0.008923742563547863
15988,0.008923742563547863
15989,0.04173354735152488
15990,0.7709251101321586
15991,0.008923742563547863
15992,0.994535519125683
15993,0.027613412228796843
15994,0.008923742563547863
15995,0.008923742563547863
15996,0.901060070671378
15997,0.20459081836327345
15998,0.021212121212121213
15999,0.027613412228796843
16000,0.20459081836327345
16001,0.027613412228796843
16002,0.008923742563547863
16003,0.008923742563547863
16004,0.021212121212121213
16005,0.1925133689839572
16006,0.027613412228796843
16007,0.1925133689839572
16008,0.008923742563547863
16009,0.7264957264957265
16010,0.008923742563547863
16011,0.48857142857142855
16012,0.027613412228796843
16013,0.008923742563547863
16014,0.027613412228796843
16015,0.04173354735152488
16016,0.48857142857142855
16017,0.20459081836327345
16018,0.07417582417582418
16019,0.20459081836327345
16020,0.008923742563547863
16021,0.008923742563547863
16022,0.008923742563547863
16023,0.04173354735152488
16024,0.027613412228796843
16025,0.021212121212121213
16026,0.7264957264957265
16027,0.027613412228796843
16028,0.04173354735152488
16029,0.008923742563547863
16030,0.027613412228796843
16031,0.07417582417582418
16032,0.7264957264957265
16033,0.20459081836327345
16034,0.48857142857142855
16035,0.027613412228796843
16036,0.20459081836327345
16037,0.20459081836327345
16038,0.20459081836327345
16039,0.04173354735152488
16040,0.20459081836327345
16041,1.0
16042,0.11815561959654179
16043,0.008923742563547863
16044,0.008923742563547863
16045,0.9411764705882353
16046,0.4431137724550898
16047,0.2767527675276753
16048,0.04173354735152488
16049,0.008923742563547863
16050,0.027613412228796843
16051,0.008923742563547863
16052,0.027613412228796843
16053,0.008923742563547863
16054,0.48857142857142855
16055,0.20459081836327345
16056,0.04173354735152488
16057,0.38271604938271603
16058,0.901060070671378
16059,0.20459081836327345
16060,0.04173354735152488
16061,0.027613412228796843
16062,0.008923742563547863
16063,0.008923742563547863
16064,0.008923742563547863
16065,0.008923742563547863
16066,0.008923742563547863
16067,0.008923742563547863
16068,0.04173354735152488
16069,0.027613412228796843
16070,0.38271604938271603
16071,0.027613412228796843
16072,0.008923742563547863
16073,0.48857142857142855
16074,0.027613412228796843
16075,0.38271604938271603
16076,0.20459081836327345
16077,0.38271604938271603
16078,0.7709251101321586
16079,0.38271604938271603
16080,0.021212121212121213
16081,0.008923742563547863
16082,0.04173354735152488
16083,0.027613412228796843
16084,0.008923742563547863
16085,0.008923742563547863
16086,0.9411764705882353
16087,0.008923742563547863
16088,0.008923742563547863
16089,0.008923742563547863
16090,0.9411764705882353
16091,0.48857142857142855
16092,0.04173354735152488
16093,0.04173354735152488
16094,0.48857142857142855
16095,0.38271604938271603
16096,0.027613412228796843
16097,0.1925133689839572
16098,0.04173354735152488
16099,0.38271604938271603
16100,0.008923742563547863
16101,0.04173354735152488
16102,0.04173354735152488
16103,0.008923742563547863
16104,0.008923742563547863
16105,0.901060070671378
16106,0.027613412228796843
16107,0.04173354735152488
16108,0.994535519125683
16109,0.1925133689839572
16110,0.008923742563547863
16111,0.04173354735152488
16112,0.027613412228796843
16113,0.04173354735152488
16114,0.021212121212121213
16115,1.0
16116,0.008923742563547863
16117,0.027613412228796843
16118,0.008923742563547863
16119,0.2767527675276753
16120,0.008923742563547863
16121,0.008923742563547863
16122,0.04173354735152488
16123,0.008923742563547863
16124,0.04173354735152488
16125,0.008923742563547863
16126,0.1925133689839572
16127,0.008923742563547863
16128,0.07417582417582418
16129,0.04173354735152488
16130,0.901060070671378
16131,0.04173354735152488
16132,0.04173354735152488
16133,1.0
16134,0.20459081836327345
16135,0.008923742563547863
16136,0.008923742563547863
16137,0.04173354735152488
16138,0.008923742563547863
16139,0.008923742563547863
16140,0.008923742563547863
16141,0.04173354735152488
16142,0.027613412228796843
16143,0.008923742563547863
16144,0.008923742563547863
16145,0.027613412228796843
16146,0.20459081836327345
16147,0.04173354735152488
16148,0.2767527675276753
16149,0.901060070671378
16150,0.20459081836327345
16151,0.04173354735152488
16152,0.8596491228070176
16153,0.7264957264957265
16154,0.008923742563547863
16155,0.2767527675276753
16156,0.008923742563547863
16157,0.20459081836327345
16158,0.2767527675276753
16159,0.4431137724550898
16160,0.4431137724550898
16161,0.20459081836327345
16162,0.008923742563547863
16163,0.008923742563547863
16164,0.7709251101321586
16165,0.008923742563547863
16166,0.008923742563547863
16167,0.48857142857142855
16168,0.027613412228796843
16169,0.027613412228796843
16170,0.008923742563547863
16171,0.04173354735152488
16172,0.027613412228796843
16173,0.48857142857142855
16174,0.07417582417582418
16175,0.027613412228796843
16176,0.008923742563547863
16177,0.7709251101321586
16178,0.008923742563547863
16179,0.2767527675276753
16180,0.008923742563547863
16181,0.008923742563547863
16182,0.04173354735152488
16183,0.008923742563547863
16184,0.021212121212121213
16185,0.04173354735152488
16186,0.901060070671378
16187,0.04173354735152488
16188,0.027613412228796843
16189,0.04173354735152488
16190,0.008923742563547863
16191,0.7264957264957265
16192,0.994535519125683
16193,0.4431137724550898
16194,1.0
16195,0.04173354735152488
16196,0.20459081836327345
16197,0.04173354735152488
16198,0.04173354735152488
16199,0.027613412228796843
16200,0.008923742563547863
16201,0.04173354735152488
16202,0.20459081836327345
16203,0.38271604938271603
16204,0.027613412228796843
16205,0.48857142857142855
16206,0.008923742563547863
16207,0.04173354735152488
16208,0.20459081836327345
16209,0.11815561959654179
16210,0.20459081836327345
16211,0.11815561959654179
16212,0.021212121212121213
16213,0.07417582417582418
16214,0.20459081836327345
16215,0.027613412228796843
16216,0.20459081836327345
16217,0.4431137724550898
16218,0.07417582417582418
16219,0.027613412228796843
16220,0.021212121212121213
16221,0.20459081836327345
16222,0.27419354838709675
16223,0.9411764705882353
16224,0.008923742563547863
16225,0.20459081836327345
16226,0.04173354735152488
16227,0.008923742563547863
16228,0.04173354735152488
16229,0.11815561959654179
16230,0.027613412228796843
16231,0.4431137724550898
16232,0.8596491228070176
16233,0.38271604938271603
16234,0.901060070671378
16235,0.008923742563547863
16236,0.11815561959654179
16237,0.8596491228070176
16238,0.1925133689839572
16239,0.04173354735152488
16240,0.20459081836327345
16241,0.04173354735152488
16242,0.008923742563547863
16243,0.2767527675276753
16244,0.20459081836327345
16245,0.04173354735152488
16246,0.021212121212121213
16247,0.008923742563547863
16248,0.901060070671378
16249,0.04173354735152488
16250,0.7709251101321586
16251,0.48857142857142855
16252,0.008923742563547863
16253,0.027613412228796843
16254,0.008923742563547863
16255,0.07417582417582418
16256,0.04173354735152488
16257,0.008923742563547863
16258,0.027613412228796843
16259,0.04173354735152488
16260,0.008923742563547863
16261,0.20459081836327345
16262,0.04173354735152488
16263,0.1925133689839572
16264,0.008923742563547863
16265,0.008923742563547863
16266,0.7709251101321586
16267,0.008923742563547863
16268,0.04173354735152488
16269,0.008923742563547863
16270,0.20459081836327345
16271,0.008923742563547863
16272,0.20459081836327345
16273,0.04173354735152488
16274,0.20459081836327345
16275,0.008923742563547863
16276,0.20459081836327345
16277,0.9411764705882353
16278,0.008923742563547863
16279,0.20459081836327345
16280,0.008923742563547863
16281,0.48857142857142855
16282,0.027613412228796843
16283,0.008923742563547863
16284,0.27419354838709675
16285,0.021212121212121213
16286,0.008923742563547863
16287,0.027613412228796843
16288,0.04173354735152488
16289,0.04173354735152488
16290,0.008923742563547863
16291,0.008923742563547863
16292,0.7709251101321586
16293,0.38271604938271603
16294,0.027613412228796843
16295,0.20459081836327345
16296,0.008923742563547863
16297,0.7264957264957265
16298,0.008923742563547863
16299,0.7264957264957265
16300,0.027613412228796843
16301,0.04173354735152488
16302,0.48857142857142855
16303,0.027613412228796843
16304,0.008923742563547863
16305,0.20459081836327345
16306,0.027613412228796843
16307,0.9411764705882353
16308,0.008923742563547863
16309,1.0
16310,0.20459081836327345
16311,0.04173354735152488
16312,0.38271604938271603
16313,1.0
16314,0.008923742563547863
16315,0.04173354735152488
16316,0.901060070671378
16317,0.027613412228796843
16318,0.008923742563547863
16319,0.48857142857142855
16320,0.04173354735152488
16321,0.027613412228796843
16322,0.07417582417582418
16323,0.008923742563547863
16324,0.008923742563547863
16325,0.027613412228796843
16326,0.04173354735152488
16327,0.008923742563547863
16328,0.8596491228070176
16329,0.20459081836327345
16330,0.07417582417582418
16331,0.008923742563547863
16332,0.04173354735152488
16333,0.008923742563547863
16334,0.008923742563547863
16335,0.07417582417582418
16336,0.20459081836327345
16337,0.008923742563547863
16338,0.04173354735152488
16339,0.027613412228796843
16340,0.008923742563547863
16341,0.38271604938271603
16342,0.008923742563547863
16343,0.20459081836327345
16344,0.04173354735152488
16345,0.008923742563547863
16346,1.0
16347,0.008923742563547863
16348,0.008923742563547863
16349,0.04173354735152488
16350,0.04173354735152488
16351,0.027613412228796843
16352,0.008923742563547863
16353,0.008923742563547863
16354,0.20459081836327345
16355,0.48857142857142855
16356,0.967032967032967
16357,0.9411764705882353
16358,0.008923742563547863
16359,0.04173354735152488
16360,0.008923742563547863
16361,0.7709251101321586
16362,0.20459081836327345
16363,0.008923742563547863
16364,0.008923742563547863
16365,0.20459081836327345
16366,0.48857142857142855
16367,0.04173354735152488
16368,0.901060070671378
16369,0.2767527675276753
16370,0.48857142857142855
16371,0.04173354735152488
16372,0.008923742563547863
16373,0.20459081836327345
16374,0.04173354735152488
16375,0.008923742563547863
16376,0.04173354735152488
16377,0.38271604938271603
16378,0.008923742563547863
16379,0.1925133689839572
16380,0.48857142857142855
16381,0.04173354735152488
16382,0.021212121212121213
16383,0.008923742563547863
16384,0.04173354735152488
16385,0.027613412228796843
16386,0.2767527675276753
16387,0.008923742563547863
16388,0.008923742563547863
16389,0.9411764705882353
16390,0.04173354735152488
16391,0.20459081836327345
16392,0.008923742563547863
16393,0.008923742563547863
16394,0.008923742563547863
16395,0.027613412228796843
16396,0.20459081836327345
16397,0.027613412228796843
16398,0.7709251101321586
16399,0.008923742563547863
16400,0.20459081836327345
16401,0.027613412228796843
16402,0.9411764705882353
16403,0.008923742563547863
16404,0.008923742563547863
16405,0.027613412228796843
16406,0.7709251101321586
16407,0.48857142857142855
16408,0.48857142857142855
16409,0.27419354838709675
16410,0.20459081836327345
16411,0.008923742563547863
16412,0.994535519125683
16413,0.9411764705882353
16414,0.027613412228796843
16415,0.008923742563547863
16416,0.008923742563547863
16417,0.027613412228796843
16418,0.008923742563547863
16419,0.027613412228796843
16420,0.04173354735152488
16421,0.04173354735152488
16422,0.008923742563547863
16423,0.38271604938271603
16424,0.008923742563547863
16425,0.027613412228796843
16426,0.027613412228796843
16427,0.008923742563547863
16428,0.027613412228796843
16429,0.7264957264957265
16430,0.008923742563547863
16431,0.04173354735152488
16432,0.20459081836327345
16433,0.20459081836327345
16434,0.48857142857142855
16435,0.008923742563547863
16436,0.008923742563547863
16437,0.008923742563547863
16438,0.04173354735152488
16439,0.04173354735152488
16440,0.008923742563547863
16441,0.027613412228796843
16442,0.04173354735152488
16443,0.027613412228796843
16444,0.2767527675276753
16445,0.04173354735152488
16446,0.11815561959654179
16447,0.07417582417582418
16448,0.04173354735152488
16449,0.008923742563547863
16450,0.008923742563547863
16451,0.04173354735152488
16452,0.901060070671378
16453,0.07417582417582418
16454,0.2767527675276753
16455,0.04173354735152488
16456,0.008923742563547863
16457,0.38271604938271603
16458,0.008923742563547863
16459,0.008923742563547863
16460,0.008923742563547863
16461,0.027613412228796843
16462,0.008923742563547863
16463,0.7264957264957265
16464,0.008923742563547863
16465,0.008923742563547863
16466,0.04173354735152488
16467,0.008923742563547863
16468,0.38271604938271603
16469,0.008923742563547863
16470,0.008923742563547863
16471,0.2767527675276753
16472,0.04173354735152488
16473,0.008923742563547863
16474,0.008923742563547863
16475,0.901060070671378
16476,0.994535519125683
16477,0.008923742563547863
16478,0.008923742563547863
16479,0.008923742563547863
16480,0.008923742563547863
16481,0.04173354735152488
16482,0.008923742563547863
16483,0.901060070671378
16484,0.20459081836327345
16485,0.008923742563547863
16486,0.008923742563547863
16487,0.008923742563547863
16488,0.027613412228796843
16489,0.994535519125683
16490,0.027613412228796843
16491,0.008923742563547863
16492,0.4431137724550898
16493,0.027613412228796843
16494,0.48857142857142855
16495,0.008923742563547863
16496,0.008923742563547863
16497,0.20459081836327345
16498,0.1925133689839572
16499,0.04173354735152488
16500,0.04173354735152488
16501,0.008923742563547863
16502,0.04173354735152488
16503,0.027613412228796843
16504,0.021212121212121213
16505,0.008923742563547863
16506,0.027613412228796843
16507,0.04173354735152488
16508,0.07417582417582418
16509,0.11815561959654179
16510,0.967032967032967
16511,0.20459081836327345
16512,0.008923742563547863
16513,0.008923742563547863
16514,0.20459081836327345
16515,0.04173354735152488
16516,0.008923742563547863
16517,0.20459081836327345
16518,0.07417582417582418
16519,0.008923742563547863
16520,0.021212121212121213
16521,0.008923742563547863
16522,0.027613412228796843
16523,0.48857142857142855
16524,0.027613412228796843
16525,0.2767527675276753
16526,0.04173354735152488
16527,0.008923742563547863
16528,0.7264957264957265
16529,0.11815561959654179
16530,0.008923742563547863
16531,0.008923742563547863
16532,0.7264957264957265
16533,0.008923742563547863
16534,0.04173354735152488
16535,0.027613412228796843
16536,0.008923742563547863
16537,0.008923742563547863
16538,0.021212121212121213
16539,0.04173354735152488
16540,0.20459081836327345
16541,0.008923742563547863
16542,0.008923742563547863
16543,0.2767527675276753
16544,0.1925133689839572
16545,0.4431137724550898
16546,0.008923742563547863
16547,0.04173354735152488
16548,0.7709251101321586
16549,0.027613412228796843
16550,0.20459081836327345
16551,0.008923742563547863
16552,0.008923742563547863
16553,0.008923742563547863
16554,0.04173354735152488
16555,0.027613412228796843
16556,0.2767527675276753
16557,0.901060070671378
16558,0.027613412228796843
16559,0.04173354735152488
16560,0.027613412228796843
16561,0.04173354735152488
16562,0.027613412228796843
16563,0.008923742563547863
16564,0.04173354735152488
16565,0.9411764705882353
16566,0.7709251101321586
16567,0.4431137724550898
16568,0.48857142857142855
16569,0.027613412228796843
16570,0.04173354735152488
16571,0.20459081836327345
16572,0.008923742563547863
16573,0.008923742563547863
16574,0.48857142857142855
16575,0.008923742563547863
16576,0.11815561959654179
16577,0.04173354735152488
16578,0.008923742563547863
16579,0.04173354735152488
16580,0.008923742563547863
16581,0.021212121212121213
16582,0.20459081836327345
16583,0.027613412228796843
16584,0.008923742563547863
16585,0.008923742563547863
16586,0.48857142857142855
16587,0.20459081836327345
16588,0.7264957264957265
16589,0.008923742563547863
16590,0.901060070671378
16591,0.008923742563547863
16592,0.9411764705882353
16593,0.20459081836327345
16594,0.7709251101321586
16595,0.027613412228796843
16596,0.008923742563547863
16597,0.48857142857142855
16598,0.2767527675276753
16599,0.04173354735152488
16600,0.48857142857142855
16601,0.008923742563547863
16602,0.04173354735152488
16603,0.008923742563547863
16604,0.11815561959654179
16605,0.027613412228796843
16606,0.04173354735152488
16607,0.04173354735152488
16608,0.7264957264957265
16609,0.7264957264957265
16610,0.20459081836327345
16611,0.008923742563547863
16612,0.008923742563547863
16613,0.008923742563547863
16614,0.4431137724550898
16615,0.008923742563547863
16616,0.20459081836327345
16617,0.04173354735152488
16618,0.008923742563547863
16619,0.04173354735152488
16620,0.027613412228796843
16621,0.9411764705882353
16622,0.38271604938271603
16623,0.11815561959654179
16624,0.38271604938271603
16625,0.008923742563547863
16626,0.008923742563547863
16627,0.07417582417582418
16628,0.008923742563547863
16629,0.04173354735152488
16630,0.021212121212121213
16631,0.38271604938271603
16632,0.11815561959654179
16633,0.04173354735152488
16634,0.008923742563547863
16635,0.901060070671378
16636,0.027613412228796843
16637,0.027613412228796843
16638,0.027613412228796843
16639,0.008923742563547863
16640,0.48857142857142855
16641,0.027613412228796843
16642,0.008923742563547863
16643,0.027613412228796843
16644,0.027613412228796843
16645,0.021212121212121213
16646,0.027613412228796843
16647,0.027613412228796843
16648,0.04173354735152488
16649,0.1925133689839572
16650,0.008923742563547863
16651,0.008923742563547863
16652,0.04173354735152488
16653,0.008923742563547863
16654,0.008923742563547863
16655,0.008923742563547863
16656,0.7709251101321586
16657,0.04173354735152488
16658,0.008923742563547863
16659,0.008923742563547863
16660,0.901060070671378
16661,0.04173354735152488
16662,0.04173354735152488
16663,0.027613412228796843
16664,0.008923742563547863
16665,0.07417582417582418
16666,0.027613412228796843
16667,0.021212121212121213
16668,0.8596491228070176
16669,0.008923742563547863
16670,0.008923742563547863
16671,0.008923742563547863
16672,0.1925133689839572
16673,0.38271604938271603
16674,0.008923742563547863
16675,0.1925133689839572
16676,0.027613412228796843
16677,0.008923742563547863
16678,0.008923742563547863
16679,0.008923742563547863
16680,0.008923742563547863
16681,0.027613412228796843
16682,0.20459081836327345
16683,0.07417582417582418
16684,0.008923742563547863
16685,0.07417582417582418
16686,0.48857142857142855
16687,0.008923742563547863
16688,0.38271604938271603
16689,0.04173354735152488
16690,1.0
16691,0.04173354735152488
16692,0.008923742563547863
16693,0.04173354735152488
16694,0.008923742563547863
16695,0.008923742563547863
16696,0.008923742563547863
16697,0.008923742563547863
16698,0.027613412228796843
16699,0.027613412228796843
16700,0.027613412228796843
16701,0.901060070671378
16702,0.008923742563547863
16703,0.008923742563547863
16704,0.027613412228796843
16705,0.20459081836327345
16706,0.027613412228796843
16707,0.48857142857142855
16708,0.027613412228796843
16709,0.008923742563547863
16710,0.11815561959654179
16711,0.48857142857142855
16712,0.008923742563547863
16713,0.38271604938271603
16714,0.021212121212121213
16715,0.38271604938271603
16716,0.027613412228796843
16717,0.027613412228796843
16718,0.7264957264957265
16719,0.901060070671378
16720,0.008923742563547863
16721,0.2767527675276753
16722,0.20459081836327345
16723,0.008923742563547863
16724,0.021212121212121213
16725,0.008923742563547863
16726,0.008923742563547863
16727,1.0
16728,0.4431137724550898
16729,0.11815561959654179
16730,0.008923742563547863
16731,0.008923742563547863
16732,0.38271604938271603
16733,0.027613412228796843
16734,0.04173354735152488
16735,0.11815561959654179
16736,0.8596491228070176
16737,0.11815561959654179
16738,0.008923742563547863
16739,0.967032967032967
16740,0.008923742563547863
16741,0.008923742563547863
16742,0.7709251101321586
16743,0.008923742563547863
16744,0.20459081836327345
16745,0.008923742563547863
16746,0.008923742563547863
16747,0.008923742563547863
16748,0.2767527675276753
16749,0.008923742563547863
16750,0.008923742563547863
16751,0.021212121212121213
16752,0.2767527675276753
16753,0.008923742563547863
16754,0.11815561959654179
16755,0.008923742563547863
16756,0.04173354735152488
16757,0.008923742563547863
16758,0.008923742563547863
16759,0.07417582417582418
16760,0.008923742563547863
16761,0.027613412228796843
16762,0.021212121212121213
16763,0.027613412228796843
16764,0.38271604938271603
16765,0.008923742563547863
16766,0.008923742563547863
16767,0.008923742563547863
16768,0.04173354735152488
16769,0.027613412228796843
16770,0.38271604938271603
16771,0.008923742563547863
16772,0.20459081836327345
16773,0.008923742563547863
16774,0.008923742563547863
16775,0.008923742563547863
16776,0.04173354735152488
16777,0.27419354838709675
16778,0.2767527675276753
16779,0.008923742563547863
16780,0.20459081836327345
16781,0.04173354735152488
16782,0.38271604938271603
16783,0.008923742563547863
16784,0.07417582417582418
16785,0.008923742563547863
16786,0.04173354735152488
16787,0.008923742563547863
16788,0.027613412228796843
16789,0.48857142857142855
16790,0.20459081836327345
16791,0.008923742563547863
16792,0.027613412228796843
16793,0.027613412228796843
16794,0.027613412228796843
16795,0.48857142857142855
16796,0.021212121212121213
16797,0.027613412228796843
16798,0.04173354735152488
16799,0.027613412228796843
16800,0.04173354735152488
16801,0.04173354735152488
16802,0.04173354735152488
16803,0.008923742563547863
16804,0.07417582417582418
16805,0.008923742563547863
16806,0.008923742563547863
16807,0.2767527675276753
16808,0.008923742563547863
16809,0.008923742563547863
16810,0.008923742563547863
16811,0.008923742563547863
16812,0.20459081836327345
16813,0.04173354735152488
16814,0.027613412228796843
16815,0.04173354735152488
16816,0.04173354735152488
16817,0.04173354735152488
16818,0.48857142857142855
16819,1.0
16820,0.04173354735152488
16821,0.994535519125683
16822,0.008923742563547863
16823,0.008923742563547863
16824,0.901060070671378
16825,0.021212121212121213
16826,0.008923742563547863
16827,0.008923742563547863
16828,0.008923742563547863
16829,0.994535519125683
16830,0.38271604938271603
16831,0.9411764705882353
16832,0.38271604938271603
16833,0.7264957264957265
16834,0.027613412228796843
16835,0.027613412228796843
16836,0.07417582417582418
16837,0.20459081836327345
16838,0.04173354735152488
16839,0.38271604938271603
16840,0.994535519125683
16841,0.008923742563547863
16842,0.1925133689839572
16843,0.20459081836327345
16844,0.901060070671378
16845,0.027613412228796843
16846,0.901060070671378
16847,0.3333333333333333
16848,0.7709251101321586
16849,0.2767527675276753
16850,0.994535519125683
16851,0.008923742563547863
16852,0.008923742563547863
16853,0.20459081836327345
16854,0.48857142857142855
16855,0.008923742563547863
16856,0.2767527675276753
16857,0.48857142857142855
16858,0.48857142857142855
16859,0.027613412228796843
16860,0.20459081836327345
16861,0.008923742563547863
16862,0.008923742563547863
16863,0.008923742563547863
16864,0.20459081836327345
16865,0.04173354735152488
16866,0.027613412228796843
16867,0.008923742563547863
16868,0.48857142857142855
16869,0.008923742563547863
16870,0.1925133689839572
16871,0.4431137724550898
16872,0.008923742563547863
16873,0.008923742563547863
16874,0.008923742563547863
16875,0.7264957264957265
16876,0.008923742563547863
16877,0.027613412228796843
16878,0.008923742563547863
16879,0.008923742563547863
16880,0.20459081836327345
16881,0.008923742563547863
16882,0.008923742563547863
16883,0.20459081836327345
16884,0.027613412228796843
16885,0.008923742563547863
16886,0.021212121212121213
16887,0.1925133689839572
16888,0.008923742563547863
16889,0.11815561959654179
16890,0.4431137724550898
16891,0.008923742563547863
16892,0.027613412228796843
16893,0.027613412228796843
16894,0.11815561959654179
16895,0.20459081836327345
16896,0.1925133689839572
16897,0.11815561959654179
16898,0.20459081836327345
16899,0.04173354735152488
16900,0.008923742563547863
16901,0.008923742563547863
16902,0.9411764705882353
16903,0.008923742563547863
16904,0.4431137724550898
16905,0.008923742563547863
16906,0.1925133689839572
16907,0.008923742563547863
16908,0.008923742563547863
16909,0.008923742563547863
16910,0.008923742563547863
16911,0.027613412228796843
16912,0.008923742563547863
16913,0.008923742563547863
16914,0.008923742563547863
16915,0.20459081836327345
16916,0.008923742563547863
16917,0.20459081836327345
16918,0.48857142857142855
16919,0.008923742563547863
16920,0.027613412228796843
16921,0.008923742563547863
16922,0.008923742563547863
16923,0.20459081836327345
16924,0.027613412228796843
16925,0.20459081836327345
16926,0.20459081836327345
16927,0.008923742563547863
16928,0.7709251101321586
16929,0.901060070671378
16930,0.008923742563547863
16931,0.7709251101321586
16932,0.20459081836327345
16933,0.008923742563547863
16934,0.027613412228796843
16935,0.008923742563547863
16936,0.994535519125683
16937,0.027613412228796843
16938,0.008923742563547863
16939,0.008923742563547863
16940,0.04173354735152488
16941,0.008923742563547863
16942,0.20459081836327345
16943,0.994535519125683
16944,0.008923742563547863
16945,0.008923742563547863
16946,0.11815561959654179
16947,0.20459081836327345
16948,0.20459081836327345
16949,1.0
16950,0.04173354735152488
16951,0.9411764705882353
16952,0.04173354735152488
16953,0.027613412228796843
16954,0.07417582417582418
16955,0.008923742563547863
16956,0.20459081836327345
16957,0.2767527675276753
16958,0.027613412228796843
16959,0.008923742563547863
16960,0.07417582417582418
16961,0.008923742563547863
16962,0.008923742563547863
16963,0.008923742563547863
16964,0.008923742563547863
16965,0.008923742563547863
16966,0.9411764705882353
16967,0.07417582417582418
16968,0.901060070671378
16969,0.008923742563547863
16970,0.008923742563547863
16971,0.38271604938271603
16972,0.901060070671378
16973,0.38271604938271603
16974,0.027613412228796843
16975,0.008923742563547863
16976,0.021212121212121213
16977,0.021212121212121213
16978,0.20459081836327345
16979,0.008923742563547863
16980,0.9411764705882353
16981,0.7264957264957265
16982,0.994535519125683
16983,0.994535519125683
16984,0.027613412228796843
16985,0.008923742563547863
16986,0.008923742563547863
16987,0.027613412228796843
16988,0.008923742563547863
16989,0.48857142857142855
16990,0.027613412228796843
16991,0.021212121212121213
16992,0.4431137724550898
16993,0.008923742563547863
16994,0.2767527675276753
16995,0.008923742563547863
16996,0.008923742563547863
16997,0.021212121212121213
16998,0.7709251101321586
16999,0.008923742563547863
17000,0.008923742563547863
17001,0.008923742563547863
17002,0.07417582417582418
17003,0.38271604938271603
17004,0.20459081836327345
17005,0.04173354735152488
17006,0.20459081836327345
17007,0.20459081836327345
17008,0.008923742563547863
17009,0.7264957264957265
17010,0.11815561959654179
17011,0.008923742563547863
17012,0.008923742563547863
17013,0.008923742563547863
17014,0.48857142857142855
17015,0.04173354735152488
17016,0.027613412228796843
17017,0.04173354735152488
17018,0.008923742563547863
17019,0.008923742563547863
17020,0.04173354735152488
17021,0.04173354735152488
17022,0.11815561959654179
17023,0.901060070671378
17024,0.008923742563547863
17025,0.027613412228796843
17026,0.008923742563547863
17027,0.027613412228796843
17028,0.38271604938271603
17029,0.008923742563547863
17030,0.008923742563547863
17031,0.008923742563547863
17032,0.38271604938271603
17033,0.07417582417582418
17034,0.027613412228796843
17035,0.008923742563547863
17036,0.027613412228796843
17037,0.008923742563547863
17038,0.04173354735152488
17039,0.008923742563547863
17040,0.008923742563547863
17041,0.008923742563547863
17042,0.9411764705882353
17043,0.20459081836327345
17044,0.008923742563547863
17045,0.20459081836327345
17046,0.38271604938271603
17047,0.008923742563547863
17048,0.20459081836327345
17049,0.008923742563547863
17050,0.11815561959654179
17051,0.901060070671378
17052,0.04173354735152488
17053,0.9411764705882353
17054,0.027613412228796843
17055,0.027613412228796843
17056,0.04173354735152488
17057,0.008923742563547863
17058,0.008923742563547863
17059,0.027613412228796843
17060,0.2767527675276753
17061,0.994535519125683
17062,0.008923742563547863
17063,0.021212121212121213
17064,0.4431137724550898
17065,0.008923742563547863
17066,0.7709251101321586
17067,0.48857142857142855
17068,0.38271604938271603
17069,0.11815561959654179
17070,0.04173354735152488
17071,0.7264957264957265
17072,0.008923742563547863
17073,0.027613412228796843
17074,0.04173354735152488
17075,0.04173354735152488
17076,0.008923742563547863
17077,0.48857142857142855
17078,0.04173354735152488
17079,0.20459081836327345
17080,0.04173354735152488
17081,0.008923742563547863
17082,0.027613412228796843
17083,0.20459081836327345
17084,0.20459081836327345
17085,0.901060070671378
17086,0.07417582417582418
17087,0.20459081836327345
17088,0.008923742563547863
17089,0.027613412228796843
17090,0.008923742563547863
17091,0.008923742563547863
17092,0.1925133689839572
17093,0.04173354735152488
17094,0.04173354735152488
17095,0.901060070671378
17096,0.04173354735152488
17097,0.27419354838709675
17098,0.027613412228796843
17099,0.027613412228796843
17100,0.4431137724550898
17101,0.11815561959654179
17102,0.7264957264957265
17103,0.008923742563547863
17104,0.027613412228796843
17105,0.20459081836327345
17106,0.008923742563547863
17107,0.38271604938271603
17108,0.11815561959654179
17109,0.027613412228796843
17110,0.008923742563547863
17111,0.008923742563547863
17112,0.20459081836327345
17113,0.04173354735152488
17114,0.008923742563547863
17115,0.38271604938271603
17116,0.20459081836327345
17117,0.008923742563547863
17118,0.04173354735152488
17119,0.027613412228796843
17120,0.20459081836327345
17121,0.021212121212121213
17122,0.48857142857142855
17123,0.04173354735152488
17124,0.994535519125683
17125,0.008923742563547863
17126,0.20459081836327345
17127,0.04173354735152488
17128,0.7264957264957265
17129,0.027613412228796843
17130,0.04173354735152488
17131,0.04173354735152488
17132,0.2767527675276753
17133,0.04173354735152488
17134,0.20459081836327345
17135,0.04173354735152488
17136,0.027613412228796843
17137,0.04173354735152488
17138,0.994535519125683
17139,0.48857142857142855
17140,0.027613412228796843
17141,0.04173354735152488
17142,0.027613412228796843
17143,0.04173354735152488
17144,0.008923742563547863
17145,0.027613412228796843
17146,0.1925133689839572
17147,0.07417582417582418
17148,0.04173354735152488
17149,0.04173354735152488
17150,0.027613412228796843
17151,0.1925133689839572
17152,0.07417582417582418
17153,0.008923742563547863
17154,0.027613412228796843
17155,0.008923742563547863
17156,0.04173354735152488
17157,0.021212121212121213
17158,0.20459081836327345
17159,0.04173354735152488
17160,0.027613412228796843
17161,0.20459081836327345
17162,0.008923742563547863
17163,0.48857142857142855
17164,0.008923742563547863
17165,0.008923742563547863
17166,0.04173354735152488
17167,0.027613412228796843
17168,0.021212121212121213
17169,0.48857142857142855
17170,0.008923742563547863
17171,0.008923742563547863
17172,0.20459081836327345
17173,0.11815561959654179
17174,0.11815561959654179
17175,0.4431137724550898
17176,0.04173354735152488
17177,0.48857142857142855
17178,0.07417582417582418
17179,0.48857142857142855
17180,0.04173354735152488
17181,0.2767527675276753
17182,0.04173354735152488
17183,0.11815561959654179
17184,0.04173354735152488
17185,0.008923742563547863
17186,0.008923742563547863
17187,0.021212121212121213
17188,0.38271604938271603
17189,0.027613412228796843
17190,0.38271604938271603
17191,0.04173354735152488
17192,0.008923742563547863
17193,0.008923742563547863
17194,0.008923742563547863
17195,0.027613412228796843
17196,0.008923742563547863
17197,0.008923742563547863
17198,0.20459081836327345
17199,0.9411764705882353
17200,0.20459081836327345
17201,0.1925133689839572
17202,0.20459081836327345
17203,0.027613412228796843
17204,1.0
17205,0.027613412228796843
17206,0.008923742563547863
17207,0.04173354735152488
17208,0.021212121212121213
17209,0.008923742563547863
17210,0.008923742563547863
17211,0.008923742563547863
17212,0.027613412228796843
17213,0.20459081836327345
17214,0.2767527675276753
17215,0.994535519125683
17216,0.008923742563547863
17217,0.48857142857142855
17218,0.20459081836327345
17219,0.11815561959654179
17220,0.008923742563547863
17221,0.008923742563547863
17222,0.07417582417582418
17223,0.027613412228796843
17224,0.20459081836327345
17225,0.967032967032967
17226,0.027613412228796843
17227,0.008923742563547863
17228,0.008923742563547863
17229,0.04173354735152488
17230,0.04173354735152488
17231,0.021212121212121213
17232,0.008923742563547863
17233,0.04173354735152488
17234,0.008923742563547863
17235,0.04173354735152488
17236,0.008923742563547863
17237,0.008923742563547863
17238,0.38271604938271603
17239,0.008923742563547863
17240,0.008923742563547863
17241,0.008923742563547863
17242,0.008923742563547863
17243,0.04173354735152488
17244,0.48857142857142855
17245,0.021212121212121213
17246,0.008923742563547863
17247,0.008923742563547863
17248,0.027613412228796843
17249,0.027613412228796843
17250,0.7264957264957265
17251,0.38271604938271603
17252,0.04173354735152488
17253,0.04173354735152488
17254,0.04173354735152488
17255,0.008923742563547863
17256,0.027613412228796843
17257,0.901060070671378
17258,0.2767527675276753
17259,0.901060070671378
17260,0.11815561959654179
17261,0.04173354735152488
17262,0.04173354735152488
17263,0.027613412228796843
17264,0.48857142857142855
17265,0.008923742563547863
17266,0.008923742563547863
17267,0.04173354735152488
17268,0.07417582417582418
17269,0.20459081836327345
17270,0.008923742563547863
17271,0.20459081836327345
17272,0.1925133689839572
17273,0.901060070671378
17274,0.008923742563547863
17275,0.2767527675276753
17276,0.04173354735152488
17277,0.027613412228796843
17278,0.11815561959654179
17279,0.901060070671378
17280,0.008923742563547863
17281,0.027613412228796843
17282,0.04173354735152488
17283,0.48857142857142855
17284,0.07417582417582418
17285,0.04173354735152488
17286,0.04173354735152488
17287,0.7709251101321586
17288,0.008923742563547863
17289,0.20459081836327345
17290,0.008923742563547863
17291,0.008923742563547863
17292,0.20459081836327345
17293,0.4431137724550898
17294,0.48857142857142855
17295,0.04173354735152488
17296,0.008923742563547863
17297,0.008923742563547863
17298,0.021212121212121213
17299,0.04173354735152488
17300,0.027613412228796843
17301,0.7709251101321586
17302,0.027613412228796843
17303,0.1925133689839572
17304,0.20459081836327345
17305,0.008923742563547863
17306,0.04173354735152488
17307,0.04173354735152488
17308,0.027613412228796843
17309,0.9411764705882353
17310,0.48857142857142855
17311,0.20459081836327345
17312,0.9411764705882353
17313,0.8596491228070176
17314,0.008923742563547863
17315,0.2767527675276753
17316,0.20459081836327345
17317,0.008923742563547863
17318,0.021212121212121213
17319,0.008923742563547863
17320,1.0
17321,0.20459081836327345
17322,0.04173354735152488
17323,0.994535519125683
17324,0.008923742563547863
17325,0.008923742563547863
17326,0.04173354735152488
17327,0.008923742563547863
17328,0.48857142857142855
17329,0.008923742563547863
17330,0.008923742563547863
17331,0.07417582417582418
17332,0.20459081836327345
17333,0.27419354838709675
17334,0.48857142857142855
17335,0.04173354735152488
17336,0.008923742563547863
17337,0.48857142857142855
17338,0.027613412228796843
17339,0.008923742563547863
17340,0.07417582417582418
17341,0.20459081836327345
17342,0.38271604938271603
17343,0.008923742563547863
17344,0.9411764705882353
17345,0.20459081836327345
17346,0.20459081836327345
17347,0.7264957264957265
17348,0.48857142857142855
17349,0.008923742563547863
17350,0.008923742563547863
17351,0.04173354735152488
17352,0.04173354735152488
17353,0.11815561959654179
17354,0.07417582417582418
17355,0.20459081836327345
17356,0.7264957264957265
17357,0.027613412228796843
17358,0.008923742563547863
17359,0.1925133689839572
17360,0.07417582417582418
17361,0.027613412228796843
17362,0.4431137724550898
17363,1.0
17364,0.008923742563547863
17365,0.008923742563547863
17366,0.027613412228796843
17367,0.008923742563547863
17368,0.027613412228796843
17369,0.008923742563547863
17370,0.008923742563547863
17371,0.994535519125683
17372,0.027613412228796843
17373,0.008923742563547863
17374,0.008923742563547863
17375,0.04173354735152488
17376,0.38271604938271603
17377,0.48857142857142855
17378,0.027613412228796843
17379,0.994535519125683
17380,0.008923742563547863
17381,0.008923742563547863
17382,0.008923742563547863
17383,0.04173354735152488
17384,0.008923742563547863
17385,0.2767527675276753
17386,0.008923742563547863
17387,0.20459081836327345
17388,0.04173354735152488
17389,0.008923742563547863
17390,0.967032967032967
17391,0.7264957264957265
17392,0.20459081836327345
17393,0.20459081836327345
17394,0.7264957264957265
17395,0.20459081836327345
17396,0.07417582417582418
17397,0.07417582417582418
17398,0.9411764705882353
17399,0.027613412228796843
17400,0.04173354735152488
17401,0.008923742563547863
17402,0.027613412228796843
17403,0.4431137724550898
17404,0.027613412228796843
17405,0.4431137724550898
17406,0.008923742563547863
17407,0.008923742563547863
17408,0.20459081836327345
17409,0.021212121212121213
17410,0.04173354735152488
17411,0.008923742563547863
17412,0.04173354735152488
17413,0.027613412228796843
17414,0.20459081836327345
17415,0.04173354735152488
17416,0.008923742563547863
17417,0.04173354735152488
17418,0.38271604938271603
17419,0.04173354735152488
17420,0.008923742563547863
17421,0.9411764705882353
17422,0.04173354735152488
17423,0.008923742563547863
17424,0.48857142857142855
17425,0.008923742563547863
17426,0.20459081836327345
17427,0.008923742563547863
17428,0.11815561959654179
17429,0.04173354735152488
17430,0.008923742563547863
17431,0.04173354735152488
17432,0.20459081836327345
17433,1.0
17434,0.008923742563547863
17435,0.04173354735152488
17436,0.901060070671378
17437,0.901060070671378
17438,0.027613412228796843
17439,0.008923742563547863
17440,0.04173354735152488
17441,0.008923742563547863
17442,0.008923742563547863
17443,0.07417582417582418
17444,0.008923742563547863
17445,0.027613412228796843
17446,0.901060070671378
17447,0.008923742563547863
17448,0.027613412228796843
17449,0.7264957264957265
17450,0.008923742563547863
17451,0.008923742563547863
17452,0.027613412228796843
17453,0.027613412228796843
17454,0.7709251101321586
17455,0.07417582417582418
17456,0.008923742563547863
17457,0.008923742563547863
17458,0.027613412228796843
17459,0.04173354735152488
17460,0.021212121212121213
17461,0.27419354838709675
17462,0.7709251101321586
17463,0.008923742563547863
17464,0.7264957264957265
17465,0.008923742563547863
17466,0.021212121212121213
17467,0.027613412228796843
17468,0.008923742563547863
17469,0.008923742563547863
17470,0.2767527675276753
17471,0.38271604938271603
17472,0.008923742563547863
17473,0.008923742563547863
17474,0.04173354735152488
17475,0.48857142857142855
17476,0.008923742563547863
17477,0.04173354735152488
17478,0.008923742563547863
17479,0.1925133689839572
17480,0.008923742563547863
17481,0.008923742563547863
17482,0.008923742563547863
17483,0.20459081836327345
17484,0.04173354735152488
17485,0.008923742563547863
17486,0.48857142857142855
17487,0.008923742563547863
17488,0.008923742563547863
17489,0.994535519125683
17490,0.3333333333333333
17491,0.04173354735152488
17492,0.027613412228796843
17493,0.008923742563547863
17494,0.008923742563547863
17495,0.07417582417582418
17496,0.027613412228796843
17497,0.48857142857142855
17498,0.008923742563547863
17499,0.48857142857142855
17500,0.008923742563547863
17501,0.008923742563547863
17502,0.7264957264957265
17503,0.008923742563547863
17504,0.008923742563547863
17505,1.0
17506,0.008923742563547863
17507,0.48857142857142855
17508,0.38271604938271603
17509,0.008923742563547863
17510,0.4431137724550898
17511,0.20459081836327345
17512,0.38271604938271603
17513,0.11815561959654179
17514,0.48857142857142855
17515,0.027613412228796843
17516,0.07417582417582418
17517,0.38271604938271603
17518,0.027613412228796843
17519,0.04173354735152488
17520,0.2767527675276753
17521,0.48857142857142855
17522,0.008923742563547863
17523,0.04173354735152488
17524,0.008923742563547863
17525,0.021212121212121213
17526,0.008923742563547863
17527,0.027613412228796843
17528,0.008923742563547863
17529,0.994535519125683
17530,0.07417582417582418
17531,0.008923742563547863
17532,0.994535519125683
17533,0.11815561959654179
17534,0.20459081836327345
17535,0.027613412228796843
17536,0.008923742563547863
17537,0.008923742563547863
17538,0.008923742563547863
17539,0.021212121212121213
17540,0.7264957264957265
17541,0.48857142857142855
17542,0.008923742563547863
17543,0.027613412228796843
17544,0.008923742563547863
17545,0.901060070671378
17546,0.27419354838709675
17547,0.1925133689839572
17548,0.04173354735152488
17549,0.4431137724550898
17550,1.0
17551,0.04173354735152488
17552,0.008923742563547863
17553,0.20459081836327345
17554,0.9411764705882353
17555,0.11815561959654179
17556,0.027613412228796843
17557,0.07417582417582418
17558,0.04173354735152488
17559,0.021212121212121213
17560,0.2767527675276753
17561,0.008923742563547863
17562,0.11815561959654179
17563,0.48857142857142855
17564,0.008923742563547863
17565,0.027613412228796843
17566,0.008923742563547863
17567,0.04173354735152488
17568,0.008923742563547863
17569,0.04173354735152488
17570,0.008923742563547863
17571,0.008923742563547863
17572,0.008923742563547863
17573,0.11815561959654179
17574,0.04173354735152488
17575,0.48857142857142855
17576,0.027613412228796843
17577,0.04173354735152488
17578,0.7709251101321586
17579,0.008923742563547863
17580,0.48857142857142855
17581,0.20459081836327345
17582,0.008923742563547863
17583,0.008923742563547863
17584,0.021212121212121213
17585,0.027613412228796843
17586,0.027613412228796843
17587,0.008923742563547863
17588,0.008923742563547863
17589,0.027613412228796843
17590,0.27419354838709675
17591,0.38271604938271603
17592,0.008923742563547863
17593,0.38271604938271603
17594,0.008923742563547863
17595,0.04173354735152488
17596,0.008923742563547863
17597,0.04173354735152488
17598,0.27419354838709675
17599,0.4431137724550898
17600,0.027613412228796843
17601,0.38271604938271603
17602,0.1925133689839572
17603,0.027613412228796843
17604,0.008923742563547863
17605,0.008923742563547863
17606,0.008923742563547863
17607,0.027613412228796843
17608,0.27419354838709675
17609,0.9411764705882353
17610,0.008923742563547863
17611,0.20459081836327345
17612,0.008923742563547863
17613,0.48857142857142855
17614,0.008923742563547863
17615,0.04173354735152488
17616,0.04173354735152488
17617,0.20459081836327345
17618,0.008923742563547863
17619,0.994535519125683
17620,0.008923742563547863
17621,0.008923742563547863
17622,0.008923742563547863
17623,0.008923742563547863
17624,0.021212121212121213
17625,0.9411764705882353
17626,0.20459081836327345
17627,0.9411764705882353
17628,0.027613412228796843
17629,0.07417582417582418
17630,0.48857142857142855
17631,0.027613412228796843
17632,0.901060070671378
17633,0.008923742563547863
17634,0.7264957264957265
17635,0.04173354735152488
17636,0.07417582417582418
17637,0.994535519125683
17638,0.38271604938271603
17639,0.008923742563547863
17640,0.04173354735152488
17641,0.008923742563547863
17642,0.11815561959654179
17643,0.027613412228796843
17644,0.027613412228796843
17645,0.008923742563547863
17646,0.04173354735152488
17647,0.48857142857142855
17648,0.7709251101321586
17649,0.008923742563547863
17650,0.008923742563547863
17651,0.04173354735152488
17652,1.0
17653,0.027613412228796843
17654,0.20459081836327345
17655,0.027613412228796843
17656,0.008923742563547863
17657,0.07417582417582418
17658,0.021212121212121213
17659,0.901060070671378
17660,0.027613412228796843
17661,0.04173354735152488
17662,0.04173354735152488
17663,0.1925133689839572
17664,0.20459081836327345
17665,0.04173354735152488
17666,0.021212121212121213
17667,0.20459081836327345
17668,0.027613412228796843
17669,0.04173354735152488
17670,0.008923742563547863
17671,0.008923742563547863
17672,0.021212121212121213
17673,0.027613412228796843
17674,0.008923742563547863
17675,0.20459081836327345
17676,0.2767527675276753
17677,0.008923742563547863
17678,0.027613412228796843
17679,0.008923742563547863
17680,0.008923742563547863
17681,0.38271604938271603
17682,0.901060070671378
17683,0.027613412228796843
17684,0.9411764705882353
17685,0.027613412228796843
17686,0.07417582417582418
17687,0.11815561959654179
17688,0.027613412228796843
17689,0.027613412228796843
17690,0.008923742563547863
17691,0.008923742563547863
17692,0.04173354735152488
17693,0.20459081836327345
17694,0.008923742563547863
17695,0.901060070671378
17696,0.07417582417582418
17697,0.008923742563547863
17698,0.04173354735152488
17699,0.008923742563547863
17700,0.027613412228796843
17701,0.021212121212121213
17702,0.04173354735152488
17703,0.38271604938271603
17704,0.008923742563547863
17705,0.008923742563547863
17706,1.0
17707,0.008923742563547863
17708,0.021212121212121213
17709,0.008923742563547863
17710,0.008923742563547863
17711,0.04173354735152488
17712,0.027613412228796843
17713,0.027613412228796843
17714,0.027613412228796843
17715,0.021212121212121213
17716,0.008923742563547863
17717,0.20459081836327345
17718,0.20459081836327345
17719,0.20459081836327345
17720,0.48857142857142855
17721,0.20459081836327345
17722,0.008923742563547863
17723,0.008923742563547863
17724,0.027613412228796843
17725,0.9411764705882353
17726,0.7264957264957265
17727,0.4431137724550898
17728,0.20459081836327345
17729,0.04173354735152488
17730,0.48857142857142855
17731,0.2767527675276753
17732,0.008923742563547863
17733,0.04173354735152488
17734,0.4431137724550898
17735,0.20459081836327345
17736,0.008923742563547863
17737,0.027613412228796843
17738,0.2767527675276753
17739,0.008923742563547863
17740,0.027613412228796843
17741,0.11815561959654179
17742,0.20459081836327345
17743,0.027613412228796843
17744,0.021212121212121213
17745,0.008923742563547863
17746,0.1925133689839572
17747,0.11815561959654179
17748,0.04173354735152488
17749,0.008923742563547863
17750,0.027613412228796843
17751,0.008923742563547863
17752,0.04173354735152488
17753,0.4431137724550898
17754,0.04173354735152488
17755,0.008923742563547863
17756,0.2767527675276753
17757,0.38271604938271603
17758,0.008923742563547863
17759,0.11815561959654179
17760,0.20459081836327345
17761,0.04173354735152488
17762,0.008923742563547863
17763,0.008923742563547863
17764,0.04173354735152488
17765,0.9411764705882353
17766,0.20459081836327345
17767,0.901060070671378
17768,0.38271604938271603
17769,0.994535519125683
17770,0.008923742563547863
17771,0.027613412228796843
17772,0.07417582417582418
17773,0.008923742563547863
17774,0.1925133689839572
17775,0.48857142857142855
17776,0.11815561959654179
17777,0.008923742563547863
17778,0.008923742563547863
17779,0.48857142857142855
17780,0.008923742563547863
17781,0.48857142857142855
17782,0.027613412228796843
17783,0.008923742563547863
17784,0.04173354735152488
17785,0.008923742563547863
17786,0.04173354735152488
17787,0.901060070671378
17788,0.027613412228796843
17789,0.11815561959654179
17790,0.07417582417582418
17791,0.008923742563547863
17792,0.07417582417582418
17793,0.38271604938271603
17794,0.008923742563547863
17795,0.008923742563547863
17796,0.04173354735152488
17797,0.9411764705882353
17798,0.7709251101321586
17799,0.008923742563547863
17800,0.11815561959654179
17801,0.04173354735152488
17802,0.021212121212121213
17803,0.027613412228796843
17804,0.008923742563547863
17805,0.021212121212121213
17806,0.48857142857142855
17807,0.027613412228796843
17808,0.008923742563547863
17809,0.7709251101321586
17810,0.008923742563547863
17811,1.0
17812,0.027613412228796843
17813,0.008923742563547863
17814,0.008923742563547863
17815,0.27419354838709675
17816,0.04173354735152488
17817,0.008923742563547863
17818,0.008923742563547863
17819,0.48857142857142855
17820,0.04173354735152488
17821,0.38271604938271603
17822,0.008923742563547863
17823,0.8596491228070176
17824,0.008923742563547863
17825,0.04173354735152488
17826,0.04173354735152488
17827,0.021212121212121213
17828,0.027613412228796843
17829,0.008923742563547863
17830,0.20459081836327345
17831,0.027613412228796843
17832,0.008923742563547863
17833,0.7709251101321586
17834,0.008923742563547863
17835,0.7264957264957265
17836,0.027613412228796843
17837,0.4431137724550898
17838,0.901060070671378
17839,0.04173354735152488
17840,0.027613412228796843
17841,0.04173354735152488
17842,0.021212121212121213
17843,0.11815561959654179
17844,0.20459081836327345
17845,0.20459081836327345
17846,0.008923742563547863
17847,0.021212121212121213
17848,0.008923742563547863
17849,0.9411764705882353
17850,0.2767527675276753
17851,0.04173354735152488
17852,0.008923742563547863
17853,0.021212121212121213
17854,0.04173354735152488
17855,0.04173354735152488
17856,0.38271604938271603
17857,0.20459081836327345
17858,0.027613412228796843
17859,0.008923742563547863
17860,0.38271604938271603
17861,0.07417582417582418
17862,0.901060070671378
17863,0.04173354735152488
17864,0.027613412228796843
17865,0.901060070671378
17866,0.04173354735152488
17867,0.7264957264957265
17868,0.008923742563547863
17869,0.008923742563547863
17870,0.008923742563547863
17871,0.04173354735152488
17872,0.008923742563547863
17873,0.008923742563547863
17874,0.4431137724550898
17875,0.027613412228796843
17876,0.04173354735152488
17877,0.20459081836327345
17878,0.008923742563547863
17879,0.027613412228796843
17880,0.008923742563547863
17881,0.027613412228796843
17882,0.04173354735152488
17883,0.20459081836327345
17884,0.04173354735152488
17885,0.48857142857142855
17886,0.11815561959654179
17887,0.027613412228796843
17888,0.38271604938271603
17889,0.994535519125683
17890,0.008923742563547863
17891,0.008923742563547863
17892,0.48857142857142855
17893,0.9411764705882353
17894,0.2767527675276753
17895,0.2767527675276753
17896,0.04173354735152488
17897,0.07417582417582418
17898,0.48857142857142855
17899,0.008923742563547863
17900,0.027613412228796843
17901,0.008923742563547863
17902,0.04173354735152488
17903,0.008923742563547863
17904,0.04173354735152488
17905,0.901060070671378
17906,0.008923742563547863
17907,0.008923742563547863
17908,0.9411764705882353
17909,0.04173354735152488
17910,0.04173354735152488
17911,0.04173354735152488
17912,0.48857142857142855
17913,0.008923742563547863
17914,0.38271604938271603
17915,0.008923742563547863
17916,0.008923742563547863
17917,0.021212121212121213
17918,0.027613412228796843
17919,0.008923742563547863
17920,0.008923742563547863
17921,0.2767527675276753
17922,0.04173354735152488
17923,0.008923742563547863
17924,0.04173354735152488
17925,0.027613412228796843
17926,0.008923742563547863
17927,0.008923742563547863
17928,0.2767527675276753
17929,0.04173354735152488
17930,0.7709251101321586
17931,0.4431137724550898
17932,0.38271604938271603
17933,0.027613412228796843
17934,0.008923742563547863
17935,0.38271604938271603
17936,0.008923742563547863
17937,0.7709251101321586
17938,0.04173354735152488
17939,0.20459081836327345
17940,0.11815561959654179
17941,0.20459081836327345
17942,0.008923742563547863
17943,0.20459081836327345
17944,0.901060070671378
17945,0.48857142857142855
17946,0.008923742563547863
17947,0.07417582417582418
17948,0.4431137724550898
17949,0.008923742563547863
17950,0.008923742563547863
17951,0.20459081836327345
17952,0.008923742563547863
17953,0.48857142857142855
17954,0.04173354735152488
17955,0.008923742563547863
17956,0.008923742563547863
17957,0.027613412228796843
17958,0.20459081836327345
17959,0.967032967032967
17960,1.0
17961,0.008923742563547863
17962,0.027613412228796843
17963,0.7264957264957265
17964,0.027613412228796843
17965,0.008923742563547863
17966,0.20459081836327345
17967,0.07417582417582418
17968,0.027613412228796843
17969,0.008923742563547863
17970,0.20459081836327345
17971,0.008923742563547863
17972,0.2767527675276753
17973,0.027613412228796843
17974,0.027613412228796843
17975,0.027613412228796843
17976,0.008923742563547863
17977,0.027613412228796843
17978,0.008923742563547863
17979,0.027613412228796843
17980,0.008923742563547863
17981,0.7709251101321586
17982,0.008923742563547863
17983,0.008923742563547863
17984,0.027613412228796843
17985,0.48857142857142855
17986,0.008923742563547863
17987,0.027613412228796843
17988,0.07417582417582418
17989,0.008923742563547863
17990,0.008923742563547863
17991,0.008923742563547863
17992,0.027613412228796843
17993,0.04173354735152488
17994,0.008923742563547863
17995,0.027613412228796843
17996,0.04173354735152488
17997,0.04173354735152488
17998,0.008923742563547863
17999,0.901060070671378
18000,0.008923742563547863
18001,0.7709251101321586
18002,0.4431137724550898
18003,0.008923742563547863
18004,0.027613412228796843
18005,0.4431137724550898
18006,0.48857142857142855
18007,0.008923742563547863
18008,0.04173354735152488
18009,0.008923742563547863
18010,0.20459081836327345
18011,0.008923742563547863
18012,0.008923742563547863
18013,0.04173354735152488
18014,0.04173354735152488
18015,0.021212121212121213
18016,0.027613412228796843
18017,0.008923742563547863
18018,0.07417582417582418
18019,0.20459081836327345
18020,0.008923742563547863
18021,0.38271604938271603
18022,0.48857142857142855
18023,0.20459081836327345
18024,0.901060070671378
18025,0.021212121212121213
18026,0.04173354735152488
18027,0.04173354735152488
18028,0.021212121212121213
18029,0.8596491228070176
18030,0.027613412228796843
18031,0.027613412228796843
18032,0.008923742563547863
18033,0.38271604938271603
18034,0.11815561959654179
18035,0.20459081836327345
18036,0.008923742563547863
18037,0.027613412228796843
18038,0.027613412228796843
18039,0.20459081836327345
18040,0.2767527675276753
18041,0.11815561959654179
18042,0.901060070671378
18043,0.008923742563547863
18044,0.04173354735152488
18045,0.008923742563547863
18046,0.04173354735152488
18047,0.11815561959654179
18048,0.008923742563547863
18049,0.027613412228796843
18050,0.04173354735152488
18051,0.027613412228796843
18052,0.008923742563547863
18053,0.9411764705882353
18054,0.027613412228796843
18055,0.7709251101321586
18056,0.008923742563547863
18057,0.027613412228796843
18058,0.027613412228796843
18059,0.11815561959654179
18060,0.20459081836327345
18061,0.008923742563547863
18062,0.027613412228796843
18063,0.04173354735152488
18064,0.04173354735152488
18065,0.7709251101321586
18066,0.027613412228796843
18067,0.04173354735152488
18068,0.008923742563547863
18069,0.027613412228796843
18070,0.20459081836327345
18071,0.008923742563547863
18072,0.901060070671378
18073,0.901060070671378
18074,0.008923742563547863
18075,0.008923742563547863
18076,0.008923742563547863
18077,0.027613412228796843
18078,0.027613412228796843
18079,0.008923742563547863
18080,0.008923742563547863
18081,0.027613412228796843
18082,0.04173354735152488
18083,0.008923742563547863
18084,0.38271604938271603
18085,0.027613412228796843
18086,0.9411764705882353
18087,0.48857142857142855
18088,0.967032967032967
18089,0.008923742563547863
18090,0.008923742563547863
18091,0.994535519125683
18092,0.04173354735152488
18093,0.11815561959654179
18094,0.38271604938271603
18095,0.04173354735152488
18096,0.008923742563547863
18097,0.008923742563547863
18098,0.008923742563547863
18099,0.04173354735152488
18100,0.48857142857142855
18101,0.967032967032967
18102,0.008923742563547863
18103,0.1925133689839572
18104,0.008923742563547863
18105,0.008923742563547863
18106,0.38271604938271603
18107,0.008923742563547863
18108,0.008923742563547863
18109,0.2767527675276753
18110,0.04173354735152488
18111,0.04173354735152488
18112,0.07417582417582418
18113,0.008923742563547863
18114,0.027613412228796843
18115,0.07417582417582418
18116,0.008923742563547863
18117,0.008923742563547863
18118,0.027613412228796843
18119,0.008923742563547863
18120,0.008923742563547863
18121,0.008923742563547863
18122,0.027613412228796843
18123,0.008923742563547863
18124,0.11815561959654179
18125,0.04173354735152488
18126,0.04173354735152488
18127,0.48857142857142855
18128,0.008923742563547863
18129,0.008923742563547863
18130,0.20459081836327345
18131,0.008923742563547863
18132,0.027613412228796843
18133,0.008923742563547863
18134,0.008923742563547863
18135,0.008923742563547863
18136,0.9411764705882353
18137,0.901060070671378
18138,0.2767527675276753
18139,0.027613412228796843
18140,0.04173354735152488
18141,0.008923742563547863
18142,0.008923742563547863
18143,0.994535519125683
18144,0.027613412228796843
18145,0.027613412228796843
18146,0.20459081836327345
18147,0.027613412228796843
18148,0.20459081836327345
18149,0.008923742563547863
18150,0.008923742563547863
18151,0.07417582417582418
18152,0.008923742563547863
18153,0.008923742563547863
18154,0.008923742563547863
18155,0.48857142857142855
18156,0.008923742563547863
18157,0.20459081836327345
18158,0.7264957264957265
18159,0.04173354735152488
18160,0.7709251101321586
18161,0.027613412228796843
18162,0.027613412228796843
18163,0.008923742563547863
18164,0.38271604938271603
18165,0.04173354735152488
18166,0.04173354735152488
18167,0.7709251101321586
18168,0.2767527675276753
18169,0.027613412228796843
18170,0.901060070671378
18171,0.994535519125683
18172,0.20459081836327345
18173,0.008923742563547863
18174,0.04173354735152488
18175,0.027613412228796843
18176,0.9411764705882353
18177,0.7709251101321586
18178,0.04173354735152488
18179,0.20459081836327345
18180,1.0
18181,0.20459081836327345
18182,0.008923742563547863
18183,0.07417582417582418
18184,0.008923742563547863
18185,0.04173354735152488
18186,0.008923742563547863
18187,0.027613412228796843
18188,0.967032967032967
18189,0.20459081836327345
18190,0.901060070671378
18191,0.027613412228796843
18192,0.7709251101321586
18193,0.008923742563547863
18194,0.008923742563547863
18195,0.994535519125683
18196,0.027613412228796843
18197,0.027613412228796843
18198,0.7264957264957265
18199,0.008923742563547863
18200,0.20459081836327345
18201,0.4431137724550898
18202,0.7709251101321586
18203,0.20459081836327345
18204,0.04173354735152488
18205,0.021212121212121213
18206,0.20459081836327345
18207,0.11815561959654179
18208,0.027613412228796843
18209,0.008923742563547863
18210,0.008923742563547863
18211,0.07417582417582418
18212,0.027613412228796843
18213,0.2767527675276753
18214,1.0
18215,0.027613412228796843
18216,0.20459081836327345
18217,0.38271604938271603
18218,0.20459081836327345
18219,0.027613412228796843
18220,0.38271604938271603
18221,0.20459081836327345
18222,0.008923742563547863
18223,0.4431137724550898
18224,0.901060070671378
18225,0.021212121212121213
18226,0.38271604938271603
18227,0.008923742563547863
18228,0.008923742563547863
18229,0.901060070671378
18230,0.008923742563547863
18231,0.901060070671378
18232,0.901060070671378
18233,0.20459081836327345
18234,0.7264957264957265
18235,0.38271604938271603
18236,0.008923742563547863
18237,0.1925133689839572
18238,0.008923742563547863
18239,0.04173354735152488
18240,0.20459081836327345
18241,0.48857142857142855
18242,0.008923742563547863
18243,0.20459081836327345
18244,0.2767527675276753
18245,0.04173354735152488
18246,0.07417582417582418
18247,0.20459081836327345
18248,0.48857142857142855
18249,0.07417582417582418
18250,0.008923742563547863
18251,0.008923742563547863
18252,0.008923742563547863
18253,0.48857142857142855
18254,0.04173354735152488
18255,0.901060070671378
18256,0.008923742563547863
18257,0.008923742563547863
18258,0.04173354735152488
18259,0.008923742563547863
18260,0.008923742563547863
18261,0.008923742563547863
18262,0.04173354735152488
18263,0.20459081836327345
18264,0.008923742563547863
18265,0.7264957264957265
18266,0.4431137724550898
18267,0.04173354735152488
18268,0.008923742563547863
18269,1.0
18270,0.04173354735152488
18271,0.027613412228796843
18272,0.04173354735152488
18273,0.027613412228796843
18274,0.027613412228796843
18275,0.027613412228796843
18276,0.7264957264957265
18277,0.027613412228796843
18278,0.008923742563547863
18279,0.008923742563547863
18280,0.027613412228796843
18281,0.07417582417582418
18282,0.027613412228796843
18283,0.20459081836327345
18284,0.027613412228796843
18285,0.008923742563547863
18286,0.20459081836327345
18287,0.008923742563547863
18288,0.027613412228796843
18289,0.20459081836327345
18290,0.008923742563547863
18291,0.008923742563547863
18292,0.04173354735152488
18293,0.04173354735152488
18294,0.021212121212121213
18295,0.07417582417582418
18296,0.901060070671378
18297,0.008923742563547863
18298,0.008923742563547863
18299,0.20459081836327345
18300,0.027613412228796843
18301,0.008923742563547863
18302,0.48857142857142855
18303,0.027613412228796843
18304,0.008923742563547863
18305,0.48857142857142855
18306,0.027613412228796843
18307,0.04173354735152488
18308,0.901060070671378
18309,0.008923742563547863
18310,0.027613412228796843
18311,0.2767527675276753
18312,0.008923742563547863
18313,0.008923742563547863
18314,0.11815561959654179
18315,0.11815561959654179
18316,0.008923742563547863
18317,0.04173354735152488
18318,0.008923742563547863
18319,0.008923742563547863
18320,0.021212121212121213
18321,0.20459081836327345
18322,0.48857142857142855
18323,0.027613412228796843
18324,0.48857142857142855
18325,1.0
18326,0.07417582417582418
18327,0.04173354735152488
18328,0.008923742563547863
18329,0.11815561959654179
18330,0.008923742563547863
18331,0.04173354735152488
18332,0.008923742563547863
18333,0.04173354735152488
18334,0.008923742563547863
18335,0.07417582417582418
18336,0.04173354735152488
18337,0.7264957264957265
18338,0.008923742563547863
18339,0.008923742563547863
18340,0.1925133689839572
18341,0.11815561959654179
18342,0.04173354735152488
18343,0.008923742563547863
18344,1.0
18345,0.7264957264957265
18346,0.027613412228796843
18347,0.027613412228796843
18348,0.008923742563547863
18349,0.027613412228796843
18350,0.7709251101321586
18351,0.008923742563547863
18352,0.07417582417582418
18353,0.027613412228796843
18354,0.008923742563547863
18355,0.021212121212121213
18356,0.04173354735152488
18357,0.7709251101321586
18358,0.20459081836327345
18359,0.008923742563547863
18360,0.027613412228796843
18361,0.7264957264957265
18362,0.008923742563547863
18363,0.008923742563547863
18364,0.4431137724550898
18365,0.9411764705882353
18366,0.7264957264957265
18367,0.008923742563547863
18368,0.008923742563547863
18369,0.008923742563547863
18370,0.20459081836327345
18371,0.7264957264957265
18372,0.008923742563547863
18373,0.04173354735152488
18374,0.027613412228796843
18375,0.20459081836327345
18376,0.04173354735152488
18377,0.008923742563547863
18378,0.20459081836327345
18379,0.008923742563547863
18380,0.38271604938271603
18381,0.9411764705882353
18382,0.27419354838709675
18383,0.48857142857142855
18384,0.008923742563547863
18385,0.008923742563547863
18386,0.9411764705882353
18387,0.7709251101321586
18388,0.04173354735152488
18389,0.008923742563547863
18390,0.1925133689839572
18391,0.38271604938271603
18392,0.20459081836327345
18393,0.04173354735152488
18394,0.027613412228796843
18395,0.1925133689839572
18396,0.7709251101321586
18397,0.008923742563547863
18398,0.994535519125683
18399,0.20459081836327345
18400,0.20459081836327345
18401,0.008923742563547863
18402,0.38271604938271603
18403,0.2767527675276753
18404,0.027613412228796843
18405,0.04173354735152488
18406,0.8596491228070176
18407,0.027613412228796843
18408,0.7709251101321586
18409,0.027613412228796843
18410,0.027613412228796843
18411,0.008923742563547863
18412,0.008923742563547863
18413,0.967032967032967
18414,0.04173354735152488
18415,0.008923742563547863
18416,0.04173354735152488
18417,0.008923742563547863
18418,1.0
18419,0.48857142857142855
18420,0.008923742563547863
18421,0.9411764705882353
18422,0.027613412228796843
18423,0.07417582417582418
18424,0.4431137724550898
18425,1.0
18426,0.008923742563547863
18427,0.9411764705882353
18428,0.008923742563547863
18429,0.027613412228796843
18430,0.7264957264957265
18431,0.008923742563547863
18432,0.008923742563547863
18433,0.04173354735152488
18434,0.008923742563547863
18435,0.20459081836327345
18436,0.1925133689839572
18437,0.008923742563547863
18438,0.04173354735152488
18439,0.008923742563547863
18440,0.04173354735152488
18441,0.20459081836327345
18442,0.04173354735152488
18443,0.04173354735152488
18444,0.027613412228796843
18445,0.901060070671378
18446,0.901060070671378
18447,0.008923742563547863
18448,0.48857142857142855
18449,0.027613412228796843
18450,0.07417582417582418
18451,0.008923742563547863
18452,0.901060070671378
18453,0.008923742563547863
18454,0.901060070671378
18455,0.27419354838709675
18456,0.04173354735152488
18457,0.04173354735152488
18458,0.9411764705882353
18459,0.38271604938271603
18460,0.027613412228796843
18461,0.07417582417582418
18462,0.04173354735152488
18463,0.027613412228796843
18464,0.008923742563547863
18465,0.008923742563547863
18466,0.04173354735152488
18467,0.027613412228796843
18468,0.20459081836327345
18469,0.008923742563547863
18470,0.48857142857142855
18471,0.901060070671378
18472,0.008923742563547863
18473,0.027613412228796843
18474,0.008923742563547863
18475,0.027613412228796843
18476,0.20459081836327345
18477,0.008923742563547863
18478,0.994535519125683
18479,0.027613412228796843
18480,0.901060070671378
18481,0.008923742563547863
18482,0.901060070671378
18483,0.021212121212121213
18484,0.07417582417582418
18485,0.994535519125683
18486,0.04173354735152488
18487,0.008923742563547863
18488,0.901060070671378
18489,0.008923742563547863
18490,0.008923742563547863
18491,0.008923742563547863
18492,0.901060070671378
18493,0.04173354735152488
18494,0.38271604938271603
18495,0.901060070671378
18496,0.11815561959654179
18497,0.008923742563547863
18498,0.48857142857142855
18499,0.008923742563547863
18500,0.38271604938271603
18501,0.48857142857142855
18502,0.04173354735152488
18503,0.008923742563547863
18504,0.008923742563547863
18505,0.008923742563547863
18506,0.008923742563547863
18507,0.04173354735152488
18508,0.008923742563547863
18509,0.008923742563547863
18510,0.04173354735152488
18511,0.008923742563547863
18512,0.04173354735152488
18513,0.7264957264957265
18514,0.008923742563547863
18515,0.021212121212121213
18516,0.04173354735152488
18517,0.008923742563547863
18518,0.027613412228796843
18519,0.027613412228796843
18520,0.008923742563547863
18521,0.008923742563547863
18522,0.008923742563547863
18523,0.008923742563547863
18524,0.008923742563547863
18525,0.021212121212121213
18526,0.20459081836327345
18527,0.994535519125683
18528,0.008923742563547863
18529,0.008923742563547863
18530,0.027613412228796843
18531,0.027613412228796843
18532,0.027613412228796843
18533,0.008923742563547863
18534,0.20459081836327345
18535,0.008923742563547863
18536,0.008923742563547863
18537,0.967032967032967
18538,0.20459081836327345
18539,0.008923742563547863
18540,0.04173354735152488
18541,0.008923742563547863
18542,0.20459081836327345
18543,0.027613412228796843
18544,0.11815561959654179
18545,0.008923742563547863
18546,0.20459081836327345
18547,0.20459081836327345
18548,0.901060070671378
18549,0.994535519125683
18550,1.0
18551,0.04173354735152488
18552,0.7709251101321586
18553,0.48857142857142855
18554,0.20459081836327345
18555,0.04173354735152488
18556,0.008923742563547863
18557,0.008923742563547863
18558,0.021212121212121213
18559,0.7264957264957265
18560,0.2767527675276753
18561,0.021212121212121213
18562,0.4431137724550898
18563,0.021212121212121213
18564,0.9411764705882353
18565,0.008923742563547863
18566,0.008923742563547863
18567,0.027613412228796843
18568,0.021212121212121213
18569,0.008923742563547863
18570,0.48857142857142855
18571,0.008923742563547863
18572,0.008923742563547863
18573,0.027613412228796843
18574,0.11815561959654179
18575,0.11815561959654179
18576,0.008923742563547863
18577,0.027613412228796843
18578,0.008923742563547863
18579,0.07417582417582418
18580,0.20459081836327345
18581,0.008923742563547863
18582,0.04173354735152488
18583,0.021212121212121213
18584,0.04173354735152488
18585,0.04173354735152488
18586,0.11815561959654179
18587,0.027613412228796843
18588,0.04173354735152488
18589,0.008923742563547863
18590,0.008923742563547863
18591,0.38271604938271603
18592,0.20459081836327345
18593,0.04173354735152488
18594,0.008923742563547863
18595,0.9411764705882353
18596,0.20459081836327345
18597,0.04173354735152488
18598,0.7709251101321586
18599,0.7709251101321586
18600,0.48857142857142855
18601,0.008923742563547863
18602,0.008923742563547863
18603,0.008923742563547863
18604,0.48857142857142855
18605,0.008923742563547863
18606,0.07417582417582418
18607,0.027613412228796843
18608,0.48857142857142855
18609,0.04173354735152488
18610,0.20459081836327345
18611,0.008923742563547863
18612,0.027613412228796843
18613,0.9411764705882353
18614,0.008923742563547863
18615,0.48857142857142855
18616,0.008923742563547863
18617,0.901060070671378
18618,0.021212121212121213
18619,0.008923742563547863
18620,0.021212121212121213
18621,0.008923742563547863
18622,0.04173354735152488
18623,0.027613412228796843
18624,0.008923742563547863
18625,0.027613412228796843
18626,0.008923742563547863
18627,0.20459081836327345
18628,0.008923742563547863
18629,0.027613412228796843
18630,0.07417582417582418
18631,0.48857142857142855
18632,0.027613412228796843
18633,0.04173354735152488
18634,0.7264957264957265
18635,0.008923742563547863
18636,0.20459081836327345
18637,0.38271604938271603
18638,0.008923742563547863
18639,0.07417582417582418
18640,0.04173354735152488
18641,0.008923742563547863
18642,0.7709251101321586
18643,0.008923742563547863
18644,0.027613412228796843
18645,0.027613412228796843
18646,0.48857142857142855
18647,0.008923742563547863
18648,0.027613412228796843
18649,0.008923742563547863
18650,0.20459081836327345
18651,0.07417582417582418
18652,0.008923742563547863
18653,0.008923742563547863
18654,0.2767527675276753
18655,0.008923742563547863
18656,0.008923742563547863
18657,0.008923742563547863
18658,0.04173354735152488
18659,0.20459081836327345
18660,0.008923742563547863
18661,0.027613412228796843
18662,0.027613412228796843
18663,0.20459081836327345
18664,0.027613412228796843
18665,0.04173354735152488
18666,0.20459081836327345
18667,0.027613412228796843
18668,0.008923742563547863
18669,0.027613412228796843
18670,0.20459081836327345
18671,0.008923742563547863
18672,0.9411764705882353
18673,0.04173354735152488
18674,0.027613412228796843
18675,0.38271604938271603
18676,0.008923742563547863
18677,0.008923742563547863
18678,0.027613412228796843
18679,0.04173354735152488
18680,0.38271604938271603
18681,0.27419354838709675
18682,0.04173354735152488
18683,0.027613412228796843
18684,0.994535519125683
18685,0.008923742563547863
18686,0.04173354735152488
18687,0.901060070671378
18688,0.027613412228796843
18689,0.04173354735152488
18690,0.008923742563547863
18691,0.027613412228796843
18692,0.027613412228796843
18693,0.4431137724550898
18694,0.20459081836327345
18695,1.0
18696,0.1925133689839572
18697,0.48857142857142855
18698,0.9411764705882353
18699,0.008923742563547863
18700,0.008923742563547863
18701,0.11815561959654179
18702,0.20459081836327345
18703,0.008923742563547863
18704,0.901060070671378
18705,0.2767527675276753
18706,0.027613412228796843
18707,0.20459081836327345
18708,0.008923742563547863
18709,0.48857142857142855
18710,0.027613412228796843
18711,0.04173354735152488
18712,0.027613412228796843
18713,0.008923742563547863
18714,0.20459081836327345
18715,0.008923742563547863
18716,0.48857142857142855
18717,0.04173354735152488
18718,0.008923742563547863
18719,0.008923742563547863
18720,0.04173354735152488
18721,0.20459081836327345
18722,0.008923742563547863
18723,0.38271604938271603
18724,0.4431137724550898
18725,0.901060070671378
18726,0.20459081836327345
18727,0.027613412228796843
18728,0.04173354735152488
18729,0.48857142857142855
18730,0.021212121212121213
18731,0.9411764705882353
18732,0.008923742563547863
18733,1.0
18734,0.008923742563547863
18735,0.2767527675276753
18736,0.2767527675276753
18737,0.04173354735152488
18738,0.027613412228796843
18739,0.008923742563547863
18740,0.027613412228796843
18741,0.008923742563547863
18742,0.4431137724550898
18743,0.04173354735152488
18744,0.008923742563547863
18745,0.008923742563547863
18746,0.20459081836327345
18747,0.0
18748,0.9411764705882353
18749,0.27419354838709675
18750,0.027613412228796843
18751,0.07417582417582418
18752,0.008923742563547863
18753,0.20459081836327345
18754,0.027613412228796843
18755,0.008923742563547863
18756,0.20459081836327345
18757,0.027613412228796843
18758,0.20459081836327345
18759,0.38271604938271603
18760,0.008923742563547863
18761,0.008923742563547863
18762,0.20459081836327345
18763,0.4431137724550898
18764,0.021212121212121213
18765,0.04173354735152488
18766,0.04173354735152488
18767,0.04173354735152488
18768,0.04173354735152488
18769,0.008923742563547863
18770,0.008923742563547863
18771,0.008923742563547863
18772,0.11815561959654179
18773,0.20459081836327345
18774,0.04173354735152488
18775,0.008923742563547863
18776,0.008923742563547863
18777,0.04173354735152488
18778,0.008923742563547863
18779,0.008923742563547863
18780,0.04173354735152488
18781,0.027613412228796843
18782,0.008923742563547863
18783,0.48857142857142855
18784,0.7264957264957265
18785,0.021212121212121213
18786,0.027613412228796843
18787,0.04173354735152488
18788,0.04173354735152488
18789,0.38271604938271603
18790,0.48857142857142855
18791,0.008923742563547863
18792,0.021212121212121213
18793,0.021212121212121213
18794,0.008923742563547863
18795,0.20459081836327345
18796,0.04173354735152488
18797,0.027613412228796843
18798,0.027613412228796843
18799,0.008923742563547863
18800,0.008923742563547863
18801,0.008923742563547863
18802,0.7709251101321586
18803,0.027613412228796843
18804,0.027613412228796843
18805,0.07417582417582418
18806,0.11815561959654179
18807,0.07417582417582418
18808,0.27419354838709675
18809,0.027613412228796843
18810,0.04173354735152488
18811,0.008923742563547863
18812,0.008923742563547863
18813,0.04173354735152488
18814,0.027613412228796843
18815,0.008923742563547863
18816,0.008923742563547863
18817,0.027613412228796843
18818,0.20459081836327345
18819,0.008923742563547863
18820,0.04173354735152488
18821,0.967032967032967
18822,0.04173354735152488
18823,0.20459081836327345
18824,0.901060070671378
18825,0.11815561959654179
18826,0.4431137724550898
18827,0.7264957264957265
18828,0.008923742563547863
18829,0.008923742563547863
18830,0.20459081836327345
18831,0.994535519125683
18832,0.7264957264957265
18833,0.027613412228796843
18834,0.48857142857142855
18835,0.20459081836327345
18836,0.38271604938271603
18837,0.04173354735152488
18838,0.20459081836327345
18839,0.2767527675276753
18840,0.008923742563547863
18841,0.008923742563547863
18842,0.027613412228796843
18843,0.008923742563547863
18844,0.2767527675276753
18845,0.2767527675276753
18846,0.04173354735152488
18847,0.48857142857142855
18848,0.027613412228796843
18849,0.008923742563547863
18850,0.7264957264957265
18851,0.021212121212121213
18852,0.20459081836327345
18853,1.0
18854,0.20459081836327345
18855,0.07417582417582418
18856,0.027613412228796843
18857,0.20459081836327345
18858,0.008923742563547863
18859,0.008923742563547863
18860,0.7709251101321586
18861,0.008923742563547863
18862,0.008923742563547863
18863,0.04173354735152488
18864,0.20459081836327345
18865,0.008923742563547863
18866,0.008923742563547863
18867,0.008923742563547863
18868,0.008923742563547863
18869,0.04173354735152488
18870,0.04173354735152488
18871,0.027613412228796843
18872,0.7264957264957265
18873,0.48857142857142855
18874,0.008923742563547863
18875,0.04173354735152488
18876,0.9411764705882353
18877,0.008923742563547863
18878,0.7709251101321586
18879,0.20459081836327345
18880,0.901060070671378
18881,0.07417582417582418
18882,0.20459081836327345
18883,0.04173354735152488
18884,0.9411764705882353
18885,0.967032967032967
18886,0.994535519125683
18887,0.008923742563547863
18888,0.027613412228796843
18889,0.027613412228796843
18890,0.48857142857142855
18891,0.008923742563547863
18892,0.008923742563547863
18893,0.027613412228796843
18894,0.07417582417582418
18895,0.48857142857142855
18896,0.2767527675276753
18897,0.07417582417582418
18898,0.008923742563547863
18899,0.04173354735152488
18900,0.027613412228796843
18901,0.04173354735152488
18902,0.027613412228796843
18903,0.008923742563547863
18904,0.027613412228796843
18905,0.008923742563547863
18906,0.07417582417582418
18907,0.008923742563547863
18908,0.008923742563547863
18909,0.9411764705882353
18910,0.20459081836327345
18911,0.1925133689839572
18912,0.04173354735152488
18913,0.027613412228796843
18914,0.20459081836327345
18915,0.11815561959654179
18916,0.38271604938271603
18917,0.008923742563547863
18918,0.9411764705882353
18919,0.04173354735152488
18920,0.20459081836327345
18921,0.2767527675276753
18922,0.2767527675276753
18923,0.9411764705882353
18924,0.027613412228796843
18925,0.04173354735152488
18926,0.11815561959654179
18927,0.021212121212121213
18928,0.20459081836327345
18929,0.008923742563547863
18930,0.27419354838709675
18931,0.994535519125683
18932,0.07417582417582418
18933,0.9411764705882353
18934,0.04173354735152488
18935,0.2767527675276753
18936,0.008923742563547863
18937,0.008923742563547863
18938,0.20459081836327345
18939,0.8596491228070176
18940,0.008923742563547863
18941,0.027613412228796843
18942,0.027613412228796843
18943,0.008923742563547863
18944,0.901060070671378
18945,0.04173354735152488
18946,0.008923742563547863
18947,0.008923742563547863
18948,0.008923742563547863
18949,0.027613412228796843
18950,0.20459081836327345
18951,0.8596491228070176
18952,0.38271604938271603
18953,0.008923742563547863
18954,0.008923742563547863
18955,0.1925133689839572
18956,0.9411764705882353
18957,0.008923742563547863
18958,0.027613412228796843
18959,0.008923742563547863
18960,0.027613412228796843
18961,0.008923742563547863
18962,0.008923742563547863
18963,0.20459081836327345
18964,0.008923742563547863
18965,0.967032967032967
18966,0.07417582417582418
18967,0.48857142857142855
18968,0.901060070671378
18969,0.04173354735152488
18970,0.7709251101321586
18971,0.008923742563547863
18972,0.04173354735152488
18973,0.027613412228796843
18974,0.04173354735152488
18975,0.027613412228796843
18976,0.027613412228796843
18977,0.07417582417582418
18978,0.11815561959654179
18979,0.027613412228796843
18980,0.967032967032967
18981,0.2767527675276753
18982,0.38271604938271603
18983,0.04173354735152488
18984,0.027613412228796843
18985,0.008923742563547863
18986,0.994535519125683
18987,0.008923742563547863
18988,0.008923742563547863
18989,0.1925133689839572
18990,0.04173354735152488
18991,0.008923742563547863
18992,0.901060070671378
18993,0.027613412228796843
18994,0.20459081836327345
18995,0.20459081836327345
18996,0.38271604938271603
18997,0.48857142857142855
18998,0.20459081836327345
18999,0.20459081836327345
19000,0.20459081836327345
19001,0.07417582417582418
19002,0.008923742563547863
19003,0.008923742563547863
19004,0.901060070671378
19005,0.04173354735152488
19006,0.48857142857142855
19007,0.008923742563547863
19008,0.901060070671378
19009,0.07417582417582418
19010,0.008923742563547863
19011,0.021212121212121213
19012,0.008923742563547863
19013,0.008923742563547863
19014,0.7709251101321586
19015,0.027613412228796843
19016,0.20459081836327345
19017,0.04173354735152488
19018,0.021212121212121213
19019,0.027613412228796843
19020,0.04173354735152488
19021,0.07417582417582418
19022,0.027613412228796843
19023,0.027613412228796843
19024,0.48857142857142855
19025,0.027613412228796843
19026,0.20459081836327345
19027,0.20459081836327345
19028,0.04173354735152488
19029,0.008923742563547863
19030,0.04173354735152488
19031,0.027613412228796843
19032,0.008923742563547863
19033,0.04173354735152488
19034,0.021212121212121213
19035,0.008923742563547863
19036,0.04173354735152488
19037,0.008923742563547863
19038,0.11815561959654179
19039,0.008923742563547863
19040,0.27419354838709675
19041,0.04173354735152488
19042,0.008923742563547863
19043,0.008923742563547863
19044,0.04173354735152488
19045,0.994535519125683
19046,0.008923742563547863
19047,0.48857142857142855
19048,0.008923742563547863
19049,0.04173354735152488
19050,0.04173354735152488
19051,0.20459081836327345
19052,1.0
19053,0.008923742563547863
19054,0.027613412228796843
19055,0.2767527675276753
19056,0.04173354735152488
19057,0.021212121212121213
19058,0.48857142857142855
19059,0.027613412228796843
19060,0.04173354735152488
19061,0.008923742563547863
19062,0.008923742563547863
19063,0.008923742563547863
19064,0.07417582417582418
19065,0.20459081836327345
19066,0.7709251101321586
19067,0.027613412228796843
19068,0.021212121212121213
19069,0.008923742563547863
19070,0.20459081836327345
19071,0.7709251101321586
19072,0.04173354735152488
19073,1.0
19074,0.008923742563547863
19075,0.4431137724550898
19076,0.20459081836327345
19077,0.27419354838709675
19078,0.008923742563547863
19079,0.7709251101321586
19080,0.008923742563547863
19081,0.04173354735152488
19082,0.008923742563547863
19083,0.901060070671378
19084,0.021212121212121213
19085,0.04173354735152488
19086,0.901060070671378
19087,0.20459081836327345
19088,0.20459081836327345
19089,0.027613412228796843
19090,0.04173354735152488
19091,0.20459081836327345
19092,0.994535519125683
19093,0.07417582417582418
19094,0.008923742563547863
19095,0.04173354735152488
19096,0.008923742563547863
19097,0.021212121212121213
19098,0.7264957264957265
19099,0.027613412228796843
19100,0.7264957264957265
19101,0.1925133689839572
19102,0.008923742563547863
19103,0.04173354735152488
19104,0.008923742563547863
19105,0.027613412228796843
19106,0.008923742563547863
19107,0.48857142857142855
19108,0.027613412228796843
19109,0.07417582417582418
19110,0.027613412228796843
19111,0.20459081836327345
19112,0.008923742563547863
19113,0.07417582417582418
19114,0.11815561959654179
19115,0.04173354735152488
19116,0.04173354735152488
19117,0.07417582417582418
19118,0.008923742563547863
19119,0.04173354735152488
19120,0.008923742563547863
19121,0.04173354735152488
19122,0.008923742563547863
19123,0.027613412228796843
19124,0.027613412228796843
19125,0.008923742563547863
19126,0.20459081836327345
19127,0.008923742563547863
19128,0.008923742563547863
19129,0.021212121212121213
19130,0.901060070671378
19131,0.04173354735152488
19132,0.4431137724550898
19133,0.008923742563547863
19134,0.008923742563547863
19135,0.7264957264957265
19136,0.20459081836327345
19137,0.008923742563547863
19138,0.008923742563547863
19139,0.008923742563547863
19140,0.11815561959654179
19141,0.20459081836327345
19142,0.7264957264957265
19143,0.20459081836327345
19144,0.2767527675276753
19145,0.008923742563547863
19146,0.008923742563547863
19147,0.008923742563547863
19148,0.04173354735152488
19149,0.04173354735152488
19150,0.008923742563547863
19151,0.008923742563547863
19152,0.7264957264957265
19153,0.9411764705882353
19154,0.07417582417582418
19155,0.11815561959654179
19156,0.38271604938271603
19157,0.04173354735152488
19158,0.008923742563547863
19159,0.20459081836327345
19160,0.901060070671378
19161,0.20459081836327345
19162,0.07417582417582418
19163,0.021212121212121213
19164,0.027613412228796843
19165,0.027613412228796843
19166,0.008923742563547863
19167,0.04173354735152488
19168,0.38271604938271603
19169,0.20459081836327345
19170,0.48857142857142855
19171,0.07417582417582418
19172,0.20459081836327345
19173,0.04173354735152488
19174,0.008923742563547863
19175,0.008923742563547863
19176,0.027613412228796843
19177,0.021212121212121213
19178,0.04173354735152488
19179,0.027613412228796843
19180,0.027613412228796843
19181,0.04173354735152488
19182,0.20459081836327345
19183,0.027613412228796843
19184,0.11815561959654179
19185,0.008923742563547863
19186,0.008923742563547863
19187,0.04173354735152488
19188,0.20459081836327345
19189,0.027613412228796843
19190,0.04173354735152488
19191,0.04173354735152488
19192,0.2767527675276753
19193,0.008923742563547863
19194,0.20459081836327345
19195,0.027613412228796843
19196,1.0
19197,0.027613412228796843
19198,0.20459081836327345
19199,0.994535519125683
19200,0.901060070671378
19201,0.027613412228796843
19202,0.7709251101321586
19203,0.021212121212121213
19204,0.021212121212121213
19205,0.04173354735152488
19206,0.008923742563547863
19207,0.901060070671378
19208,0.008923742563547863
19209,0.9411764705882353
19210,0.901060070671378
19211,0.20459081836327345
19212,0.994535519125683
19213,0.008923742563547863
19214,0.04173354735152488
19215,0.38271604938271603
19216,0.008923742563547863
19217,0.021212121212121213
19218,0.7709251101321586
19219,0.008923742563547863
19220,0.04173354735152488
19221,0.021212121212121213
19222,0.11815561959654179
19223,0.008923742563547863
19224,0.20459081836327345
19225,0.4431137724550898
19226,0.4431137724550898
19227,0.20459081836327345
19228,0.008923742563547863
19229,0.027613412228796843
19230,0.20459081836327345
19231,0.027613412228796843
19232,0.04173354735152488
19233,0.008923742563547863
19234,0.027613412228796843
19235,0.008923742563547863
19236,0.027613412228796843
19237,0.20459081836327345
19238,0.008923742563547863
19239,0.008923742563547863
19240,0.008923742563547863
19241,0.027613412228796843
19242,0.008923742563547863
19243,0.9411764705882353
19244,0.04173354735152488
19245,0.04173354735152488
19246,0.008923742563547863
19247,0.48857142857142855
19248,0.008923742563547863
19249,0.008923742563547863
19250,0.20459081836327345
19251,0.027613412228796843
19252,0.008923742563547863
19253,0.008923742563547863
19254,0.008923742563547863
19255,0.04173354735152488
19256,0.027613412228796843
19257,0.021212121212121213
19258,0.901060070671378
19259,0.9411764705882353
19260,0.48857142857142855
19261,0.008923742563547863
19262,0.008923742563547863
19263,0.008923742563547863
19264,0.48857142857142855
19265,0.008923742563547863
19266,0.04173354735152488
19267,0.027613412228796843
19268,0.04173354735152488
19269,0.027613412228796843
19270,0.027613412228796843
19271,0.04173354735152488
19272,0.20459081836327345
19273,0.008923742563547863
19274,0.008923742563547863
19275,0.1925133689839572
19276,0.027613412228796843
19277,0.008923742563547863
19278,0.7709251101321586
19279,0.008923742563547863
19280,0.027613412228796843
19281,0.008923742563547863
19282,0.008923742563547863
19283,0.008923742563547863
19284,0.008923742563547863
19285,0.38271604938271603
19286,0.008923742563547863
19287,0.04173354735152488
19288,0.027613412228796843
19289,0.04173354735152488
19290,0.2767527675276753
19291,0.027613412228796843
19292,0.967032967032967
19293,0.901060070671378
19294,0.008923742563547863
19295,0.008923742563547863
19296,0.008923742563547863
19297,0.027613412228796843
19298,0.994535519125683
19299,0.04173354735152488
19300,0.11815561959654179
19301,0.11815561959654179
19302,0.027613412228796843
19303,0.2767527675276753
19304,0.7264957264957265
19305,0.20459081836327345
19306,0.04173354735152488
19307,0.027613412228796843
19308,0.20459081836327345
19309,0.20459081836327345
19310,0.008923742563547863
19311,0.20459081836327345
19312,0.20459081836327345
19313,0.11815561959654179
19314,0.48857142857142855
19315,0.04173354735152488
19316,0.4431137724550898
19317,0.20459081836327345
19318,0.04173354735152488
19319,0.2767527675276753
19320,0.008923742563547863
19321,0.20459081836327345
19322,0.1925133689839572
19323,0.04173354735152488
19324,0.008923742563547863
19325,0.027613412228796843
19326,0.48857142857142855
19327,0.008923742563547863
19328,0.008923742563547863
19329,0.008923742563547863
19330,0.008923742563547863
19331,0.994535519125683
19332,0.07417582417582418
19333,0.021212121212121213
19334,0.027613412228796843
19335,0.027613412228796843
19336,0.04173354735152488
19337,0.9411764705882353
19338,0.20459081836327345
19339,0.008923742563547863
19340,0.20459081836327345
19341,0.04173354735152488
19342,0.008923742563547863
19343,0.04173354735152488
19344,0.07417582417582418
19345,0.1925133689839572
19346,0.008923742563547863
19347,0.11815561959654179
19348,0.04173354735152488
19349,0.38271604938271603
19350,0.008923742563547863
19351,0.07417582417582418
19352,0.3333333333333333
19353,0.20459081836327345
19354,0.04173354735152488
19355,0.04173354735152488
19356,0.04173354735152488
19357,0.027613412228796843
19358,0.11815561959654179
19359,0.07417582417582418
19360,0.20459081836327345
19361,0.04173354735152488
19362,0.20459081836327345
19363,0.20459081836327345
19364,0.38271604938271603
19365,0.2767527675276753
19366,0.008923742563547863
19367,0.48857142857142855
19368,0.11815561959654179
19369,0.027613412228796843
19370,0.008923742563547863
19371,0.901060070671378
19372,0.008923742563547863
19373,0.008923742563547863
19374,0.04173354735152488
19375,0.008923742563547863
19376,0.008923742563547863
19377,0.901060070671378
19378,0.04173354735152488
19379,0.008923742563547863
19380,0.008923742563547863
19381,0.027613412228796843
19382,0.04173354735152488
19383,0.008923742563547863
19384,0.008923742563547863
19385,0.027613412228796843
19386,0.04173354735152488
19387,0.008923742563547863
19388,0.2767527675276753
19389,1.0
19390,0.48857142857142855
19391,0.901060070671378
19392,0.027613412228796843
19393,0.008923742563547863
19394,0.04173354735152488
19395,0.20459081836327345
19396,0.008923742563547863
19397,0.967032967032967
19398,0.04173354735152488
19399,0.008923742563547863
19400,0.04173354735152488
19401,0.07417582417582418
19402,0.008923742563547863
19403,0.2767527675276753
19404,0.027613412228796843
19405,0.008923742563547863
19406,0.04173354735152488
19407,0.20459081836327345
19408,0.008923742563547863
19409,0.008923742563547863
19410,0.008923742563547863
19411,0.008923742563547863
19412,0.008923742563547863
19413,0.008923742563547863
19414,0.38271604938271603
19415,0.008923742563547863
19416,0.11815561959654179
19417,1.0
19418,0.008923742563547863
19419,0.11815561959654179
19420,0.1925133689839572
19421,0.8596491228070176
19422,0.027613412228796843
19423,0.4431137724550898
19424,0.48857142857142855
19425,0.008923742563547863
19426,0.008923742563547863
19427,0.027613412228796843
19428,0.027613412228796843
19429,0.027613412228796843
19430,0.008923742563547863
19431,0.027613412228796843
19432,0.008923742563547863
19433,0.027613412228796843
19434,0.48857142857142855
19435,0.04173354735152488
19436,0.008923742563547863
19437,0.994535519125683
19438,0.008923742563547863
19439,0.8596491228070176
19440,0.027613412228796843
19441,0.04173354735152488
19442,0.027613412228796843
19443,0.008923742563547863
19444,0.008923742563547863
19445,0.04173354735152488
19446,0.008923742563547863
19447,0.021212121212121213
19448,0.04173354735152488
19449,0.008923742563547863
19450,0.008923742563547863
19451,0.4431137724550898
19452,0.008923742563547863
19453,0.008923742563547863
19454,0.7709251101321586
19455,0.04173354735152488
19456,0.04173354735152488
19457,0.2767527675276753
19458,0.1925133689839572
19459,0.008923742563547863
19460,0.994535519125683
19461,0.008923742563547863
19462,0.008923742563547863
19463,0.021212121212121213
19464,0.20459081836327345
19465,0.04173354735152488
19466,0.008923742563547863
19467,0.027613412228796843
19468,0.901060070671378
19469,0.008923742563547863
19470,0.07417582417582418
19471,0.04173354735152488
19472,0.7709251101321586
19473,0.008923742563547863
19474,0.04173354735152488
19475,0.04173354735152488
19476,0.008923742563547863
19477,0.901060070671378
19478,0.2767527675276753
19479,0.008923742563547863
19480,0.20459081836327345
19481,0.48857142857142855
19482,0.20459081836327345
19483,0.008923742563547863
19484,0.008923742563547863
19485,0.008923742563547863
19486,0.994535519125683
19487,0.20459081836327345
19488,0.07417582417582418
19489,0.20459081836327345
19490,0.008923742563547863
19491,0.20459081836327345
19492,0.11815561959654179
19493,0.20459081836327345
19494,0.27419354838709675
19495,0.008923742563547863
19496,0.38271604938271603
19497,0.04173354735152488
19498,0.20459081836327345
19499,0.027613412228796843
19500,0.901060070671378
19501,0.027613412228796843
19502,0.994535519125683
19503,0.8596491228070176
19504,0.9411764705882353
19505,0.07417582417582418
19506,0.20459081836327345
19507,0.38271604938271603
19508,0.20459081836327345
19509,0.008923742563547863
19510,0.008923742563547863
19511,0.04173354735152488
19512,0.20459081836327345
19513,0.027613412228796843
19514,0.008923742563547863
19515,0.7709251101321586
19516,0.38271604938271603
19517,0.11815561959654179
19518,0.027613412228796843
19519,0.027613412228796843
19520,0.008923742563547863
19521,0.027613412228796843
19522,0.48857142857142855
19523,0.027613412228796843
19524,0.04173354735152488
19525,0.04173354735152488
19526,0.008923742563547863
19527,0.4431137724550898
19528,0.48857142857142855
19529,0.04173354735152488
19530,0.38271604938271603
19531,0.008923742563547863
19532,0.48857142857142855
19533,0.027613412228796843
19534,0.07417582417582418
19535,0.04173354735152488
19536,0.027613412228796843
19537,0.008923742563547863
19538,0.2767527675276753
19539,0.2767527675276753
19540,0.48857142857142855
19541,0.027613412228796843
19542,0.027613412228796843
19543,0.008923742563547863
19544,0.38271604938271603
19545,0.38271604938271603
19546,0.7709251101321586
19547,0.027613412228796843
19548,0.008923742563547863
19549,0.021212121212121213
19550,0.20459081836327345
19551,0.11815561959654179
19552,0.008923742563547863
19553,0.008923742563547863
19554,0.027613412228796843
19555,0.027613412228796843
19556,0.008923742563547863
19557,0.994535519125683
19558,0.008923742563547863
19559,0.04173354735152488
19560,0.027613412228796843
19561,0.9411764705882353
19562,0.07417582417582418
19563,0.027613412228796843
19564,0.027613412228796843
19565,0.2767527675276753
19566,0.04173354735152488
19567,0.901060070671378
19568,0.008923742563547863
19569,0.20459081836327345
19570,0.008923742563547863
19571,0.008923742563547863
19572,0.027613412228796843
19573,0.008923742563547863
19574,0.008923742563547863
19575,0.20459081836327345
19576,0.38271604938271603
19577,0.008923742563547863
19578,0.008923742563547863
19579,0.04173354735152488
19580,0.027613412228796843
19581,0.4431137724550898
19582,0.04173354735152488
19583,0.008923742563547863
19584,0.027613412228796843
19585,0.008923742563547863
19586,0.48857142857142855
19587,0.027613412228796843
19588,0.07417582417582418
19589,0.027613412228796843
19590,0.48857142857142855
19591,0.04173354735152488
19592,0.027613412228796843
19593,0.9411764705882353
19594,0.027613412228796843
19595,0.20459081836327345
19596,0.04173354735152488
19597,0.07417582417582418
19598,0.008923742563547863
19599,0.008923742563547863
19600,0.027613412228796843
19601,0.901060070671378
19602,0.901060070671378
19603,0.9411764705882353
19604,0.027613412228796843
19605,0.38271604938271603
19606,0.04173354735152488
19607,0.027613412228796843
19608,0.04173354735152488
19609,0.11815561959654179
19610,0.27419354838709675
19611,0.20459081836327345
19612,0.20459081836327345
19613,0.008923742563547863
19614,0.04173354735152488
19615,0.027613412228796843
19616,0.008923742563547863
19617,0.008923742563547863
19618,0.8596491228070176
19619,0.11815561959654179
19620,0.07417582417582418
19621,0.07417582417582418
19622,1.0
19623,0.008923742563547863
19624,0.20459081836327345
19625,0.021212121212121213
19626,0.48857142857142855
19627,0.04173354735152488
19628,0.1925133689839572
19629,0.021212121212121213
19630,0.027613412228796843
19631,1.0
19632,0.20459081836327345
19633,0.027613412228796843
19634,0.04173354735152488
19635,0.027613412228796843
19636,0.11815561959654179
19637,0.38271604938271603
19638,0.027613412228796843
19639,0.008923742563547863
19640,0.04173354735152488
19641,0.008923742563547863
19642,0.008923742563547863
19643,0.008923742563547863
19644,0.027613412228796843
19645,0.07417582417582418
19646,0.04173354735152488
19647,0.008923742563547863
19648,0.027613412228796843
19649,0.11815561959654179
19650,0.008923742563547863
19651,0.008923742563547863
19652,0.04173354735152488
19653,0.008923742563547863
19654,0.901060070671378
19655,0.021212121212121213
19656,0.04173354735152488
19657,0.027613412228796843
19658,0.994535519125683
19659,0.008923742563547863
19660,0.20459081836327345
19661,0.38271604938271603
19662,0.04173354735152488
19663,0.008923742563547863
19664,0.7264957264957265
19665,0.008923742563547863
19666,0.008923742563547863
19667,0.027613412228796843
19668,0.008923742563547863
19669,0.008923742563547863
19670,0.04173354735152488
19671,0.20459081836327345
19672,0.04173354735152488
19673,0.008923742563547863
19674,0.1925133689839572
19675,0.7709251101321586
19676,0.11815561959654179
19677,0.008923742563547863
19678,0.008923742563547863
19679,0.027613412228796843
19680,0.008923742563547863
19681,0.38271604938271603
19682,0.994535519125683
19683,0.07417582417582418
19684,0.027613412228796843
19685,0.38271604938271603
19686,0.008923742563547863
19687,0.20459081836327345
19688,0.008923742563547863
19689,0.04173354735152488
19690,0.7264957264957265
19691,0.07417582417582418
19692,0.9411764705882353
19693,0.008923742563547863
19694,0.027613412228796843
19695,0.07417582417582418
19696,0.008923742563547863
19697,0.38271604938271603
19698,0.027613412228796843
19699,0.04173354735152488
19700,0.008923742563547863
19701,0.008923742563547863
19702,0.38271604938271603
19703,0.008923742563547863
19704,0.20459081836327345
19705,0.20459081836327345
19706,0.7709251101321586
19707,0.008923742563547863
19708,0.008923742563547863
19709,0.008923742563547863
19710,0.008923742563547863
19711,0.994535519125683
19712,0.027613412228796843
19713,0.008923742563547863
19714,0.20459081836327345
19715,0.07417582417582418
19716,0.008923742563547863
19717,0.20459081836327345
19718,0.008923742563547863
19719,0.008923742563547863
19720,0.04173354735152488
19721,0.008923742563547863
19722,0.7264957264957265
19723,0.901060070671378
19724,0.008923742563547863
19725,0.04173354735152488
19726,0.008923742563547863
19727,0.07417582417582418
19728,0.07417582417582418
19729,0.008923742563547863
19730,0.008923742563547863
19731,0.04173354735152488
19732,0.20459081836327345
19733,0.008923742563547863
19734,0.2767527675276753
19735,0.008923742563547863
19736,0.07417582417582418
19737,0.994535519125683
19738,0.48857142857142855
19739,0.38271604938271603
19740,0.008923742563547863
19741,0.027613412228796843
19742,0.027613412228796843
19743,0.48857142857142855
19744,0.008923742563547863
19745,0.04173354735152488
19746,0.04173354735152488
19747,0.04173354735152488
19748,0.027613412228796843
19749,0.008923742563547863
19750,0.04173354735152488
19751,0.04173354735152488
19752,0.04173354735152488
19753,0.008923742563547863
19754,0.27419354838709675
19755,0.008923742563547863
19756,0.027613412228796843
19757,0.04173354735152488
19758,0.7709251101321586
19759,0.04173354735152488
19760,0.04173354735152488
19761,0.008923742563547863
19762,0.008923742563547863
19763,0.008923742563547863
19764,0.48857142857142855
19765,0.008923742563547863
19766,0.994535519125683
19767,0.1925133689839572
19768,1.0
19769,0.008923742563547863
19770,0.04173354735152488
19771,0.008923742563547863
19772,0.008923742563547863
19773,0.1925133689839572
19774,0.9411764705882353
19775,0.008923742563547863
19776,0.008923742563547863
19777,0.1925133689839572
19778,0.11815561959654179
19779,0.04173354735152488
19780,0.008923742563547863
19781,0.2767527675276753
19782,0.04173354735152488
19783,0.008923742563547863
19784,0.04173354735152488
19785,0.008923742563547863
19786,0.008923742563547863
19787,0.008923742563547863
19788,0.04173354735152488
19789,0.027613412228796843
19790,0.901060070671378
19791,0.04173354735152488
19792,0.027613412228796843
19793,0.1925133689839572
19794,0.9411764705882353
19795,0.008923742563547863
19796,0.04173354735152488
19797,0.04173354735152488
19798,0.008923742563547863
19799,0.994535519125683
19800,0.008923742563547863
19801,0.027613412228796843
19802,0.027613412228796843
19803,0.04173354735152488
19804,0.967032967032967
19805,0.04173354735152488
19806,0.008923742563547863
19807,0.04173354735152488
19808,0.027613412228796843
19809,0.008923742563547863
19810,0.11815561959654179
19811,0.008923742563547863
19812,0.008923742563547863
19813,0.008923742563547863
19814,0.04173354735152488
19815,0.07417582417582418
19816,0.07417582417582418
19817,0.027613412228796843
19818,0.027613412228796843
19819,0.008923742563547863
19820,0.027613412228796843
19821,0.008923742563547863
19822,0.008923742563547863
19823,0.027613412228796843
19824,0.07417582417582418
19825,0.20459081836327345
19826,0.04173354735152488
19827,0.04173354735152488
19828,0.027613412228796843
19829,0.38271604938271603
19830,0.027613412228796843
19831,0.027613412228796843
19832,0.07417582417582418
19833,0.4431137724550898
19834,0.008923742563547863
19835,0.04173354735152488
19836,0.008923742563547863
19837,0.008923742563547863
19838,0.027613412228796843
19839,0.07417582417582418
19840,0.20459081836327345
19841,0.04173354735152488
19842,0.008923742563547863
19843,0.20459081836327345
19844,0.04173354735152488
19845,0.04173354735152488
19846,0.008923742563547863
19847,0.008923742563547863
19848,0.20459081836327345
19849,0.04173354735152488
19850,0.008923742563547863
19851,0.008923742563547863
19852,0.11815561959654179
19853,0.20459081836327345
19854,0.994535519125683
19855,0.04173354735152488
19856,0.04173354735152488
19857,0.38271604938271603
19858,0.20459081836327345
19859,0.2767527675276753
19860,0.7264957264957265
19861,1.0
19862,0.11815561959654179
19863,0.4431137724550898
19864,0.008923742563547863
19865,0.027613412228796843
19866,0.11815561959654179
19867,0.027613412228796843
19868,0.027613412228796843
19869,0.027613412228796843
19870,0.11815561959654179
19871,0.04173354735152488
19872,0.11815561959654179
19873,0.48857142857142855
19874,0.008923742563547863
19875,0.04173354735152488
19876,0.008923742563547863
19877,0.07417582417582418
19878,0.008923742563547863
19879,0.008923742563547863
19880,0.027613412228796843
19881,0.04173354735152488
19882,0.008923742563547863
19883,0.04173354735152488
19884,0.07417582417582418
19885,0.994535519125683
19886,0.04173354735152488
19887,0.008923742563547863
19888,0.967032967032967
19889,0.20459081836327345
19890,0.027613412228796843
19891,0.04173354735152488
19892,0.1925133689839572
19893,0.04173354735152488
19894,0.027613412228796843
19895,0.7709251101321586
19896,0.008923742563547863
19897,0.7709251101321586
19898,0.027613412228796843
19899,0.04173354735152488
19900,0.27419354838709675
19901,0.20459081836327345
19902,0.008923742563547863
19903,0.07417582417582418
19904,0.008923742563547863
19905,0.008923742563547863
19906,0.04173354735152488
19907,0.027613412228796843
19908,0.008923742563547863
19909,0.20459081836327345
19910,0.48857142857142855
19911,0.48857142857142855
19912,0.008923742563547863
19913,0.008923742563547863
19914,0.11815561959654179
19915,0.1925133689839572
19916,0.008923742563547863
19917,0.008923742563547863
19918,0.008923742563547863
19919,0.027613412228796843
19920,0.027613412228796843
19921,0.04173354735152488
19922,0.48857142857142855
19923,0.04173354735152488
19924,0.1925133689839572
19925,0.2767527675276753
19926,0.1925133689839572
19927,0.48857142857142855
19928,0.027613412228796843
19929,0.04173354735152488
19930,0.04173354735152488
19931,0.008923742563547863
19932,0.07417582417582418
19933,0.008923742563547863
19934,0.021212121212121213
19935,0.11815561959654179
19936,0.008923742563547863
19937,0.20459081836327345
19938,0.008923742563547863
19939,0.027613412228796843
19940,0.008923742563547863
19941,0.008923742563547863
19942,0.027613412228796843
19943,0.008923742563547863
19944,0.008923742563547863
19945,0.04173354735152488
19946,0.027613412228796843
19947,0.008923742563547863
19948,0.07417582417582418
19949,0.008923742563547863
19950,0.20459081836327345
19951,0.38271604938271603
19952,0.008923742563547863
19953,0.2767527675276753
19954,0.027613412228796843
19955,0.04173354735152488
19956,0.20459081836327345
19957,0.008923742563547863
19958,0.008923742563547863
19959,0.027613412228796843
19960,0.04173354735152488
19961,0.008923742563547863
19962,0.11815561959654179
19963,0.027613412228796843
19964,0.008923742563547863
19965,0.008923742563547863
19966,0.04173354735152488
19967,0.04173354735152488
19968,0.38271604938271603
19969,0.3333333333333333
19970,0.04173354735152488
19971,0.008923742563547863
19972,0.027613412228796843
19973,0.9411764705882353
19974,0.008923742563547863
19975,0.994535519125683
19976,0.04173354735152488
19977,0.008923742563547863
19978,0.027613412228796843
19979,0.48857142857142855
19980,0.20459081836327345
19981,0.027613412228796843
19982,0.027613412228796843
19983,0.7264957264957265
19984,0.48857142857142855
19985,0.04173354735152488
19986,0.008923742563547863
19987,0.967032967032967
19988,0.008923742563547863
19989,0.027613412228796843
19990,0.2767527675276753
19991,0.008923742563547863
19992,0.9411764705882353
19993,0.04173354735152488
19994,0.27419354838709675
19995,0.20459081836327345
19996,0.11815561959654179
19997,0.008923742563547863
19998,0.008923742563547863
19999,0.008923742563547863
20000,0.008923742563547863
20001,0.008923742563547863
20002,0.20459081836327345
20003,0.07417582417582418
20004,0.27419354838709675
20005,0.1925133689839572
20006,0.9411764705882353
20007,0.4431137724550898
20008,0.48857142857142855
20009,0.008923742563547863
20010,0.008923742563547863
20011,0.021212121212121213
20012,0.008923742563547863
20013,0.027613412228796843
20014,0.20459081836327345
20015,0.027613412228796843
20016,0.021212121212121213
20017,0.008923742563547863
20018,0.008923742563547863
20019,0.021212121212121213
20020,0.008923742563547863
20021,0.027613412228796843
20022,0.07417582417582418
20023,0.04173354735152488
20024,0.027613412228796843
20025,0.027613412228796843
20026,0.027613412228796843
20027,0.9411764705882353
20028,0.008923742563547863
20029,0.7709251101321586
20030,0.027613412228796843
20031,0.008923742563547863
20032,0.04173354735152488
20033,0.48857142857142855
20034,0.021212121212121213
20035,0.20459081836327345
20036,0.008923742563547863
20037,0.20459081836327345
20038,1.0
20039,0.48857142857142855
20040,0.008923742563547863
20041,0.008923742563547863
20042,0.027613412228796843
20043,0.027613412228796843
20044,0.008923742563547863
20045,0.38271604938271603
20046,0.7709251101321586
20047,1.0
20048,0.008923742563547863
20049,0.38271604938271603
20050,0.38271604938271603
20051,0.008923742563547863
20052,0.027613412228796843
20053,1.0
20054,0.008923742563547863
20055,0.20459081836327345
20056,0.008923742563547863
20057,0.04173354735152488
20058,0.1925133689839572
20059,0.20459081836327345
20060,0.027613412228796843
20061,0.027613412228796843
20062,0.04173354735152488
20063,0.008923742563547863
20064,0.027613412228796843
20065,0.04173354735152488
20066,0.04173354735152488
20067,0.04173354735152488
20068,0.04173354735152488
20069,0.48857142857142855
20070,0.021212121212121213
20071,0.021212121212121213
20072,0.20459081836327345
20073,0.20459081836327345
20074,0.008923742563547863
20075,0.008923742563547863
20076,0.4431137724550898
20077,0.20459081836327345
20078,0.021212121212121213
20079,0.008923742563547863
20080,0.04173354735152488
20081,0.7709251101321586
20082,0.04173354735152488
20083,0.20459081836327345
20084,0.9411764705882353
20085,0.008923742563547863
20086,0.008923742563547863
20087,0.008923742563547863
20088,0.027613412228796843
20089,0.008923742563547863
20090,0.2767527675276753
20091,0.1925133689839572
20092,0.008923742563547863
20093,0.20459081836327345
20094,0.48857142857142855
20095,0.04173354735152488
20096,0.48857142857142855
20097,0.38271604938271603
20098,0.008923742563547863
20099,0.008923742563547863
20100,0.9411764705882353
20101,0.04173354735152488
20102,0.04173354735152488
20103,0.008923742563547863
20104,0.7709251101321586
20105,0.008923742563547863
20106,0.027613412228796843
20107,0.38271604938271603
20108,0.008923742563547863
20109,1.0
20110,0.48857142857142855
20111,0.04173354735152488
20112,0.027613412228796843
20113,0.027613412228796843
20114,0.7264957264957265
20115,0.901060070671378
20116,0.1925133689839572
20117,0.008923742563547863
20118,0.008923742563547863
20119,0.04173354735152488
20120,0.008923742563547863
20121,0.008923742563547863
20122,0.04173354735152488
20123,0.04173354735152488
20124,0.20459081836327345
20125,0.027613412228796843
20126,0.027613412228796843
20127,0.07417582417582418
20128,0.994535519125683
20129,0.20459081836327345
20130,0.20459081836327345
20131,0.008923742563547863
20132,0.04173354735152488
20133,0.008923742563547863
20134,0.04173354735152488
20135,0.8596491228070176
20136,0.008923742563547863
20137,0.008923742563547863
20138,0.994535519125683
20139,0.008923742563547863
20140,0.38271604938271603
20141,0.008923742563547863
20142,0.027613412228796843
20143,0.021212121212121213
20144,0.04173354735152488
20145,0.008923742563547863
20146,0.04173354735152488
20147,0.027613412228796843
20148,0.008923742563547863
20149,0.38271604938271603
20150,0.027613412228796843
20151,0.9411764705882353
20152,0.027613412228796843
20153,0.027613412228796843
20154,0.008923742563547863
20155,0.04173354735152488
20156,0.008923742563547863
20157,0.11815561959654179
20158,0.027613412228796843
20159,0.04173354735152488
20160,0.994535519125683
20161,0.021212121212121213
20162,0.027613412228796843
20163,0.027613412228796843
20164,0.20459081836327345
20165,0.027613412228796843
20166,0.027613412228796843
20167,0.38271604938271603
20168,0.008923742563547863
20169,0.008923742563547863
20170,0.008923742563547863
20171,0.901060070671378
20172,0.3333333333333333
20173,0.994535519125683
20174,0.04173354735152488
20175,0.48857142857142855
20176,0.021212121212121213
20177,0.008923742563547863
20178,0.027613412228796843
20179,0.04173354735152488
20180,0.027613412228796843
20181,0.027613412228796843
20182,0.27419354838709675
20183,0.008923742563547863
20184,0.901060070671378
20185,0.20459081836327345
20186,0.027613412228796843
20187,0.008923742563547863
20188,0.4431137724550898
20189,0.20459081836327345
20190,0.38271604938271603
20191,0.008923742563547863
20192,0.901060070671378
20193,0.20459081836327345
20194,0.027613412228796843
20195,0.901060070671378
20196,0.008923742563547863
20197,0.008923742563547863
20198,0.008923742563547863
20199,0.027613412228796843
20200,0.008923742563547863
20201,0.1925133689839572
20202,0.008923742563547863
20203,0.20459081836327345
20204,0.04173354735152488
20205,0.008923742563547863
20206,0.04173354735152488
20207,1.0
20208,0.027613412228796843
20209,0.008923742563547863
20210,0.008923742563547863
20211,0.008923742563547863
20212,0.994535519125683
20213,0.008923742563547863
20214,0.2767527675276753
20215,0.4431137724550898
20216,0.027613412228796843
20217,0.008923742563547863
20218,0.07417582417582418
20219,0.9411764705882353
20220,0.20459081836327345
20221,0.48857142857142855
20222,0.008923742563547863
20223,0.20459081836327345
20224,0.04173354735152488
20225,0.20459081836327345
20226,0.008923742563547863
20227,0.2767527675276753
20228,0.9411764705882353
20229,0.04173354735152488
20230,0.008923742563547863
20231,0.38271604938271603
20232,0.38271604938271603
20233,0.021212121212121213
20234,0.008923742563547863
20235,0.027613412228796843
20236,0.2767527675276753
20237,0.38271604938271603
20238,0.2767527675276753
20239,0.008923742563547863
20240,0.008923742563547863
20241,0.008923742563547863
20242,0.008923742563547863
20243,0.008923742563547863
20244,0.008923742563547863
20245,0.38271604938271603
20246,0.9411764705882353
20247,0.008923742563547863
20248,0.008923742563547863
20249,0.48857142857142855
20250,0.04173354735152488
20251,0.008923742563547863
20252,0.027613412228796843
20253,0.008923742563547863
20254,0.04173354735152488
20255,0.04173354735152488
20256,0.48857142857142855
20257,0.901060070671378
20258,0.20459081836327345
20259,0.2767527675276753
20260,0.008923742563547863
20261,0.20459081836327345
20262,0.04173354735152488
20263,1.0
20264,0.20459081836327345
20265,0.04173354735152488
20266,0.901060070671378
20267,0.48857142857142855
20268,0.021212121212121213
20269,0.20459081836327345
20270,0.04173354735152488
20271,0.20459081836327345
20272,0.008923742563547863
20273,0.04173354735152488
20274,0.11815561959654179
20275,0.008923742563547863
20276,0.48857142857142855
20277,0.48857142857142855
20278,0.04173354735152488
20279,0.04173354735152488
20280,0.008923742563547863
20281,0.07417582417582418
20282,0.027613412228796843
20283,0.7709251101321586
20284,0.008923742563547863
20285,0.901060070671378
20286,0.008923742563547863
20287,0.008923742563547863
20288,0.008923742563547863
20289,0.901060070671378
20290,0.008923742563547863
20291,0.008923742563547863
20292,0.7264957264957265
20293,0.7264957264957265
20294,0.008923742563547863
20295,0.11815561959654179
20296,0.04173354735152488
20297,0.07417582417582418
20298,0.027613412228796843
20299,0.901060070671378
20300,0.04173354735152488
20301,0.008923742563547863
20302,0.994535519125683
20303,0.008923742563547863
20304,0.2767527675276753
20305,0.008923742563547863
20306,0.008923742563547863
20307,0.07417582417582418
20308,0.20459081836327345
20309,0.1925133689839572
20310,0.027613412228796843
20311,0.027613412228796843
20312,0.027613412228796843
20313,0.008923742563547863
20314,0.38271604938271603
20315,0.9411764705882353
20316,0.04173354735152488
20317,0.008923742563547863
20318,0.04173354735152488
20319,0.901060070671378
20320,0.901060070671378
20321,0.04173354735152488
20322,0.20459081836327345
20323,0.008923742563547863
20324,0.901060070671378
20325,0.008923742563547863
20326,0.027613412228796843
20327,0.04173354735152488
20328,0.027613412228796843
20329,0.04173354735152488
20330,0.48857142857142855
20331,0.967032967032967
20332,0.7264957264957265
20333,0.04173354735152488
20334,0.9411764705882353
20335,0.7264957264957265
20336,0.04173354735152488
20337,0.008923742563547863
20338,0.04173354735152488
20339,0.38271604938271603
20340,0.027613412228796843
20341,0.20459081836327345
20342,0.027613412228796843
20343,0.8596491228070176
20344,0.027613412228796843
20345,0.8596491228070176
20346,0.20459081836327345
20347,0.008923742563547863
20348,0.48857142857142855
20349,0.027613412228796843
20350,0.021212121212121213
20351,0.20459081836327345
20352,0.11815561959654179
20353,0.008923742563547863
20354,0.20459081836327345
20355,0.027613412228796843
20356,0.008923742563547863
20357,0.38271604938271603
20358,0.008923742563547863
20359,0.04173354735152488
20360,0.04173354735152488
20361,0.027613412228796843
20362,0.008923742563547863
20363,0.008923742563547863
20364,0.9411764705882353
20365,0.008923742563547863
20366,0.008923742563547863
20367,0.04173354735152488
20368,0.027613412228796843
20369,0.021212121212121213
20370,0.04173354735152488
20371,0.07417582417582418
20372,0.021212121212121213
20373,0.07417582417582418
20374,0.008923742563547863
20375,0.008923742563547863
20376,0.021212121212121213
20377,0.0
20378,0.008923742563547863
20379,0.04173354735152488
20380,0.008923742563547863
20381,0.7264957264957265
20382,0.008923742563547863
20383,0.9411764705882353
20384,0.008923742563547863
20385,0.027613412228796843
20386,0.008923742563547863
20387,0.021212121212121213
20388,0.027613412228796843
20389,0.11815561959654179
20390,0.38271604938271603
20391,0.2767527675276753
20392,0.07417582417582418
20393,0.07417582417582418
20394,0.967032967032967
20395,0.008923742563547863
20396,0.20459081836327345
20397,0.008923742563547863
20398,0.994535519125683
20399,0.008923742563547863
20400,0.20459081836327345
20401,1.0
20402,0.9411764705882353
20403,0.008923742563547863
20404,0.008923742563547863
20405,0.008923742563547863
20406,0.04173354735152488
20407,0.20459081836327345
20408,0.38271604938271603
20409,0.4431137724550898
20410,0.7709251101321586
20411,0.04173354735152488
20412,0.008923742563547863
20413,0.04173354735152488
20414,0.994535519125683
20415,0.901060070671378
20416,0.008923742563547863
20417,0.027613412228796843
20418,0.027613412228796843
20419,0.027613412228796843
20420,0.027613412228796843
20421,0.2767527675276753
20422,0.008923742563547863
20423,0.04173354735152488
20424,0.11815561959654179
20425,0.008923742563547863
20426,0.7264957264957265
20427,0.008923742563547863
20428,0.9411764705882353
20429,0.20459081836327345
20430,0.008923742563547863
20431,0.008923742563547863
20432,0.20459081836327345
20433,0.027613412228796843
20434,0.04173354735152488
20435,0.008923742563547863
20436,0.008923742563547863
20437,0.901060070671378
20438,0.901060070671378
20439,0.04173354735152488
20440,0.008923742563547863
20441,0.04173354735152488
20442,0.008923742563547863
20443,0.2767527675276753
20444,0.2767527675276753
20445,0.20459081836327345
20446,0.027613412228796843
20447,0.48857142857142855
20448,0.07417582417582418
20449,0.967032967032967
20450,0.7264957264957265
20451,0.994535519125683
20452,0.07417582417582418
20453,0.008923742563547863
20454,0.04173354735152488
20455,0.008923742563547863
20456,0.008923742563547863
20457,0.008923742563547863
20458,0.04173354735152488
20459,0.48857142857142855
20460,0.38271604938271603
20461,0.027613412228796843
20462,0.008923742563547863
20463,0.04173354735152488
20464,0.008923742563547863
20465,0.008923742563547863
20466,0.008923742563547863
20467,0.901060070671378
20468,0.04173354735152488
20469,0.04173354735152488
20470,0.008923742563547863
20471,0.04173354735152488
20472,0.021212121212121213
20473,0.008923742563547863
20474,0.008923742563547863
20475,0.008923742563547863
20476,0.20459081836327345
20477,0.8596491228070176
20478,0.027613412228796843
20479,0.38271604938271603
20480,0.20459081836327345
20481,0.20459081836327345
20482,0.1925133689839572
20483,0.027613412228796843
20484,0.008923742563547863
20485,0.008923742563547863
20486,0.027613412228796843
20487,0.48857142857142855
20488,0.008923742563547863
20489,0.0
20490,1.0
20491,0.20459081836327345
20492,0.04173354735152488
20493,0.027613412228796843
20494,0.07417582417582418
20495,0.008923742563547863
20496,0.008923742563547863
20497,0.008923742563547863
20498,0.04173354735152488
20499,0.7264957264957265
20500,0.008923742563547863
20501,0.008923742563547863
20502,0.04173354735152488
20503,0.04173354735152488
20504,0.008923742563547863
20505,0.901060070671378
20506,0.008923742563547863
20507,0.07417582417582418
20508,0.04173354735152488
20509,0.901060070671378
20510,0.04173354735152488
20511,0.008923742563547863
20512,0.9411764705882353
20513,0.4431137724550898
20514,0.027613412228796843
20515,0.48857142857142855
20516,0.008923742563547863
20517,0.008923742563547863
20518,0.008923742563547863
20519,0.04173354735152488
20520,0.008923742563547863
20521,0.38271604938271603
20522,0.008923742563547863
20523,0.11815561959654179
20524,0.07417582417582418
20525,0.11815561959654179
20526,0.008923742563547863
20527,0.04173354735152488
20528,0.04173354735152488
20529,0.04173354735152488
20530,0.021212121212121213
20531,0.027613412228796843
20532,0.04173354735152488
20533,0.027613412228796843
20534,0.008923742563547863
20535,0.1925133689839572
20536,0.008923742563547863
20537,0.901060070671378
20538,0.021212121212121213
20539,0.021212121212121213
20540,0.48857142857142855
20541,0.008923742563547863
20542,0.021212121212121213
20543,0.11815561959654179
20544,0.7709251101321586
20545,0.07417582417582418
20546,0.008923742563547863
20547,0.2767527675276753
20548,0.7264957264957265
20549,0.1925133689839572
20550,0.027613412228796843
20551,0.008923742563547863
20552,0.20459081836327345
20553,0.008923742563547863
20554,0.027613412228796843
20555,0.027613412228796843
20556,0.027613412228796843
20557,0.2767527675276753
20558,0.008923742563547863
20559,0.008923742563547863
20560,0.027613412228796843
20561,0.008923742563547863
20562,0.008923742563547863
20563,0.008923742563547863
20564,0.20459081836327345
20565,0.07417582417582418
20566,0.20459081836327345
20567,0.04173354735152488
20568,0.008923742563547863
20569,0.04173354735152488
20570,0.027613412228796843
20571,0.008923742563547863
20572,0.20459081836327345
20573,0.027613412228796843
20574,0.4431137724550898
20575,0.027613412228796843
20576,0.20459081836327345
20577,0.20459081836327345
20578,0.901060070671378
20579,0.027613412228796843
20580,0.008923742563547863
20581,0.04173354735152488
20582,0.07417582417582418
20583,0.48857142857142855
20584,0.008923742563547863
20585,0.027613412228796843
20586,0.027613412228796843
20587,0.027613412228796843
20588,0.008923742563547863
20589,0.967032967032967
20590,0.38271604938271603
20591,0.11815561959654179
20592,0.38271604938271603
20593,0.027613412228796843
20594,0.008923742563547863
20595,0.008923742563547863
20596,0.11815561959654179
20597,0.04173354735152488
20598,0.38271604938271603
20599,0.07417582417582418
20600,0.2767527675276753
20601,0.008923742563547863
20602,0.48857142857142855
20603,0.11815561959654179
20604,0.008923742563547863
20605,0.008923742563547863
20606,0.20459081836327345
20607,0.008923742563547863
20608,0.994535519125683
20609,0.7264957264957265
20610,0.3333333333333333
20611,0.07417582417582418
20612,0.008923742563547863
20613,0.20459081836327345
20614,1.0
20615,0.7709251101321586
20616,0.04173354735152488
20617,0.008923742563547863
20618,0.04173354735152488
20619,0.008923742563547863
20620,0.20459081836327345
20621,0.008923742563547863
20622,0.008923742563547863
20623,0.027613412228796843
20624,0.48857142857142855
20625,0.04173354735152488
20626,0.008923742563547863
20627,0.027613412228796843
20628,0.20459081836327345
20629,0.38271604938271603
20630,0.04173354735152488
20631,0.008923742563547863
20632,0.027613412228796843
20633,0.008923742563547863
20634,0.7709251101321586
20635,0.008923742563547863
20636,0.008923742563547863
20637,0.20459081836327345
20638,0.04173354735152488
20639,0.04173354735152488
20640,0.38271604938271603
20641,0.20459081836327345
20642,0.008923742563547863
20643,0.04173354735152488
20644,0.48857142857142855
20645,0.04173354735152488
20646,0.027613412228796843
20647,0.04173354735152488
20648,0.20459081836327345
20649,0.027613412228796843
20650,0.11815561959654179
20651,0.027613412228796843
20652,0.04173354735152488
20653,0.38271604938271603
20654,0.38271604938271603
20655,0.027613412228796843
20656,0.7709251101321586
20657,0.2767527675276753
20658,0.008923742563547863
20659,0.901060070671378
20660,0.2767527675276753
20661,0.027613412228796843
20662,0.008923742563547863
20663,0.20459081836327345
20664,0.008923742563547863
20665,0.027613412228796843
20666,0.07417582417582418
20667,0.008923742563547863
20668,0.008923742563547863
20669,0.07417582417582418
20670,1.0
20671,0.008923742563547863
20672,0.901060070671378
20673,0.04173354735152488
20674,0.008923742563547863
20675,0.008923742563547863
20676,0.021212121212121213
20677,0.04173354735152488
20678,0.027613412228796843
20679,0.027613412228796843
20680,0.7709251101321586
20681,0.008923742563547863
20682,0.38271604938271603
20683,0.0
20684,0.027613412228796843
20685,0.04173354735152488
20686,0.027613412228796843
20687,0.027613412228796843
20688,0.38271604938271603
20689,0.8596491228070176
20690,0.008923742563547863
20691,0.008923742563547863
20692,0.20459081836327345
20693,0.20459081836327345
20694,0.008923742563547863
20695,0.008923742563547863
20696,0.008923742563547863
20697,0.994535519125683
20698,0.027613412228796843
20699,0.008923742563547863
20700,0.008923742563547863
20701,0.48857142857142855
20702,0.04173354735152488
20703,0.7709251101321586
20704,0.008923742563547863
20705,0.1925133689839572
20706,0.008923742563547863
20707,0.027613412228796843
20708,0.20459081836327345
20709,0.04173354735152488
20710,0.48857142857142855
20711,0.20459081836327345
20712,0.2767527675276753
20713,0.7264957264957265
20714,0.7709251101321586
20715,0.008923742563547863
20716,0.04173354735152488
20717,0.20459081836327345
20718,0.20459081836327345
20719,0.008923742563547863
20720,0.20459081836327345
20721,0.11815561959654179
20722,0.04173354735152488
20723,0.027613412228796843
20724,0.04173354735152488
20725,0.008923742563547863
20726,0.008923742563547863
20727,0.9411764705882353
20728,0.1925133689839572
20729,0.027613412228796843
20730,0.027613412228796843
20731,0.11815561959654179
20732,0.04173354735152488
20733,0.9411764705882353
20734,0.04173354735152488
20735,0.48857142857142855
20736,0.008923742563547863
20737,0.2767527675276753
20738,0.38271604938271603
20739,0.027613412228796843
20740,0.027613412228796843
20741,0.2767527675276753
20742,0.008923742563547863
20743,0.027613412228796843
20744,0.38271604938271603
20745,0.7264957264957265
20746,0.027613412228796843
20747,0.027613412228796843
20748,0.027613412228796843
20749,0.008923742563547863
20750,0.20459081836327345
20751,0.9411764705882353
20752,0.008923742563547863
20753,0.20459081836327345
20754,0.20459081836327345
20755,0.11815561959654179
20756,0.04173354735152488
20757,0.021212121212121213
20758,0.04173354735152488
20759,0.04173354735152488
20760,0.008923742563547863
20761,0.07417582417582418
20762,0.04173354735152488
20763,0.008923742563547863
20764,0.901060070671378
20765,0.04173354735152488
20766,0.11815561959654179
20767,0.2767527675276753
20768,0.027613412228796843
20769,0.027613412228796843
20770,0.008923742563547863
20771,0.20459081836327345
20772,0.027613412228796843
20773,0.008923742563547863
20774,0.04173354735152488
20775,0.027613412228796843
20776,0.07417582417582418
20777,0.027613412228796843
20778,0.04173354735152488
20779,0.7709251101321586
20780,0.994535519125683
20781,0.027613412228796843
20782,0.11815561959654179
20783,0.38271604938271603
20784,0.027613412228796843
20785,0.008923742563547863
20786,0.994535519125683
20787,0.027613412228796843
20788,0.4431137724550898
20789,0.38271604938271603
20790,0.04173354735152488
20791,0.7709251101321586
20792,0.008923742563547863
20793,0.008923742563547863
20794,0.008923742563547863
20795,0.20459081836327345
20796,0.48857142857142855
20797,0.2767527675276753
20798,0.008923742563547863
20799,0.07417582417582418
20800,0.2767527675276753
20801,0.38271604938271603
20802,0.20459081836327345
20803,0.38271604938271603
20804,0.20459081836327345
20805,0.04173354735152488
20806,0.7264957264957265
20807,0.008923742563547863
20808,0.021212121212121213
20809,0.20459081836327345
20810,0.04173354735152488
20811,0.04173354735152488
20812,0.1925133689839572
20813,0.008923742563547863
20814,0.04173354735152488
20815,0.48857142857142855
20816,0.20459081836327345
20817,0.008923742563547863
20818,0.008923742563547863
20819,0.008923742563547863
20820,0.2767527675276753
20821,0.7709251101321586
20822,0.04173354735152488
20823,0.008923742563547863
20824,0.008923742563547863
20825,0.04173354735152488
20826,0.027613412228796843
20827,0.04173354735152488
20828,0.027613412228796843
20829,0.20459081836327345
20830,0.48857142857142855
20831,0.20459081836327345
20832,0.008923742563547863
20833,0.901060070671378
20834,0.7264957264957265
20835,0.008923742563547863
20836,0.7264957264957265
20837,0.021212121212121213
20838,0.008923742563547863
20839,0.07417582417582418
20840,0.027613412228796843
20841,0.20459081836327345
20842,0.38271604938271603
20843,0.04173354735152488
20844,0.027613412228796843
20845,0.901060070671378
20846,0.008923742563547863
20847,0.04173354735152488
20848,0.008923742563547863
20849,0.008923742563547863
20850,0.04173354735152488
20851,0.11815561959654179
20852,0.9411764705882353
20853,0.04173354735152488
20854,0.008923742563547863
20855,0.04173354735152488
20856,0.04173354735152488
20857,0.7264957264957265
20858,0.994535519125683
20859,0.027613412228796843
20860,0.04173354735152488
20861,0.008923742563547863
20862,0.04173354735152488
20863,0.20459081836327345
20864,0.027613412228796843
20865,0.04173354735152488
20866,0.008923742563547863
20867,0.008923742563547863
20868,0.901060070671378
20869,0.008923742563547863
20870,0.008923742563547863
20871,0.008923742563547863
20872,0.027613412228796843
20873,0.04173354735152488
20874,0.8596491228070176
20875,0.4431137724550898
20876,0.1925133689839572
20877,0.04173354735152488
20878,0.04173354735152488
20879,0.008923742563547863
20880,0.008923742563547863
20881,0.04173354735152488
20882,0.38271604938271603
20883,0.04173354735152488
20884,0.027613412228796843
20885,0.04173354735152488
20886,0.48857142857142855
20887,0.008923742563547863
20888,0.1925133689839572
20889,0.04173354735152488
20890,0.20459081836327345
20891,0.04173354735152488
20892,0.20459081836327345
20893,0.48857142857142855
20894,0.008923742563547863
20895,0.04173354735152488
20896,0.7709251101321586
20897,0.008923742563547863
20898,0.20459081836327345
20899,0.2767527675276753
20900,0.04173354735152488
20901,0.008923742563547863
20902,0.04173354735152488
20903,0.38271604938271603
20904,0.008923742563547863
20905,0.027613412228796843
20906,0.20459081836327345
20907,0.027613412228796843
20908,0.008923742563547863
20909,0.008923742563547863
20910,0.2767527675276753
20911,0.4431137724550898
20912,0.008923742563547863
20913,0.9411764705882353
20914,0.48857142857142855
20915,0.11815561959654179
20916,0.008923742563547863
20917,0.04173354735152488
20918,0.04173354735152488
20919,0.008923742563547863
20920,0.04173354735152488
20921,0.008923742563547863
20922,0.7264957264957265
20923,0.008923742563547863
20924,0.9411764705882353
20925,0.04173354735152488
20926,1.0
20927,0.021212121212121213
20928,0.04173354735152488
20929,0.1925133689839572
20930,0.027613412228796843
20931,0.008923742563547863
20932,0.008923742563547863
20933,0.008923742563547863
20934,0.07417582417582418
20935,0.04173354735152488
20936,0.901060070671378
20937,0.008923742563547863
20938,0.027613412228796843
20939,0.008923742563547863
20940,0.20459081836327345
20941,0.027613412228796843
20942,0.027613412228796843
20943,0.07417582417582418
20944,0.38271604938271603
20945,0.027613412228796843
20946,0.9411764705882353
20947,0.008923742563547863
20948,0.04173354735152488
20949,0.20459081836327345
20950,0.021212121212121213
20951,0.04173354735152488
20952,0.7709251101321586
20953,0.1925133689839572
20954,0.04173354735152488
20955,0.07417582417582418
20956,0.008923742563547863
20957,0.04173354735152488
20958,0.11815561959654179
20959,0.7709251101321586
20960,0.20459081836327345
20961,0.027613412228796843
20962,0.04173354735152488
20963,0.027613412228796843
20964,0.04173354735152488
20965,0.008923742563547863
20966,0.20459081836327345
20967,0.20459081836327345
20968,0.04173354735152488
20969,0.027613412228796843
20970,0.008923742563547863
20971,0.008923742563547863
20972,0.008923742563547863
20973,0.008923742563547863
20974,0.008923742563547863
20975,0.20459081836327345
20976,0.008923742563547863
20977,0.04173354735152488
20978,0.20459081836327345
20979,0.04173354735152488
20980,0.48857142857142855
20981,0.04173354735152488
20982,0.027613412228796843
20983,0.027613412228796843
20984,0.008923742563547863
20985,0.008923742563547863
20986,0.027613412228796843
20987,0.994535519125683
20988,0.7264957264957265
20989,0.20459081836327345
20990,0.7264957264957265
20991,0.967032967032967
20992,0.20459081836327345
20993,0.008923742563547863
20994,0.027613412228796843
20995,0.027613412228796843
20996,0.04173354735152488
20997,0.20459081836327345
20998,0.04173354735152488
20999,0.008923742563547863
21000,0.994535519125683
21001,0.008923742563547863
21002,0.901060070671378
21003,0.008923742563547863
21004,0.04173354735152488
21005,0.008923742563547863
21006,0.901060070671378
21007,0.008923742563547863
21008,0.027613412228796843
21009,0.021212121212121213
21010,0.901060070671378
21011,0.027613412228796843
21012,0.04173354735152488
21013,0.008923742563547863
21014,0.20459081836327345
21015,0.20459081836327345
21016,0.20459081836327345
21017,0.008923742563547863
21018,0.008923742563547863
21019,0.027613412228796843
21020,0.04173354735152488
21021,0.04173354735152488
21022,0.7264957264957265
21023,0.027613412228796843
21024,0.48857142857142855
21025,0.04173354735152488
21026,0.20459081836327345
21027,0.9411764705882353
21028,0.7709251101321586
21029,0.008923742563547863
21030,0.20459081836327345
21031,0.38271604938271603
21032,0.027613412228796843
21033,0.901060070671378
21034,0.967032967032967
21035,0.008923742563547863
21036,0.901060070671378
21037,0.20459081836327345
21038,0.008923742563547863
21039,0.901060070671378
21040,0.008923742563547863
21041,0.20459081836327345
21042,0.2767527675276753
21043,0.027613412228796843
21044,0.7709251101321586
21045,0.008923742563547863
21046,0.04173354735152488
21047,0.901060070671378
21048,0.027613412228796843
21049,0.994535519125683
21050,0.027613412228796843
21051,0.48857142857142855
21052,0.008923742563547863
21053,0.07417582417582418
21054,0.8596491228070176
21055,0.027613412228796843
21056,0.04173354735152488
21057,0.994535519125683
21058,0.008923742563547863
21059,0.7709251101321586
21060,0.901060070671378
21061,0.04173354735152488
21062,0.008923742563547863
21063,0.04173354735152488
21064,0.38271604938271603
21065,0.20459081836327345
21066,0.008923742563547863
21067,0.008923742563547863
21068,0.04173354735152488
21069,0.04173354735152488
21070,0.008923742563547863
21071,0.4431137724550898
21072,0.008923742563547863
21073,0.2767527675276753
21074,0.008923742563547863
21075,0.027613412228796843
21076,0.027613412228796843
21077,0.04173354735152488
21078,0.20459081836327345
21079,0.7264957264957265
21080,0.027613412228796843
21081,1.0
21082,0.027613412228796843
21083,0.04173354735152488
21084,0.1925133689839572
21085,0.008923742563547863
21086,0.07417582417582418
21087,0.48857142857142855
21088,0.20459081836327345
21089,0.04173354735152488
21090,0.11815561959654179
21091,0.008923742563547863
21092,0.20459081836327345
21093,0.008923742563547863
21094,0.027613412228796843
21095,0.04173354735152488
21096,0.008923742563547863
21097,0.04173354735152488
21098,0.021212121212121213
21099,0.04173354735152488
21100,0.04173354735152488
21101,0.027613412228796843
21102,0.008923742563547863
21103,0.04173354735152488
21104,0.4431137724550898
21105,0.008923742563547863
21106,0.38271604938271603
21107,0.027613412228796843
21108,0.20459081836327345
21109,0.9411764705882353
21110,0.4431137724550898
21111,1.0
21112,0.008923742563547863
21113,0.027613412228796843
21114,0.9411764705882353
21115,0.04173354735152488
21116,0.9411764705882353
21117,0.20459081836327345
21118,0.008923742563547863
21119,0.901060070671378
21120,0.008923742563547863
21121,0.27419354838709675
21122,0.021212121212121213
21123,0.027613412228796843
21124,0.027613412228796843
21125,0.04173354735152488
21126,0.008923742563547863
21127,0.008923742563547863
21128,0.008923742563547863
21129,0.04173354735152488
21130,0.901060070671378
21131,0.4431137724550898
21132,0.07417582417582418
21133,0.04173354735152488
21134,0.027613412228796843
21135,0.901060070671378
21136,0.021212121212121213
21137,0.008923742563547863
21138,0.008923742563547863
21139,0.008923742563547863
21140,0.7709251101321586
21141,0.008923742563547863
21142,0.027613412228796843
21143,0.04173354735152488
21144,0.008923742563547863
21145,0.008923742563547863
21146,0.027613412228796843
21147,0.04173354735152488
21148,0.20459081836327345
21149,0.027613412228796843
21150,0.027613412228796843
21151,0.901060070671378
21152,0.008923742563547863
21153,0.04173354735152488
21154,0.027613412228796843
21155,0.008923742563547863
21156,0.4431137724550898
21157,0.027613412228796843
21158,0.1925133689839572
21159,0.008923742563547863
21160,0.027613412228796843
21161,0.008923742563547863
21162,0.027613412228796843
21163,0.7709251101321586
21164,0.008923742563547863
21165,0.20459081836327345
21166,0.9411764705882353
21167,0.07417582417582418
21168,0.008923742563547863
21169,0.7264957264957265
21170,0.20459081836327345
21171,0.20459081836327345
21172,0.20459081836327345
21173,0.008923742563547863
21174,0.967032967032967
21175,0.20459081836327345
21176,0.008923742563547863
21177,0.7709251101321586
21178,0.48857142857142855
21179,0.008923742563547863
21180,0.8596491228070176
21181,0.027613412228796843
21182,0.008923742563547863
21183,0.11815561959654179
21184,0.38271604938271603
21185,0.20459081836327345
21186,0.008923742563547863
21187,0.008923742563547863
21188,0.008923742563547863
21189,0.008923742563547863
21190,0.008923742563547863
21191,0.48857142857142855
21192,0.07417582417582418
21193,0.2767527675276753
21194,0.967032967032967
21195,0.04173354735152488
21196,0.20459081836327345
21197,0.008923742563547863
21198,0.027613412228796843
21199,0.48857142857142855
21200,0.008923742563547863
21201,0.04173354735152488
21202,0.008923742563547863
21203,0.04173354735152488
21204,0.008923742563547863
21205,0.008923742563547863
21206,0.9411764705882353
21207,0.008923742563547863
21208,0.04173354735152488
21209,0.901060070671378
21210,0.11815561959654179
21211,0.9411764705882353
21212,0.008923742563547863
21213,0.901060070671378
21214,0.20459081836327345
21215,0.07417582417582418
21216,0.38271604938271603
21217,0.20459081836327345
21218,0.008923742563547863
21219,0.027613412228796843
21220,0.04173354735152488
21221,0.027613412228796843
21222,0.008923742563547863
21223,0.11815561959654179
21224,0.48857142857142855
21225,0.008923742563547863
21226,0.04173354735152488
21227,0.008923742563547863
21228,0.901060070671378
21229,0.901060070671378
21230,0.04173354735152488
21231,0.7264957264957265
21232,0.1925133689839572
21233,0.20459081836327345
21234,0.04173354735152488
21235,0.48857142857142855
21236,0.48857142857142855
21237,0.008923742563547863
21238,0.008923742563547863
21239,0.008923742563547863
21240,0.008923742563547863
21241,0.4431137724550898
21242,0.901060070671378
21243,0.20459081836327345
21244,0.027613412228796843
21245,0.9411764705882353
21246,0.008923742563547863
21247,0.008923742563547863
21248,0.1925133689839572
21249,0.9411764705882353
21250,0.008923742563547863
21251,0.008923742563547863
21252,0.04173354735152488
21253,0.008923742563547863
21254,0.008923742563547863
21255,0.1925133689839572
21256,0.04173354735152488
21257,0.7709251101321586
21258,0.20459081836327345
21259,0.04173354735152488
21260,0.20459081836327345
21261,0.008923742563547863
21262,0.027613412228796843
21263,0.04173354735152488
21264,0.008923742563547863
21265,0.027613412228796843
21266,0.008923742563547863
21267,0.11815561959654179
21268,0.994535519125683
21269,0.48857142857142855
21270,0.20459081836327345
21271,0.48857142857142855
21272,0.07417582417582418
21273,0.008923742563547863
21274,0.008923742563547863
21275,0.11815561959654179
21276,0.008923742563547863
21277,0.027613412228796843
21278,0.38271604938271603
21279,0.2767527675276753
21280,0.20459081836327345
21281,0.008923742563547863
21282,0.20459081836327345
21283,0.04173354735152488
21284,0.994535519125683
21285,0.027613412228796843
21286,0.1925133689839572
21287,0.008923742563547863
21288,0.008923742563547863
21289,0.008923742563547863
21290,0.48857142857142855
21291,0.008923742563547863
21292,1.0
21293,0.027613412228796843
21294,0.20459081836327345
21295,0.2767527675276753
21296,0.008923742563547863
21297,1.0
21298,0.20459081836327345
21299,0.38271604938271603
21300,0.027613412228796843
21301,0.901060070671378
21302,0.994535519125683
21303,0.008923742563547863
21304,0.008923742563547863
21305,0.021212121212121213
21306,0.008923742563547863
21307,0.008923742563547863
21308,0.48857142857142855
21309,0.07417582417582418
21310,0.008923742563547863
21311,0.2767527675276753
21312,0.38271604938271603
21313,0.008923742563547863
21314,0.20459081836327345
21315,0.20459081836327345
21316,0.20459081836327345
21317,0.04173354735152488
21318,0.9411764705882353
21319,0.008923742563547863
21320,0.027613412228796843
21321,0.008923742563547863
21322,0.027613412228796843
21323,0.9411764705882353
21324,0.008923742563547863
21325,0.008923742563547863
21326,0.04173354735152488
21327,0.008923742563547863
21328,0.008923742563547863
21329,0.021212121212121213
21330,0.008923742563547863
21331,0.008923742563547863
21332,0.07417582417582418
21333,0.008923742563547863
21334,0.901060070671378
21335,0.48857142857142855
21336,0.008923742563547863
21337,0.20459081836327345
21338,0.48857142857142855
21339,0.20459081836327345
21340,0.008923742563547863
21341,0.008923742563547863
21342,0.11815561959654179
21343,0.027613412228796843
21344,0.008923742563547863
21345,0.027613412228796843
21346,0.008923742563547863
21347,0.027613412228796843
21348,1.0
21349,0.008923742563547863
21350,0.04173354735152488
21351,0.7264957264957265
21352,0.008923742563547863
21353,0.901060070671378
21354,0.008923742563547863
21355,0.027613412228796843
21356,0.008923742563547863
21357,0.027613412228796843
21358,0.7709251101321586
21359,0.7264957264957265
21360,0.2767527675276753
21361,1.0
21362,0.027613412228796843
21363,0.20459081836327345
21364,0.008923742563547863
21365,0.04173354735152488
21366,0.008923742563547863
21367,0.8596491228070176
21368,0.994535519125683
21369,0.008923742563547863
21370,0.901060070671378
21371,0.9411764705882353
21372,0.008923742563547863
21373,0.008923742563547863
21374,0.021212121212121213
21375,0.027613412228796843
21376,0.38271604938271603
21377,0.07417582417582418
21378,0.9411764705882353
21379,0.27419354838709675
21380,0.48857142857142855
21381,0.027613412228796843
21382,0.027613412228796843
21383,0.008923742563547863
21384,0.008923742563547863
21385,0.04173354735152488
21386,0.994535519125683
21387,0.48857142857142855
21388,0.20459081836327345
21389,0.027613412228796843
21390,0.008923742563547863
21391,0.008923742563547863
21392,0.008923742563547863
21393,0.008923742563547863
21394,0.04173354735152488
21395,0.7709251101321586
21396,0.20459081836327345
21397,0.901060070671378
21398,0.008923742563547863
21399,0.20459081836327345
21400,0.901060070671378
21401,0.008923742563547863
21402,0.027613412228796843
21403,0.11815561959654179
21404,0.021212121212121213
21405,0.008923742563547863
21406,0.008923742563547863
21407,0.008923742563547863
21408,0.027613412228796843
21409,0.027613412228796843
21410,0.20459081836327345
21411,0.20459081836327345
21412,0.021212121212121213
21413,0.008923742563547863
21414,0.008923742563547863
21415,0.008923742563547863
21416,0.20459081836327345
21417,0.04173354735152488
21418,0.008923742563547863
21419,0.027613412228796843
21420,0.008923742563547863
21421,0.20459081836327345
21422,0.07417582417582418
21423,0.008923742563547863
21424,0.20459081836327345
21425,0.48857142857142855
21426,0.20459081836327345
21427,0.027613412228796843
21428,0.04173354735152488
21429,0.38271604938271603
21430,0.008923742563547863
21431,0.04173354735152488
21432,0.2767527675276753
21433,0.008923742563547863
21434,0.008923742563547863
21435,0.008923742563547863
21436,0.04173354735152488
21437,0.04173354735152488
21438,0.008923742563547863
21439,0.04173354735152488
21440,0.027613412228796843
21441,0.04173354735152488
21442,0.027613412228796843
21443,0.04173354735152488
21444,0.008923742563547863
21445,0.20459081836327345
21446,0.008923742563547863
21447,0.008923742563547863
21448,0.20459081836327345
21449,0.04173354735152488
21450,0.04173354735152488
21451,0.48857142857142855
21452,0.48857142857142855
21453,0.20459081836327345
21454,0.027613412228796843
21455,0.48857142857142855
21456,0.07417582417582418
21457,0.008923742563547863
21458,0.2767527675276753
21459,0.04173354735152488
21460,0.008923742563547863
21461,0.027613412228796843
21462,0.901060070671378
21463,0.008923742563547863
21464,0.04173354735152488
21465,0.1925133689839572
21466,0.11815561959654179
21467,0.48857142857142855
21468,0.008923742563547863
21469,0.027613412228796843
21470,0.2767527675276753
21471,0.021212121212121213
21472,0.7264957264957265
21473,0.008923742563547863
21474,0.2767527675276753
21475,0.008923742563547863
21476,0.008923742563547863
21477,0.008923742563547863
21478,0.008923742563547863
21479,0.901060070671378
21480,0.027613412228796843
21481,0.008923742563547863
21482,0.027613412228796843
21483,0.38271604938271603
21484,0.008923742563547863
21485,0.11815561959654179
21486,0.027613412228796843
21487,0.07417582417582418
21488,0.2767527675276753
21489,0.027613412228796843
21490,0.008923742563547863
21491,0.008923742563547863
21492,0.027613412228796843
21493,0.2767527675276753
21494,0.04173354735152488
21495,0.20459081836327345
21496,0.008923742563547863
21497,0.008923742563547863
21498,0.027613412228796843
21499,0.38271604938271603
21500,0.20459081836327345
21501,0.008923742563547863
21502,0.20459081836327345
21503,0.11815561959654179
21504,0.11815561959654179
21505,0.48857142857142855
21506,0.027613412228796843
21507,0.008923742563547863
21508,0.48857142857142855
21509,0.008923742563547863
21510,0.7709251101321586
21511,0.04173354735152488
21512,0.008923742563547863
21513,0.2767527675276753
21514,0.021212121212121213
21515,0.027613412228796843
21516,0.04173354735152488
21517,0.20459081836327345
21518,0.008923742563547863
21519,0.008923742563547863
21520,0.008923742563547863
21521,0.027613412228796843
21522,0.008923742563547863
21523,0.04173354735152488
21524,0.008923742563547863
21525,0.04173354735152488
21526,0.38271604938271603
21527,0.008923742563547863
21528,0.008923742563547863
21529,0.008923742563547863
21530,0.11815561959654179
21531,0.04173354735152488
21532,0.38271604938271603
21533,0.008923742563547863
21534,0.04173354735152488
21535,0.27419354838709675
21536,0.7264957264957265
21537,0.04173354735152488
21538,0.008923742563547863
21539,0.38271604938271603
21540,0.027613412228796843
21541,0.07417582417582418
21542,0.20459081836327345
21543,0.7709251101321586
21544,0.04173354735152488
21545,0.994535519125683
21546,0.20459081836327345
21547,0.008923742563547863
21548,0.027613412228796843
21549,0.04173354735152488
21550,0.9411764705882353
21551,0.20459081836327345
21552,0.027613412228796843
21553,0.008923742563547863
21554,0.008923742563547863
21555,0.20459081836327345
21556,0.20459081836327345
21557,0.027613412228796843
21558,0.20459081836327345
21559,0.7709251101321586
21560,0.008923742563547863
21561,0.027613412228796843
21562,0.021212121212121213
21563,0.008923742563547863
21564,0.008923742563547863
21565,0.008923742563547863
21566,0.04173354735152488
21567,0.008923742563547863
21568,0.04173354735152488
21569,0.008923742563547863
21570,0.7264957264957265
21571,0.04173354735152488
21572,0.2767527675276753
21573,0.04173354735152488
21574,0.008923742563547863
21575,0.901060070671378
21576,0.20459081836327345
21577,0.2767527675276753
21578,0.04173354735152488
21579,0.04173354735152488
21580,0.008923742563547863
21581,0.20459081836327345
21582,0.04173354735152488
21583,0.2767527675276753
21584,0.008923742563547863
21585,0.20459081836327345
21586,0.48857142857142855
21587,0.008923742563547863
21588,0.48857142857142855
21589,0.04173354735152488
21590,0.04173354735152488
21591,0.04173354735152488
21592,0.021212121212121213
21593,0.901060070671378
21594,0.008923742563547863
21595,0.027613412228796843
21596,0.20459081836327345
21597,0.11815561959654179
21598,0.7264957264957265
21599,0.008923742563547863
21600,0.20459081836327345
21601,0.11815561959654179
21602,0.11815561959654179
21603,0.7709251101321586
21604,0.027613412228796843
21605,0.07417582417582418
21606,0.008923742563547863
21607,0.027613412228796843
21608,0.027613412228796843
21609,0.20459081836327345
21610,0.027613412228796843
21611,0.20459081836327345
21612,0.027613412228796843
21613,0.021212121212121213
21614,0.20459081836327345
21615,0.027613412228796843
21616,0.04173354735152488
21617,0.48857142857142855
21618,0.027613412228796843
21619,0.48857142857142855
21620,0.008923742563547863
21621,0.027613412228796843
21622,0.48857142857142855
21623,0.1925133689839572
21624,0.2767527675276753
21625,0.2767527675276753
21626,0.04173354735152488
21627,0.2767527675276753
21628,0.04173354735152488
21629,0.04173354735152488
21630,0.008923742563547863
21631,0.008923742563547863
21632,0.38271604938271603
21633,0.07417582417582418
21634,0.04173354735152488
21635,0.008923742563547863
21636,0.20459081836327345
21637,0.04173354735152488
21638,0.008923742563547863
21639,1.0
21640,0.48857142857142855
21641,0.04173354735152488
21642,0.021212121212121213
21643,0.04173354735152488
21644,0.04173354735152488
21645,0.008923742563547863
21646,0.20459081836327345
21647,0.008923742563547863
21648,1.0
21649,0.20459081836327345
21650,0.04173354735152488
21651,0.20459081836327345
21652,0.008923742563547863
21653,0.1925133689839572
21654,0.008923742563547863
21655,0.027613412228796843
21656,0.04173354735152488
21657,0.027613412228796843
21658,0.008923742563547863
21659,0.008923742563547863
21660,0.2767527675276753
21661,0.04173354735152488
21662,0.04173354735152488
21663,0.027613412228796843
21664,0.04173354735152488
21665,0.008923742563547863
21666,0.04173354735152488
21667,0.008923742563547863
21668,0.008923742563547863
21669,0.008923742563547863
21670,0.7709251101321586
21671,0.008923742563547863
21672,0.04173354735152488
21673,0.2767527675276753
21674,0.04173354735152488
21675,0.48857142857142855
21676,0.04173354735152488
21677,0.008923742563547863
21678,0.07417582417582418
21679,0.008923742563547863
21680,0.20459081836327345
21681,0.027613412228796843
21682,0.008923742563547863
21683,0.27419354838709675
21684,0.48857142857142855
21685,0.38271604938271603
21686,0.008923742563547863
21687,0.008923742563547863
21688,0.008923742563547863
21689,0.48857142857142855
21690,0.3333333333333333
21691,0.04173354735152488
21692,0.04173354735152488
21693,0.008923742563547863
21694,0.4431137724550898
21695,0.021212121212121213
21696,0.008923742563547863
21697,0.04173354735152488
21698,0.008923742563547863
21699,0.021212121212121213
21700,0.48857142857142855
21701,0.04173354735152488
21702,0.20459081836327345
21703,0.027613412228796843
21704,0.11815561959654179
21705,0.20459081836327345
21706,0.20459081836327345
21707,0.008923742563547863
21708,0.008923742563547863
21709,0.027613412228796843
21710,0.008923742563547863
21711,0.07417582417582418
21712,0.04173354735152488
21713,0.8596491228070176
21714,0.4431137724550898
21715,0.008923742563547863
21716,0.901060070671378
21717,0.008923742563547863
21718,0.20459081836327345
21719,0.9411764705882353
21720,0.48857142857142855
21721,0.04173354735152488
21722,0.04173354735152488
21723,0.008923742563547863
21724,0.8596491228070176
21725,0.04173354735152488
21726,0.38271604938271603
21727,0.008923742563547863
21728,0.008923742563547863
21729,0.04173354735152488
21730,0.008923742563547863
21731,0.48857142857142855
21732,0.008923742563547863
21733,0.027613412228796843
21734,0.2767527675276753
21735,0.04173354735152488
21736,0.901060070671378
21737,0.008923742563547863
21738,0.021212121212121213
21739,0.027613412228796843
21740,0.901060070671378
21741,0.008923742563547863
21742,0.008923742563547863
21743,0.7709251101321586
21744,0.2767527675276753
21745,0.027613412228796843
21746,0.027613412228796843
21747,0.48857142857142855
21748,0.027613412228796843
21749,0.008923742563547863
21750,0.027613412228796843
21751,0.008923742563547863
21752,0.04173354735152488
21753,0.07417582417582418
21754,0.9411764705882353
21755,0.008923742563547863
21756,0.04173354735152488
21757,0.008923742563547863
21758,0.7264957264957265
21759,0.027613412228796843
21760,0.04173354735152488
21761,0.901060070671378
21762,0.027613412228796843
21763,0.008923742563547863
21764,0.9411764705882353
21765,0.04173354735152488
21766,0.994535519125683
21767,0.04173354735152488
21768,0.994535519125683
21769,0.04173354735152488
21770,0.04173354735152488
21771,0.11815561959654179
21772,0.008923742563547863
21773,0.008923742563547863
21774,0.008923742563547863
21775,0.27419354838709675
21776,0.027613412228796843
21777,0.04173354735152488
21778,0.11815561959654179
21779,0.027613412228796843
21780,0.7264957264957265
21781,0.008923742563547863
21782,0.7709251101321586
21783,0.027613412228796843
21784,0.027613412228796843
21785,0.027613412228796843
21786,0.20459081836327345
21787,0.008923742563547863
21788,0.008923742563547863
21789,0.04173354735152488
21790,0.008923742563547863
21791,0.008923742563547863
21792,0.48857142857142855
21793,0.38271604938271603
21794,0.20459081836327345
21795,0.008923742563547863
21796,0.48857142857142855
21797,0.994535519125683
21798,0.2767527675276753
21799,0.967032967032967
21800,0.04173354735152488
21801,0.04173354735152488
21802,0.027613412228796843
21803,0.027613412228796843
21804,0.27419354838709675
21805,0.901060070671378
21806,0.3333333333333333
21807,0.008923742563547863
21808,1.0
21809,0.38271604938271603
21810,0.027613412228796843
21811,0.9411764705882353
21812,0.008923742563547863
21813,0.008923742563547863
21814,0.901060070671378
21815,0.7709251101321586
21816,1.0
21817,0.20459081836327345
21818,0.7264957264957265
21819,0.008923742563547863
21820,0.027613412228796843
21821,0.20459081836327345
21822,0.04173354735152488
21823,0.027613412228796843
21824,0.008923742563547863
21825,0.027613412228796843
21826,0.008923742563547863
21827,0.901060070671378
21828,1.0
21829,0.008923742563547863
21830,0.021212121212121213
21831,0.027613412228796843
21832,0.04173354735152488
21833,0.20459081836327345
21834,0.7264957264957265
21835,0.20459081836327345
21836,0.48857142857142855
21837,0.04173354735152488
21838,0.008923742563547863
21839,0.2767527675276753
21840,0.008923742563547863
21841,0.04173354735152488
21842,0.48857142857142855
21843,0.27419354838709675
21844,0.04173354735152488
21845,0.027613412228796843
21846,0.008923742563547863
21847,0.027613412228796843
21848,0.008923742563547863
21849,1.0
21850,0.008923742563547863
21851,0.20459081836327345
21852,0.9411764705882353
21853,0.04173354735152488
21854,0.027613412228796843
21855,0.027613412228796843
21856,0.027613412228796843
21857,0.008923742563547863
21858,0.027613412228796843
21859,0.021212121212121213
21860,0.04173354735152488
21861,0.008923742563547863
21862,0.008923742563547863
21863,0.008923742563547863
21864,0.008923742563547863
21865,0.008923742563547863
21866,0.7264957264957265
21867,0.008923742563547863
21868,0.008923742563547863
21869,0.20459081836327345
21870,0.008923742563547863
21871,0.04173354735152488
21872,0.008923742563547863
21873,0.38271604938271603
21874,0.04173354735152488
21875,0.008923742563547863
21876,0.7709251101321586
21877,0.11815561959654179
21878,0.04173354735152488
21879,0.75
21880,0.008923742563547863
21881,0.20459081836327345
21882,0.04173354735152488
21883,0.008923742563547863
21884,0.901060070671378
21885,0.008923742563547863
21886,0.008923742563547863
21887,0.7264957264957265
21888,0.04173354735152488
21889,0.008923742563547863
21890,0.7264957264957265
21891,0.021212121212121213
21892,0.38271604938271603
21893,0.07417582417582418
21894,0.994535519125683
21895,0.04173354735152488
21896,0.021212121212121213
21897,0.008923742563547863
21898,0.48857142857142855
21899,0.2767527675276753
21900,0.008923742563547863
21901,0.027613412228796843
21902,0.027613412228796843
21903,0.027613412228796843
21904,0.04173354735152488
21905,0.008923742563547863
21906,0.20459081836327345
21907,0.27419354838709675
21908,0.027613412228796843
21909,0.7264957264957265
21910,0.11815561959654179
21911,0.027613412228796843
21912,0.008923742563547863
21913,0.008923742563547863
21914,0.008923742563547863
21915,0.027613412228796843
21916,0.04173354735152488
21917,0.027613412228796843
21918,0.04173354735152488
21919,0.20459081836327345
21920,0.1925133689839572
21921,0.20459081836327345
21922,0.04173354735152488
21923,0.1925133689839572
21924,0.008923742563547863
21925,0.20459081836327345
21926,0.008923742563547863
21927,0.04173354735152488
21928,0.11815561959654179
21929,0.07417582417582418
21930,0.008923742563547863
21931,0.04173354735152488
21932,0.901060070671378
21933,0.008923742563547863
21934,0.027613412228796843
21935,0.027613412228796843
21936,0.9411764705882353
21937,0.027613412228796843
21938,0.008923742563547863
21939,0.027613412228796843
21940,0.027613412228796843
21941,0.008923742563547863
21942,0.04173354735152488
21943,0.008923742563547863
21944,0.008923742563547863
21945,0.008923742563547863
21946,0.027613412228796843
21947,0.008923742563547863
21948,0.027613412228796843
21949,0.008923742563547863
21950,0.04173354735152488
21951,0.008923742563547863
21952,0.027613412228796843
21953,0.7709251101321586
21954,0.1925133689839572
21955,0.48857142857142855
21956,0.48857142857142855
21957,0.07417582417582418
21958,0.008923742563547863
21959,0.901060070671378
21960,0.027613412228796843
21961,0.027613412228796843
21962,0.008923742563547863
21963,0.4431137724550898
21964,0.20459081836327345
21965,0.008923742563547863
21966,0.1925133689839572
21967,0.008923742563547863
21968,0.04173354735152488
21969,0.008923742563547863
21970,1.0
21971,0.7264957264957265
21972,0.20459081836327345
21973,0.20459081836327345
21974,0.48857142857142855
21975,0.04173354735152488
21976,0.008923742563547863
21977,0.027613412228796843
21978,0.04173354735152488
21979,0.027613412228796843
21980,0.008923742563547863
21981,0.20459081836327345
21982,0.4431137724550898
21983,0.04173354735152488
21984,0.04173354735152488
21985,0.967032967032967
21986,1.0
21987,0.994535519125683
21988,0.008923742563547863
21989,0.07417582417582418
21990,0.04173354735152488
21991,0.008923742563547863
21992,0.008923742563547863
21993,0.008923742563547863
21994,0.027613412228796843
21995,0.04173354735152488
21996,0.20459081836327345
21997,0.008923742563547863
21998,0.4431137724550898
21999,0.48857142857142855
22000,0.008923742563547863
22001,0.38271604938271603
22002,0.7264957264957265
22003,0.008923742563547863
22004,0.027613412228796843
22005,0.20459081836327345
22006,0.9411764705882353
22007,0.04173354735152488
22008,0.04173354735152488
22009,0.008923742563547863
22010,0.4431137724550898
22011,0.7264957264957265
22012,0.008923742563547863
22013,0.04173354735152488
22014,0.008923742563547863
22015,0.11815561959654179
22016,0.008923742563547863
22017,0.04173354735152488
22018,0.04173354735152488
22019,0.07417582417582418
22020,0.2767527675276753
22021,0.04173354735152488
22022,0.48857142857142855
22023,0.20459081836327345
22024,0.027613412228796843
22025,0.008923742563547863
22026,0.967032967032967
22027,0.2767527675276753
22028,0.1925133689839572
22029,0.008923742563547863
22030,0.008923742563547863
22031,0.008923742563547863
22032,0.2767527675276753
22033,0.04173354735152488
22034,0.48857142857142855
22035,0.20459081836327345
22036,0.20459081836327345
22037,0.20459081836327345
22038,0.027613412228796843
22039,0.04173354735152488
22040,0.027613412228796843
22041,0.20459081836327345
22042,0.008923742563547863
22043,0.027613412228796843
22044,0.11815561959654179
22045,0.11815561959654179
22046,0.008923742563547863
22047,0.04173354735152488
22048,0.04173354735152488
22049,0.021212121212121213
22050,0.027613412228796843
22051,0.008923742563547863
22052,0.008923742563547863
22053,0.008923742563547863
22054,0.008923742563547863
22055,0.20459081836327345
22056,0.4431137724550898
22057,0.48857142857142855
22058,0.008923742563547863
22059,0.7709251101321586
22060,0.008923742563547863
22061,0.20459081836327345
22062,0.04173354735152488
22063,0.20459081836327345
22064,0.11815561959654179
22065,0.008923742563547863
22066,0.4431137724550898
22067,0.027613412228796843
22068,0.008923742563547863
22069,0.008923742563547863
22070,0.20459081836327345
22071,0.027613412228796843
22072,0.04173354735152488
22073,0.008923742563547863
22074,0.48857142857142855
22075,1.0
22076,0.008923742563547863
22077,0.027613412228796843
22078,0.07417582417582418
22079,0.008923742563547863
22080,0.04173354735152488
22081,0.008923742563547863
22082,1.0
22083,0.7264957264957265
22084,0.008923742563547863
22085,0.967032967032967
22086,0.008923742563547863
22087,0.008923742563547863
22088,0.008923742563547863
22089,0.008923742563547863
22090,0.008923742563547863
22091,0.027613412228796843
22092,0.008923742563547863
22093,0.2767527675276753
22094,0.27419354838709675
22095,0.008923742563547863
22096,0.008923742563547863
22097,0.38271604938271603
22098,0.38271604938271603
22099,0.008923742563547863
22100,0.027613412228796843
22101,0.008923742563547863
22102,0.021212121212121213
22103,0.3333333333333333
22104,0.008923742563547863
22105,0.008923742563547863
22106,0.008923742563547863
22107,0.04173354735152488
22108,0.901060070671378
22109,0.04173354735152488
22110,0.008923742563547863
22111,0.2767527675276753
22112,0.008923742563547863
22113,0.9411764705882353
22114,0.027613412228796843
22115,0.4431137724550898
22116,0.027613412228796843
22117,0.20459081836327345
22118,0.027613412228796843
22119,0.008923742563547863
22120,0.008923742563547863
22121,0.20459081836327345
22122,0.20459081836327345
22123,0.7264957264957265
22124,0.11815561959654179
22125,0.04173354735152488
22126,0.7709251101321586
22127,0.901060070671378
22128,0.027613412228796843
22129,0.11815561959654179
22130,0.008923742563547863
22131,0.04173354735152488
22132,0.021212121212121213
22133,0.027613412228796843
22134,0.11815561959654179
22135,0.20459081836327345
22136,0.008923742563547863
22137,0.901060070671378
22138,0.027613412228796843
22139,0.48857142857142855
22140,0.48857142857142855
22141,0.027613412228796843
22142,0.20459081836327345
22143,0.20459081836327345
22144,0.04173354735152488
22145,0.994535519125683
22146,0.027613412228796843
22147,0.04173354735152488
22148,0.008923742563547863
22149,0.008923742563547863
22150,0.008923742563547863
22151,0.1925133689839572
22152,0.008923742563547863
22153,0.008923742563547863
22154,0.04173354735152488
22155,0.008923742563547863
22156,0.11815561959654179
22157,0.008923742563547863
22158,0.2767527675276753
22159,0.7709251101321586
22160,0.008923742563547863
22161,0.008923742563547863
22162,0.027613412228796843
22163,0.027613412228796843
22164,0.04173354735152488
22165,0.027613412228796843
22166,0.04173354735152488
22167,0.1925133689839572
22168,0.07417582417582418
22169,0.20459081836327345
22170,0.008923742563547863
22171,0.48857142857142855
22172,0.04173354735152488
22173,0.008923742563547863
22174,0.901060070671378
22175,0.008923742563547863
22176,0.008923742563547863
22177,0.38271604938271603
22178,0.021212121212121213
22179,0.008923742563547863
22180,0.027613412228796843
22181,0.008923742563547863
22182,0.027613412228796843
22183,0.901060070671378
22184,0.20459081836327345
22185,0.04173354735152488
22186,0.994535519125683
22187,0.7264957264957265
22188,0.027613412228796843
22189,0.38271604938271603
22190,0.008923742563547863
22191,0.48857142857142855
22192,0.04173354735152488
22193,0.48857142857142855
22194,0.027613412228796843
22195,0.027613412228796843
22196,0.04173354735152488
22197,0.07417582417582418
22198,0.2767527675276753
22199,0.008923742563547863
22200,0.7264957264957265
22201,0.04173354735152488
22202,0.008923742563547863
22203,0.008923742563547863
22204,0.008923742563547863
22205,0.07417582417582418
22206,0.11815561959654179
22207,0.38271604938271603
22208,0.008923742563547863
22209,0.2767527675276753
22210,0.008923742563547863
22211,0.901060070671378
22212,0.008923742563547863
22213,0.04173354735152488
22214,0.027613412228796843
22215,0.008923742563547863
22216,0.38271604938271603
22217,0.008923742563547863
22218,0.021212121212121213
22219,0.008923742563547863
22220,0.7264957264957265
22221,0.008923742563547863
22222,0.027613412228796843
22223,0.4431137724550898
22224,0.04173354735152488
22225,0.008923742563547863
22226,0.008923742563547863
22227,0.008923742563547863
22228,0.48857142857142855
22229,0.07417582417582418
22230,0.48857142857142855
22231,0.04173354735152488
22232,0.2767527675276753
22233,0.008923742563547863
22234,0.04173354735152488
22235,0.008923742563547863
22236,0.20459081836327345
22237,0.027613412228796843
22238,0.48857142857142855
22239,0.008923742563547863
22240,0.008923742563547863
22241,0.027613412228796843
22242,0.027613412228796843
22243,0.008923742563547863
22244,0.008923742563547863
22245,0.11815561959654179
22246,0.1925133689839572
22247,0.027613412228796843
22248,0.07417582417582418
22249,0.04173354735152488
22250,0.027613412228796843
22251,0.027613412228796843
22252,0.901060070671378
22253,0.11815561959654179
22254,0.027613412228796843
22255,0.008923742563547863
22256,0.04173354735152488
22257,0.20459081836327345
22258,0.04173354735152488
22259,0.008923742563547863
22260,0.008923742563547863
22261,0.008923742563547863
22262,0.20459081836327345
22263,0.994535519125683
22264,0.027613412228796843
22265,0.008923742563547863
22266,0.008923742563547863
22267,0.008923742563547863
22268,0.48857142857142855
22269,0.008923742563547863
22270,0.008923742563547863
22271,0.008923742563547863
22272,0.04173354735152488
22273,0.2767527675276753
22274,0.008923742563547863
22275,0.2767527675276753
22276,0.38271604938271603
22277,0.901060070671378
22278,0.38271604938271603
22279,0.008923742563547863
22280,0.7264957264957265
22281,0.20459081836327345
22282,0.38271604938271603
22283,0.901060070671378
22284,0.04173354735152488
22285,0.008923742563547863
22286,0.008923742563547863
22287,0.04173354735152488
22288,0.20459081836327345
22289,0.008923742563547863
22290,0.008923742563547863
22291,0.021212121212121213
22292,0.027613412228796843
22293,1.0
22294,0.04173354735152488
22295,0.20459081836327345
22296,0.901060070671378
22297,0.901060070671378
22298,0.9411764705882353
22299,0.027613412228796843
22300,0.11815561959654179
22301,0.027613412228796843
22302,0.04173354735152488
22303,0.7264957264957265
22304,0.04173354735152488
22305,0.021212121212121213
22306,0.07417582417582418
22307,0.008923742563547863
22308,0.2767527675276753
22309,0.20459081836327345
22310,0.901060070671378
22311,0.04173354735152488
22312,0.967032967032967
22313,0.008923742563547863
22314,0.027613412228796843
22315,0.027613412228796843
22316,0.027613412228796843
22317,0.20459081836327345
22318,0.9411764705882353
22319,0.11815561959654179
22320,0.20459081836327345
22321,0.008923742563547863
22322,0.07417582417582418
22323,0.008923742563547863
22324,0.021212121212121213
22325,0.11815561959654179
22326,0.7709251101321586
22327,0.2767527675276753
22328,0.008923742563547863
22329,0.20459081836327345
22330,0.2767527675276753
22331,0.2767527675276753
22332,0.04173354735152488
22333,0.04173354735152488
22334,0.20459081836327345
22335,0.2767527675276753
22336,0.1925133689839572
22337,0.008923742563547863
22338,0.04173354735152488
22339,0.11815561959654179
22340,0.20459081836327345
22341,0.008923742563547863
22342,0.04173354735152488
22343,0.008923742563547863
22344,0.2767527675276753
22345,0.008923742563547863
22346,0.20459081836327345
22347,0.48857142857142855
22348,0.901060070671378
22349,0.9411764705882353
22350,0.2767527675276753
22351,0.027613412228796843
22352,0.04173354735152488
22353,0.008923742563547863
22354,0.04173354735152488
22355,0.04173354735152488
22356,0.38271604938271603
22357,0.008923742563547863
22358,0.021212121212121213
22359,0.008923742563547863
22360,0.48857142857142855
22361,0.008923742563547863
22362,0.027613412228796843
22363,0.38271604938271603
22364,0.008923742563547863
22365,0.07417582417582418
22366,0.04173354735152488
22367,0.027613412228796843
22368,0.07417582417582418
22369,0.008923742563547863
22370,0.008923742563547863
22371,0.994535519125683
22372,0.7709251101321586
22373,0.04173354735152488
22374,0.967032967032967
22375,0.48857142857142855
22376,0.7709251101321586
22377,0.008923742563547863
22378,0.11815561959654179
22379,0.901060070671378
22380,0.008923742563547863
22381,0.994535519125683
22382,0.11815561959654179
22383,0.994535519125683
22384,0.04173354735152488
22385,0.04173354735152488
22386,0.07417582417582418
22387,0.9411764705882353
22388,0.027613412228796843
22389,0.20459081836327345
22390,0.008923742563547863
22391,0.008923742563547863
22392,0.027613412228796843
22393,0.48857142857142855
22394,0.9411764705882353
22395,0.04173354735152488
22396,0.04173354735152488
22397,0.7264957264957265
22398,0.027613412228796843
22399,0.7264957264957265
22400,0.48857142857142855
22401,0.4431137724550898
22402,0.04173354735152488
22403,0.04173354735152488
22404,0.027613412228796843
22405,0.1925133689839572
22406,0.027613412228796843
22407,0.008923742563547863
22408,0.008923742563547863
22409,0.1925133689839572
22410,0.04173354735152488
22411,0.7709251101321586
22412,0.48857142857142855
22413,0.027613412228796843
22414,0.04173354735152488
22415,0.20459081836327345
22416,0.008923742563547863
22417,0.20459081836327345
22418,0.2767527675276753
22419,0.04173354735152488
22420,0.48857142857142855
22421,0.901060070671378
22422,0.11815561959654179
22423,0.008923742563547863
22424,0.008923742563547863
22425,0.901060070671378
22426,0.20459081836327345
22427,0.008923742563547863
22428,0.20459081836327345
22429,0.04173354735152488
22430,1.0
22431,0.027613412228796843
22432,0.7709251101321586
22433,0.04173354735152488
22434,0.021212121212121213
22435,0.04173354735152488
22436,0.38271604938271603
22437,0.008923742563547863
22438,0.20459081836327345
22439,0.008923742563547863
22440,0.008923742563547863
22441,0.008923742563547863
22442,0.20459081836327345
22443,0.008923742563547863
22444,0.008923742563547863
22445,0.008923742563547863
22446,0.11815561959654179
22447,0.008923742563547863
22448,0.7709251101321586
22449,0.008923742563547863
22450,0.48857142857142855
22451,0.20459081836327345
22452,0.4431137724550898
22453,0.008923742563547863
22454,0.04173354735152488
22455,0.008923742563547863
22456,0.9411764705882353
22457,0.20459081836327345
22458,0.008923742563547863
22459,0.04173354735152488
22460,0.008923742563547863
22461,0.008923742563547863
22462,0.11815561959654179
22463,0.008923742563547863
22464,0.38271604938271603
22465,0.7709251101321586
22466,0.11815561959654179
22467,0.008923742563547863
22468,0.008923742563547863
22469,0.027613412228796843
22470,0.48857142857142855
22471,0.38271604938271603
22472,0.901060070671378
22473,0.008923742563547863
22474,0.027613412228796843
22475,0.027613412228796843
22476,0.008923742563547863
22477,0.008923742563547863
22478,0.2767527675276753
22479,0.027613412228796843
22480,0.20459081836327345
22481,0.20459081836327345
22482,0.11815561959654179
22483,0.008923742563547863
22484,0.04173354735152488
22485,0.008923742563547863
22486,0.7709251101321586
22487,0.901060070671378
22488,0.9411764705882353
22489,1.0
22490,0.07417582417582418
22491,0.008923742563547863
22492,0.20459081836327345
22493,0.04173354735152488
22494,0.27419354838709675
22495,0.2767527675276753
22496,0.027613412228796843
22497,0.027613412228796843
22498,0.2767527675276753
22499,0.008923742563547863
22500,0.008923742563547863
22501,0.008923742563547863
22502,0.04173354735152488
22503,0.008923742563547863
22504,0.07417582417582418
22505,0.008923742563547863
22506,0.9411764705882353
22507,0.38271604938271603
22508,0.008923742563547863
22509,0.901060070671378
22510,0.021212121212121213
22511,0.7709251101321586
22512,0.04173354735152488
22513,0.008923742563547863
22514,0.04173354735152488
22515,0.48857142857142855
22516,0.008923742563547863
22517,0.48857142857142855
22518,0.11815561959654179
22519,0.008923742563547863
22520,0.994535519125683
22521,0.027613412228796843
22522,0.021212121212121213
22523,0.20459081836327345
22524,0.2767527675276753
22525,0.07417582417582418
22526,0.027613412228796843
22527,0.9411764705882353
22528,0.04173354735152488
22529,0.9411764705882353
22530,0.04173354735152488
22531,0.20459081836327345
22532,0.1925133689839572
22533,0.07417582417582418
22534,0.20459081836327345
22535,0.4431137724550898
22536,0.8596491228070176
22537,0.008923742563547863
22538,0.027613412228796843
22539,0.04173354735152488
22540,0.008923742563547863
22541,0.021212121212121213
22542,0.008923742563547863
22543,0.04173354735152488
22544,0.20459081836327345
22545,0.008923742563547863
22546,0.2767527675276753
22547,0.027613412228796843
22548,0.38271604938271603
22549,0.027613412228796843
22550,0.38271604938271603
22551,0.48857142857142855
22552,0.04173354735152488
22553,0.027613412228796843
22554,0.2767527675276753
22555,0.04173354735152488
22556,0.008923742563547863
22557,0.04173354735152488
22558,0.20459081836327345
22559,0.04173354735152488
22560,0.2767527675276753
22561,0.027613412228796843
22562,0.008923742563547863
22563,0.04173354735152488
22564,0.994535519125683
22565,0.04173354735152488
22566,0.1925133689839572
22567,0.008923742563547863
22568,0.2767527675276753
22569,0.021212121212121213
22570,0.008923742563547863
22571,0.04173354735152488
22572,0.008923742563547863
22573,0.20459081836327345
22574,0.008923742563547863
22575,0.27419354838709675
22576,0.48857142857142855
22577,0.2767527675276753
22578,0.38271604938271603
22579,0.008923742563547863
22580,0.38271604938271603
22581,0.008923742563547863
22582,0.4431137724550898
22583,0.04173354735152488
22584,0.9411764705882353
22585,0.008923742563547863
22586,0.008923742563547863
22587,0.008923742563547863
22588,0.11815561959654179
22589,0.07417582417582418
22590,0.994535519125683
22591,0.021212121212121213
22592,0.008923742563547863
22593,0.008923742563547863
22594,0.04173354735152488
22595,0.38271604938271603
22596,0.07417582417582418
22597,0.20459081836327345
22598,0.7264957264957265
22599,0.04173354735152488
22600,0.008923742563547863
22601,0.20459081836327345
22602,0.008923742563547863
22603,0.994535519125683
22604,0.008923742563547863
22605,0.027613412228796843
22606,0.04173354735152488
22607,0.04173354735152488
22608,0.7264957264957265
22609,0.027613412228796843
22610,0.008923742563547863
22611,0.008923742563547863
22612,0.901060070671378
22613,0.04173354735152488
22614,0.901060070671378
22615,0.008923742563547863
22616,0.48857142857142855
22617,0.027613412228796843
22618,0.008923742563547863
22619,0.994535519125683
22620,0.9411764705882353
22621,0.008923742563547863
22622,0.008923742563547863
22623,0.027613412228796843
22624,0.20459081836327345
22625,0.008923742563547863
22626,0.04173354735152488
22627,0.9411764705882353
22628,0.20459081836327345
22629,0.2767527675276753
22630,0.7264957264957265
22631,0.008923742563547863
22632,0.901060070671378
22633,0.027613412228796843
22634,0.48857142857142855
22635,0.07417582417582418
22636,0.04173354735152488
22637,0.7264957264957265
22638,0.20459081836327345
22639,0.04173354735152488
22640,0.48857142857142855
22641,0.20459081836327345
22642,0.008923742563547863
22643,0.008923742563547863
22644,0.008923742563547863
22645,0.11815561959654179
22646,0.008923742563547863
22647,0.48857142857142855
22648,0.04173354735152488
22649,0.9411764705882353
22650,0.008923742563547863
22651,0.008923742563547863
22652,0.008923742563547863
22653,0.07417582417582418
22654,0.48857142857142855
22655,0.021212121212121213
22656,0.48857142857142855
22657,0.027613412228796843
22658,0.008923742563547863
22659,0.38271604938271603
22660,0.008923742563547863
22661,0.027613412228796843
22662,0.901060070671378
22663,0.20459081836327345
22664,0.008923742563547863
22665,0.04173354735152488
22666,0.008923742563547863
22667,0.07417582417582418
22668,0.11815561959654179
22669,0.008923742563547863
22670,0.008923742563547863
22671,0.008923742563547863
22672,0.04173354735152488
22673,0.008923742563547863
22674,0.027613412228796843
22675,0.1925133689839572
22676,0.027613412228796843
22677,0.967032967032967
22678,0.008923742563547863
22679,0.027613412228796843
22680,0.04173354735152488
22681,0.008923742563547863
22682,0.027613412228796843
22683,0.021212121212121213
22684,0.008923742563547863
22685,0.2767527675276753
22686,0.967032967032967
22687,0.04173354735152488
22688,0.027613412228796843
22689,0.04173354735152488
22690,0.008923742563547863
22691,0.04173354735152488
22692,0.994535519125683
22693,0.48857142857142855
22694,0.901060070671378
22695,0.48857142857142855
22696,0.20459081836327345
22697,0.04173354735152488
22698,0.008923742563547863
22699,0.008923742563547863
22700,0.008923742563547863
22701,0.48857142857142855
22702,0.008923742563547863
22703,0.07417582417582418
22704,0.008923742563547863
22705,0.008923742563547863
22706,0.2767527675276753
22707,0.11815561959654179
22708,0.008923742563547863
22709,0.027613412228796843
22710,0.48857142857142855
22711,0.2767527675276753
22712,0.008923742563547863
22713,0.7264957264957265
22714,0.04173354735152488
22715,0.2767527675276753
22716,0.008923742563547863
22717,0.20459081836327345
22718,0.027613412228796843
22719,0.11815561959654179
22720,0.008923742563547863
22721,0.027613412228796843
22722,0.1925133689839572
22723,0.027613412228796843
22724,0.04173354735152488
22725,0.04173354735152488
22726,0.27419354838709675
22727,0.008923742563547863
22728,0.04173354735152488
22729,0.008923742563547863
22730,0.008923742563547863
22731,0.11815561959654179
22732,0.04173354735152488
22733,0.7709251101321586
22734,0.008923742563547863
22735,0.008923742563547863
22736,0.07417582417582418
22737,0.04173354735152488
22738,0.008923742563547863
22739,0.008923742563547863
22740,0.008923742563547863
22741,0.008923742563547863
22742,0.008923742563547863
22743,0.008923742563547863
22744,0.008923742563547863
22745,0.021212121212121213
22746,0.027613412228796843
22747,0.008923742563547863
22748,0.2767527675276753
22749,0.04173354735152488
22750,0.008923742563547863
22751,0.008923742563547863
22752,0.008923742563547863
22753,0.48857142857142855
22754,0.20459081836327345
22755,0.1925133689839572
22756,0.008923742563547863
22757,0.027613412228796843
22758,0.7709251101321586
22759,0.027613412228796843
22760,0.008923742563547863
22761,0.04173354735152488
22762,0.008923742563547863
22763,0.901060070671378
22764,0.027613412228796843
22765,0.9411764705882353
22766,0.20459081836327345
22767,0.07417582417582418
22768,0.027613412228796843
22769,0.008923742563547863
22770,0.48857142857142855
22771,0.04173354735152488
22772,0.021212121212121213
22773,0.48857142857142855
22774,0.48857142857142855
22775,0.008923742563547863
22776,0.38271604938271603
22777,0.008923742563547863
22778,0.04173354735152488
22779,0.008923742563547863
22780,0.20459081836327345
22781,0.04173354735152488
22782,0.027613412228796843
22783,0.008923742563547863
22784,0.027613412228796843
22785,0.008923742563547863
22786,0.04173354735152488
22787,0.2767527675276753
22788,0.008923742563547863
22789,0.38271604938271603
22790,0.20459081836327345
22791,0.008923742563547863
22792,0.021212121212121213
22793,0.008923742563547863
22794,0.008923742563547863
22795,0.04173354735152488
22796,0.48857142857142855
22797,0.008923742563547863
22798,0.008923742563547863
22799,0.20459081836327345
22800,0.04173354735152488
22801,0.008923742563547863
22802,0.07417582417582418
22803,0.027613412228796843
22804,0.04173354735152488
22805,0.008923742563547863
22806,0.027613412228796843
22807,0.008923742563547863
22808,0.04173354735152488
22809,0.1925133689839572
22810,0.04173354735152488
22811,0.008923742563547863
22812,0.008923742563547863
22813,0.008923742563547863
22814,0.7264957264957265
22815,0.48857142857142855
22816,0.04173354735152488
22817,0.027613412228796843
22818,0.04173354735152488
22819,0.04173354735152488
22820,0.11815561959654179
22821,0.008923742563547863
22822,0.48857142857142855
22823,0.008923742563547863
22824,0.008923742563547863
22825,0.008923742563547863
22826,0.2767527675276753
22827,0.07417582417582418
22828,0.04173354735152488
22829,0.027613412228796843
22830,0.008923742563547863
22831,0.027613412228796843
22832,0.021212121212121213
22833,0.20459081836327345
22834,0.901060070671378
22835,0.9411764705882353
22836,0.07417582417582418
22837,0.04173354735152488
22838,0.04173354735152488
22839,0.7264957264957265
22840,0.8596491228070176
22841,0.027613412228796843
22842,0.008923742563547863
22843,0.008923742563547863
22844,0.04173354735152488
22845,0.7709251101321586
22846,0.48857142857142855
22847,0.008923742563547863
22848,0.7264957264957265
22849,0.008923742563547863
22850,0.027613412228796843
22851,0.04173354735152488
22852,0.008923742563547863
22853,0.48857142857142855
22854,0.04173354735152488
22855,0.04173354735152488
22856,0.04173354735152488
22857,0.48857142857142855
22858,0.994535519125683
22859,0.027613412228796843
22860,0.008923742563547863
22861,0.027613412228796843
22862,1.0
22863,0.008923742563547863
22864,0.04173354735152488
22865,0.04173354735152488
22866,0.20459081836327345
22867,0.008923742563547863
22868,0.04173354735152488
22869,0.901060070671378
22870,0.008923742563547863
22871,0.021212121212121213
22872,0.027613412228796843
22873,0.008923742563547863
22874,0.07417582417582418
22875,0.04173354735152488
22876,0.8596491228070176
22877,0.994535519125683
22878,0.027613412228796843
22879,0.07417582417582418
22880,0.994535519125683
22881,0.20459081836327345
22882,0.1925133689839572
22883,0.04173354735152488
22884,0.04173354735152488
22885,0.48857142857142855
22886,0.04173354735152488
22887,0.07417582417582418
22888,0.04173354735152488
22889,0.008923742563547863
22890,0.04173354735152488
22891,0.008923742563547863
22892,0.04173354735152488
22893,0.04173354735152488
22894,0.4431137724550898
22895,0.027613412228796843
22896,0.38271604938271603
22897,0.021212121212121213
22898,0.20459081836327345
22899,0.901060070671378
22900,0.008923742563547863
22901,0.021212121212121213
22902,0.027613412228796843
22903,0.7264957264957265
22904,0.2767527675276753
22905,0.20459081836327345
22906,0.04173354735152488
22907,0.04173354735152488
22908,0.008923742563547863
22909,0.07417582417582418
22910,0.04173354735152488
22911,0.04173354735152488
22912,0.04173354735152488
22913,0.008923742563547863
22914,0.008923742563547863
22915,0.04173354735152488
22916,0.027613412228796843
22917,0.008923742563547863
22918,0.008923742563547863
22919,0.9411764705882353
22920,0.027613412228796843
22921,0.901060070671378
22922,0.7709251101321586
22923,0.2767527675276753
22924,0.027613412228796843
22925,0.008923742563547863
22926,0.008923742563547863
22927,0.008923742563547863
22928,0.027613412228796843
22929,0.027613412228796843
22930,0.07417582417582418
22931,0.008923742563547863
22932,0.027613412228796843
22933,0.901060070671378
22934,0.008923742563547863
22935,0.027613412228796843
22936,0.7709251101321586
22937,0.11815561959654179
22938,0.04173354735152488
22939,0.04173354735152488
22940,0.027613412228796843
22941,0.994535519125683
22942,0.008923742563547863
22943,0.008923742563547863
22944,0.008923742563547863
22945,0.04173354735152488
22946,0.008923742563547863
22947,0.04173354735152488
22948,0.008923742563547863
22949,0.2767527675276753
22950,0.027613412228796843
22951,0.027613412228796843
22952,0.027613412228796843
22953,0.901060070671378
22954,0.008923742563547863
22955,0.008923742563547863
22956,0.1925133689839572
22957,0.008923742563547863
22958,0.11815561959654179
22959,0.008923742563547863
22960,0.04173354735152488
22961,0.008923742563547863
22962,0.1925133689839572
22963,0.04173354735152488
22964,0.008923742563547863
22965,0.008923742563547863
22966,0.07417582417582418
22967,0.008923742563547863
22968,0.901060070671378
22969,0.008923742563547863
22970,0.04173354735152488
22971,0.027613412228796843
22972,0.008923742563547863
22973,0.027613412228796843
22974,0.2767527675276753
22975,0.11815561959654179
22976,0.008923742563547863
22977,0.008923742563547863
22978,0.008923742563547863
22979,0.48857142857142855
22980,0.48857142857142855
22981,0.008923742563547863
22982,0.7709251101321586
22983,0.04173354735152488
22984,0.11815561959654179
22985,0.008923742563547863
22986,0.008923742563547863
22987,0.008923742563547863
22988,0.20459081836327345
22989,0.3333333333333333
22990,0.008923742563547863
22991,0.04173354735152488
22992,0.04173354735152488
22993,0.027613412228796843
22994,0.008923742563547863
22995,0.008923742563547863
22996,0.027613412228796843
22997,0.008923742563547863
22998,0.008923742563547863
22999,0.008923742563547863
23000,0.027613412228796843
23001,0.1925133689839572
23002,0.8596491228070176
23003,0.07417582417582418
23004,0.1925133689839572
23005,0.008923742563547863
23006,0.008923742563547863
23007,0.2767527675276753
23008,0.04173354735152488
23009,0.994535519125683
23010,0.008923742563547863
23011,0.008923742563547863
23012,0.20459081836327345
23013,0.9411764705882353
23014,0.008923742563547863
23015,0.48857142857142855
23016,0.04173354735152488
23017,0.967032967032967
23018,0.20459081836327345
23019,0.008923742563547863
23020,0.008923742563547863
23021,0.994535519125683
23022,0.008923742563547863
23023,0.20459081836327345
23024,0.901060070671378
23025,0.20459081836327345
23026,0.04173354735152488
23027,0.07417582417582418
23028,0.04173354735152488
23029,0.2767527675276753
23030,0.20459081836327345
23031,0.2767527675276753
23032,0.20459081836327345
23033,0.11815561959654179
23034,0.008923742563547863
23035,0.008923742563547863
23036,0.04173354735152488
23037,0.04173354735152488
23038,0.008923742563547863
23039,0.027613412228796843
23040,0.994535519125683
23041,0.008923742563547863
23042,0.11815561959654179
23043,0.04173354735152488
23044,0.008923742563547863
23045,1.0
23046,0.04173354735152488
23047,0.027613412228796843
23048,0.027613412228796843
23049,0.11815561959654179
23050,1.0
23051,0.07417582417582418
23052,0.04173354735152488
23053,0.008923742563547863
23054,0.008923742563547863
23055,0.9411764705882353
23056,0.027613412228796843
23057,0.3333333333333333
23058,0.07417582417582418
23059,0.008923742563547863
23060,0.008923742563547863
23061,0.04173354735152488
23062,0.07417582417582418
23063,0.20459081836327345
23064,0.901060070671378
23065,0.04173354735152488
23066,0.38271604938271603
23067,0.1925133689839572
23068,0.38271604938271603
23069,0.008923742563547863
23070,0.008923742563547863
23071,0.901060070671378
23072,0.20459081836327345
23073,0.4431137724550898
23074,0.027613412228796843
23075,0.021212121212121213
23076,0.027613412228796843
23077,0.04173354735152488
23078,0.027613412228796843
23079,0.04173354735152488
23080,0.008923742563547863
23081,0.04173354735152488
23082,0.008923742563547863
23083,0.008923742563547863
23084,0.2767527675276753
23085,0.021212121212121213
23086,0.008923742563547863
23087,0.48857142857142855
23088,0.04173354735152488
23089,0.20459081836327345
23090,0.008923742563547863
23091,0.04173354735152488
23092,0.008923742563547863
23093,0.20459081836327345
23094,0.027613412228796843
23095,0.008923742563547863
23096,0.07417582417582418
23097,0.07417582417582418
23098,0.20459081836327345
23099,0.021212121212121213
23100,0.027613412228796843
23101,0.901060070671378
23102,0.008923742563547863
23103,0.021212121212121213
23104,0.027613412228796843
23105,0.20459081836327345
23106,0.008923742563547863
23107,0.008923742563547863
23108,0.008923742563547863
23109,0.7709251101321586
23110,0.11815561959654179
23111,0.008923742563547863
23112,0.04173354735152488
23113,0.04173354735152488
23114,0.008923742563547863
23115,0.1925133689839572
23116,0.04173354735152488
23117,0.901060070671378
23118,0.008923742563547863
23119,0.008923742563547863
23120,0.008923742563547863
23121,0.027613412228796843
23122,0.008923742563547863
23123,0.04173354735152488
23124,0.9411764705882353
23125,0.021212121212121213
23126,0.1925133689839572
23127,0.008923742563547863
23128,0.04173354735152488
23129,0.9411764705882353
23130,0.008923742563547863
23131,0.04173354735152488
23132,0.027613412228796843
23133,0.04173354735152488
23134,0.38271604938271603
23135,0.48857142857142855
23136,0.04173354735152488
23137,0.4431137724550898
23138,0.20459081836327345
23139,0.008923742563547863
23140,0.20459081836327345
23141,0.04173354735152488
23142,0.48857142857142855
23143,0.027613412228796843
23144,0.901060070671378
23145,0.027613412228796843
23146,0.7709251101321586
23147,0.11815561959654179
23148,0.027613412228796843
23149,0.008923742563547863
23150,0.07417582417582418
23151,0.008923742563547863
23152,0.008923742563547863
23153,0.20459081836327345
23154,0.48857142857142855
23155,0.04173354735152488
23156,0.008923742563547863
23157,0.027613412228796843
23158,0.04173354735152488
23159,0.04173354735152488
23160,0.1925133689839572
23161,0.11815561959654179
23162,0.994535519125683
23163,0.2767527675276753
23164,0.008923742563547863
23165,0.008923742563547863
23166,1.0
23167,0.07417582417582418
23168,0.7264957264957265
23169,0.04173354735152488
23170,0.027613412228796843
23171,0.901060070671378
23172,0.04173354735152488
23173,0.027613412228796843
23174,0.021212121212121213
23175,0.008923742563547863
23176,0.1925133689839572
23177,0.027613412228796843
23178,0.994535519125683
23179,0.008923742563547863
23180,0.027613412228796843
23181,0.2767527675276753
23182,0.20459081836327345
23183,0.901060070671378
23184,0.04173354735152488
23185,0.07417582417582418
23186,0.027613412228796843
23187,0.9411764705882353
23188,0.008923742563547863
23189,0.07417582417582418
23190,0.027613412228796843
23191,0.027613412228796843
23192,0.021212121212121213
23193,0.008923742563547863
23194,0.008923742563547863
23195,0.20459081836327345
23196,0.027613412228796843
23197,0.2767527675276753
23198,0.027613412228796843
23199,0.04173354735152488
23200,0.7264957264957265
23201,0.027613412228796843
23202,0.7709251101321586
23203,0.20459081836327345
23204,0.027613412228796843
23205,0.021212121212121213
23206,0.901060070671378
23207,0.07417582417582418
23208,0.967032967032967
23209,0.008923742563547863
23210,0.8596491228070176
23211,0.20459081836327345
23212,0.04173354735152488
23213,0.2767527675276753
23214,0.027613412228796843
23215,0.008923742563547863
23216,0.04173354735152488
23217,0.38271604938271603
23218,0.48857142857142855
23219,0.008923742563547863
23220,0.027613412228796843
23221,0.027613412228796843
23222,0.027613412228796843
23223,0.04173354735152488
23224,0.48857142857142855
23225,0.027613412228796843
23226,0.04173354735152488
23227,0.008923742563547863
23228,0.008923742563547863
23229,0.04173354735152488
23230,0.2767527675276753
23231,0.1925133689839572
23232,0.008923742563547863
23233,0.008923742563547863
23234,0.021212121212121213
23235,0.38271604938271603
23236,0.20459081836327345
23237,0.027613412228796843
23238,0.027613412228796843
23239,0.027613412228796843
23240,0.901060070671378
23241,0.008923742563547863
23242,0.008923742563547863
23243,0.38271604938271603
23244,0.07417582417582418
23245,0.9411764705882353
23246,0.901060070671378
23247,0.20459081836327345
23248,0.008923742563547863
23249,0.27419354838709675
23250,0.901060070671378
23251,0.027613412228796843
23252,0.04173354735152488
23253,0.04173354735152488
23254,0.027613412228796843
23255,0.008923742563547863
23256,0.008923742563547863
23257,0.008923742563547863
23258,0.20459081836327345
23259,0.04173354735152488
23260,0.9411764705882353
23261,0.901060070671378
23262,0.04173354735152488
23263,0.027613412228796843
23264,0.04173354735152488
23265,0.008923742563547863
23266,0.27419354838709675
23267,0.04173354735152488
23268,0.48857142857142855
23269,0.008923742563547863
23270,0.7264957264957265
23271,0.04173354735152488
23272,0.008923742563547863
23273,0.1925133689839572
23274,0.04173354735152488
23275,0.027613412228796843
23276,1.0
23277,0.20459081836327345
23278,0.04173354735152488
23279,0.7709251101321586
23280,0.38271604938271603
23281,0.04173354735152488
23282,1.0
23283,0.027613412228796843
23284,0.38271604938271603
23285,0.008923742563547863
23286,0.008923742563547863
23287,0.20459081836327345
23288,0.027613412228796843
23289,0.04173354735152488
23290,0.021212121212121213
23291,0.04173354735152488
23292,0.2767527675276753
23293,0.008923742563547863
23294,0.1925133689839572
23295,0.008923742563547863
23296,0.1925133689839572
23297,0.20459081836327345
23298,0.20459081836327345
23299,0.008923742563547863
23300,0.008923742563547863
23301,0.48857142857142855
23302,0.901060070671378
23303,0.7709251101321586
23304,0.901060070671378
23305,0.20459081836327345
23306,0.4431137724550898
23307,0.008923742563547863
23308,0.7709251101321586
23309,0.1925133689839572
23310,0.008923742563547863
23311,0.48857142857142855
23312,0.20459081836327345
23313,0.027613412228796843
23314,0.04173354735152488
23315,0.008923742563547863
23316,0.4431137724550898
23317,0.20459081836327345
23318,0.008923742563547863
23319,0.20459081836327345
23320,0.48857142857142855
23321,0.20459081836327345
23322,0.7709251101321586
23323,0.008923742563547863
23324,0.2767527675276753
23325,0.008923742563547863
23326,0.027613412228796843
23327,0.008923742563547863
23328,1.0
23329,0.2767527675276753
23330,0.008923742563547863
23331,0.008923742563547863
23332,0.20459081836327345
23333,0.04173354735152488
23334,0.021212121212121213
23335,0.027613412228796843
23336,0.008923742563547863
23337,0.04173354735152488
23338,0.7264957264957265
23339,0.7709251101321586
23340,0.20459081836327345
23341,0.07417582417582418
23342,0.04173354735152488
23343,0.04173354735152488
23344,0.027613412228796843
23345,0.20459081836327345
23346,0.38271604938271603
23347,0.027613412228796843
23348,0.008923742563547863
23349,0.008923742563547863
23350,0.20459081836327345
23351,0.9411764705882353
23352,0.008923742563547863
23353,0.027613412228796843
23354,0.38271604938271603
23355,0.48857142857142855
23356,0.008923742563547863
23357,0.04173354735152488
23358,0.901060070671378
23359,0.027613412228796843
23360,0.021212121212121213
23361,0.021212121212121213
23362,0.11815561959654179
23363,0.2767527675276753
23364,0.04173354735152488
23365,0.48857142857142855
23366,0.027613412228796843
23367,0.021212121212121213
23368,0.04173354735152488
23369,0.2767527675276753
23370,0.20459081836327345
23371,0.04173354735152488
23372,0.04173354735152488
23373,0.027613412228796843
23374,0.04173354735152488
23375,0.11815561959654179
23376,1.0
23377,0.008923742563547863
23378,1.0
23379,0.48857142857142855
23380,0.008923742563547863
23381,0.04173354735152488
23382,0.008923742563547863
23383,0.2767527675276753
23384,0.008923742563547863
23385,0.20459081836327345
23386,0.04173354735152488
23387,0.38271604938271603
23388,0.7264957264957265
23389,0.20459081836327345
23390,0.994535519125683
23391,0.027613412228796843
23392,0.008923742563547863
23393,0.021212121212121213
23394,0.20459081836327345
23395,0.008923742563547863
23396,0.2767527675276753
23397,0.48857142857142855
23398,0.027613412228796843
23399,0.07417582417582418
23400,0.027613412228796843
23401,0.008923742563547863
23402,0.11815561959654179
23403,0.1925133689839572
23404,0.04173354735152488
23405,0.7709251101321586
23406,0.9411764705882353
23407,0.027613412228796843
23408,0.021212121212121213
23409,0.11815561959654179
23410,0.008923742563547863
23411,0.04173354735152488
23412,0.20459081836327345
23413,0.027613412228796843
23414,0.021212121212121213
23415,0.008923742563547863
23416,0.021212121212121213
23417,0.027613412228796843
23418,0.008923742563547863
23419,0.008923742563547863
23420,0.008923742563547863
23421,0.38271604938271603
23422,0.20459081836327345
23423,0.008923742563547863
23424,0.021212121212121213
23425,0.1925133689839572
23426,0.027613412228796843
23427,0.008923742563547863
23428,0.027613412228796843
23429,0.008923742563547863
23430,0.04173354735152488
23431,0.48857142857142855
23432,0.008923742563547863
23433,0.4431137724550898
23434,0.04173354735152488
23435,0.11815561959654179
23436,0.48857142857142855
23437,0.07417582417582418
23438,0.20459081836327345
23439,0.2767527675276753
23440,0.04173354735152488
23441,0.008923742563547863
23442,0.38271604938271603
23443,0.008923742563547863
23444,0.27419354838709675
23445,0.008923742563547863
23446,0.04173354735152488
23447,0.027613412228796843
23448,0.48857142857142855
23449,0.04173354735152488
23450,0.027613412228796843
23451,0.008923742563547863
23452,0.027613412228796843
23453,0.38271604938271603
23454,0.994535519125683
23455,0.008923742563547863
23456,0.008923742563547863
23457,0.994535519125683
23458,0.20459081836327345
23459,0.04173354735152488
23460,0.027613412228796843
23461,0.20459081836327345
23462,0.008923742563547863
23463,0.48857142857142855
23464,0.008923742563547863
23465,0.48857142857142855
23466,0.11815561959654179
23467,0.008923742563547863
23468,0.04173354735152488
23469,0.027613412228796843
23470,0.04173354735152488
23471,0.008923742563547863
23472,0.48857142857142855
23473,0.48857142857142855
23474,0.07417582417582418
23475,0.008923742563547863
23476,0.901060070671378
23477,0.38271604938271603
23478,0.07417582417582418
23479,0.04173354735152488
23480,0.027613412228796843
23481,0.04173354735152488
23482,0.027613412228796843
23483,0.008923742563547863
23484,0.9411764705882353
23485,0.008923742563547863
23486,0.008923742563547863
23487,0.008923742563547863
23488,0.008923742563547863
23489,0.027613412228796843
23490,0.04173354735152488
23491,0.008923742563547863
23492,0.7709251101321586
23493,0.008923742563547863
23494,0.11815561959654179
23495,0.07417582417582418
23496,0.027613412228796843
23497,0.901060070671378
23498,0.021212121212121213
23499,0.008923742563547863
23500,0.027613412228796843
23501,0.008923742563547863
23502,0.027613412228796843
23503,0.04173354735152488
23504,0.48857142857142855
23505,0.008923742563547863
23506,0.11815561959654179
23507,0.021212121212121213
23508,0.11815561959654179
23509,0.04173354735152488
23510,0.008923742563547863
23511,0.48857142857142855
23512,0.7264957264957265
23513,0.027613412228796843
23514,0.967032967032967
23515,0.20459081836327345
23516,0.008923742563547863
23517,0.008923742563547863
23518,0.008923742563547863
23519,0.008923742563547863
23520,0.1925133689839572
23521,0.7264957264957265
23522,0.04173354735152488
23523,0.04173354735152488
23524,0.008923742563547863
23525,0.48857142857142855
23526,0.7264957264957265
23527,0.20459081836327345
23528,0.11815561959654179
23529,0.04173354735152488
23530,0.38271604938271603
23531,0.38271604938271603
23532,0.027613412228796843
23533,0.04173354735152488
23534,0.027613412228796843
23535,0.04173354735152488
23536,0.008923742563547863
23537,0.008923742563547863
23538,0.38271604938271603
23539,0.008923742563547863
23540,0.20459081836327345
23541,0.008923742563547863
23542,0.20459081836327345
23543,0.008923742563547863
23544,0.008923742563547863
23545,0.07417582417582418
23546,0.967032967032967
23547,0.008923742563547863
23548,0.11815561959654179
23549,0.008923742563547863
23550,0.38271604938271603
23551,0.008923742563547863
23552,0.008923742563547863
23553,0.38271604938271603
23554,0.008923742563547863
23555,1.0
23556,0.021212121212121213
23557,0.04173354735152488
23558,0.008923742563547863
23559,0.04173354735152488
23560,0.027613412228796843
23561,0.9411764705882353
23562,0.008923742563547863
23563,0.04173354735152488
23564,0.008923742563547863
23565,0.20459081836327345
23566,0.04173354735152488
23567,0.4431137724550898
23568,0.027613412228796843
23569,0.7709251101321586
23570,0.901060070671378
23571,0.7264957264957265
23572,0.008923742563547863
23573,0.008923742563547863
23574,0.008923742563547863
23575,0.008923742563547863
23576,0.008923742563547863
23577,0.008923742563547863
23578,0.008923742563547863
23579,0.7709251101321586
23580,0.04173354735152488
23581,0.04173354735152488
23582,0.008923742563547863
23583,0.008923742563547863
23584,0.008923742563547863
23585,0.008923742563547863
23586,0.04173354735152488
23587,0.008923742563547863
23588,0.008923742563547863
23589,0.20459081836327345
23590,0.008923742563547863
23591,0.04173354735152488
23592,0.008923742563547863
23593,0.008923742563547863
23594,0.04173354735152488
23595,0.901060070671378
23596,0.48857142857142855
23597,1.0
23598,0.20459081836327345
23599,0.008923742563547863
23600,0.04173354735152488
23601,0.07417582417582418
23602,0.20459081836327345
23603,0.027613412228796843
23604,0.04173354735152488
23605,0.008923742563547863
23606,0.8596491228070176
23607,0.8596491228070176
23608,0.027613412228796843
23609,0.027613412228796843
23610,0.04173354735152488
23611,0.008923742563547863
23612,0.07417582417582418
23613,0.20459081836327345
23614,0.008923742563547863
23615,0.7709251101321586
23616,0.20459081836327345
23617,0.008923742563547863
23618,0.9411764705882353
23619,0.008923742563547863
23620,0.008923742563547863
23621,0.20459081836327345
23622,0.07417582417582418
23623,0.027613412228796843
23624,0.1925133689839572
23625,0.994535519125683
23626,0.008923742563547863
23627,0.021212121212121213
23628,0.008923742563547863
23629,0.008923742563547863
23630,0.027613412228796843
23631,1.0
23632,0.027613412228796843
23633,0.9411764705882353
23634,0.008923742563547863
23635,0.04173354735152488
23636,0.027613412228796843
23637,0.008923742563547863
23638,0.04173354735152488
23639,0.008923742563547863
23640,0.008923742563547863
23641,0.008923742563547863
23642,0.11815561959654179
23643,0.20459081836327345
23644,0.04173354735152488
23645,0.008923742563547863
23646,0.48857142857142855
23647,0.008923742563547863
23648,0.20459081836327345
23649,0.20459081836327345
23650,0.901060070671378
23651,0.008923742563547863
23652,0.027613412228796843
23653,0.9411764705882353
23654,0.008923742563547863
23655,0.48857142857142855
23656,0.04173354735152488
23657,0.2767527675276753
23658,0.48857142857142855
23659,0.008923742563547863
23660,0.04173354735152488
23661,0.04173354735152488
23662,0.04173354735152488
23663,0.008923742563547863
23664,0.9411764705882353
23665,0.008923742563547863
23666,0.027613412228796843
23667,0.04173354735152488
23668,0.008923742563547863
23669,0.901060070671378
23670,0.021212121212121213
23671,0.027613412228796843
23672,0.027613412228796843
23673,0.008923742563547863
23674,0.8596491228070176
23675,0.20459081836327345
23676,0.008923742563547863
23677,0.2767527675276753
23678,0.7264957264957265
23679,0.27419354838709675
23680,0.027613412228796843
23681,0.20459081836327345
23682,0.008923742563547863
23683,0.4431137724550898
23684,0.008923742563547863
23685,0.38271604938271603
23686,0.04173354735152488
23687,0.901060070671378
23688,0.008923742563547863
23689,0.027613412228796843
23690,0.1925133689839572
23691,0.1925133689839572
23692,0.008923742563547863
23693,0.967032967032967
23694,0.994535519125683
23695,0.008923742563547863
23696,0.1925133689839572
23697,0.021212121212121213
23698,0.48857142857142855
23699,0.11815561959654179
23700,0.04173354735152488
23701,0.027613412228796843
23702,0.48857142857142855
23703,0.008923742563547863
23704,0.20459081836327345
23705,0.027613412228796843
23706,0.027613412228796843
23707,0.027613412228796843
23708,0.27419354838709675
23709,0.04173354735152488
23710,0.008923742563547863
23711,0.07417582417582418
23712,0.008923742563547863
23713,0.04173354735152488
23714,0.8596491228070176
23715,0.994535519125683
23716,0.027613412228796843
23717,0.2767527675276753
23718,0.008923742563547863
23719,0.021212121212121213
23720,0.4431137724550898
23721,0.008923742563547863
23722,0.027613412228796843
23723,1.0
23724,0.021212121212121213
23725,0.008923742563547863
23726,0.008923742563547863
23727,0.20459081836327345
23728,0.4431137724550898
23729,0.008923742563547863
23730,0.901060070671378
23731,0.027613412228796843
23732,0.008923742563547863
23733,0.008923742563547863
23734,0.901060070671378
23735,0.027613412228796843
23736,0.008923742563547863
23737,0.008923742563547863
23738,0.04173354735152488
23739,0.11815561959654179
23740,0.027613412228796843
23741,0.7709251101321586
23742,0.11815561959654179
23743,0.027613412228796843
23744,0.008923742563547863
23745,0.994535519125683
23746,0.027613412228796843
23747,0.04173354735152488
23748,0.9411764705882353
23749,0.1925133689839572
23750,0.1925133689839572
23751,0.027613412228796843
23752,0.994535519125683
23753,0.008923742563547863
23754,0.008923742563547863
23755,0.20459081836327345
23756,0.027613412228796843
23757,0.04173354735152488
23758,0.008923742563547863
23759,0.20459081836327345
23760,0.008923742563547863
23761,0.008923742563547863
23762,0.008923742563547863
23763,0.7264957264957265
23764,0.008923742563547863
23765,0.021212121212121213
23766,0.027613412228796843
23767,0.027613412228796843
23768,0.901060070671378
23769,0.04173354735152488
23770,0.20459081836327345
23771,0.027613412228796843
23772,0.04173354735152488
23773,0.008923742563547863
23774,0.1925133689839572
23775,0.38271604938271603
23776,0.027613412228796843
23777,0.04173354735152488
23778,0.9411764705882353
23779,0.04173354735152488
23780,0.9411764705882353
23781,0.021212121212121213
23782,0.07417582417582418
23783,0.008923742563547863
23784,0.008923742563547863
23785,0.008923742563547863
23786,0.7709251101321586
23787,0.20459081836327345
23788,0.20459081836327345
23789,0.04173354735152488
23790,0.38271604938271603
23791,0.008923742563547863
23792,0.008923742563547863
23793,0.008923742563547863
23794,0.008923742563547863
23795,0.008923742563547863
23796,0.008923742563547863
23797,0.901060070671378
23798,0.008923742563547863
23799,0.38271604938271603
23800,0.04173354735152488
23801,0.20459081836327345
23802,0.04173354735152488
23803,0.7264957264957265
23804,0.11815561959654179
23805,0.7264957264957265
23806,0.7709251101321586
23807,0.20459081836327345
23808,0.027613412228796843
23809,0.7709251101321586
23810,0.008923742563547863
23811,0.48857142857142855
23812,0.901060070671378
23813,0.20459081836327345
23814,0.008923742563547863
23815,0.008923742563547863
23816,0.04173354735152488
23817,0.7264957264957265
23818,0.008923742563547863
23819,0.04173354735152488
23820,0.008923742563547863
23821,0.008923742563547863
23822,0.027613412228796843
23823,0.04173354735152488
23824,0.027613412228796843
23825,0.04173354735152488
23826,0.4431137724550898
23827,0.20459081836327345
23828,0.008923742563547863
23829,0.021212121212121213
23830,0.04173354735152488
23831,0.11815561959654179
23832,0.9411764705882353
23833,0.008923742563547863
23834,0.008923742563547863
23835,0.008923742563547863
23836,0.021212121212121213
23837,0.027613412228796843
23838,0.04173354735152488
23839,0.027613412228796843
23840,0.04173354735152488
23841,0.901060070671378
23842,0.1925133689839572
23843,0.027613412228796843
23844,0.20459081836327345
23845,0.04173354735152488
23846,0.008923742563547863
23847,0.027613412228796843
23848,0.008923742563547863
23849,0.901060070671378
23850,0.027613412228796843
23851,0.48857142857142855
23852,0.008923742563547863
23853,0.008923742563547863
23854,0.7709251101321586
23855,0.027613412228796843
23856,0.11815561959654179
23857,0.20459081836327345
23858,0.20459081836327345
23859,0.008923742563547863
23860,0.008923742563547863
23861,0.11815561959654179
23862,0.008923742563547863
23863,0.008923742563547863
23864,0.008923742563547863
23865,0.07417582417582418
23866,0.11815561959654179
23867,0.9411764705882353
23868,0.27419354838709675
23869,0.008923742563547863
23870,0.008923742563547863
23871,0.38271604938271603
23872,0.027613412228796843
23873,0.008923742563547863
23874,0.48857142857142855
23875,0.008923742563547863
23876,0.027613412228796843
23877,0.021212121212121213
23878,0.9411764705882353
23879,0.027613412228796843
23880,0.008923742563547863
23881,0.901060070671378
23882,0.901060070671378
23883,0.20459081836327345
23884,0.008923742563547863
23885,0.994535519125683
23886,0.008923742563547863
23887,0.008923742563547863
23888,0.20459081836327345
23889,0.2767527675276753
23890,0.008923742563547863
23891,0.008923742563547863
23892,0.20459081836327345
23893,0.008923742563547863
23894,0.20459081836327345
23895,0.008923742563547863
23896,0.4431137724550898
23897,0.04173354735152488
23898,0.008923742563547863
23899,0.04173354735152488
23900,0.008923742563547863
23901,0.11815561959654179
23902,0.027613412228796843
23903,0.008923742563547863
23904,0.027613412228796843
23905,0.04173354735152488
23906,0.021212121212121213
23907,0.027613412228796843
23908,0.008923742563547863
23909,0.008923742563547863
23910,0.008923742563547863
23911,0.008923742563547863
23912,0.07417582417582418
23913,0.008923742563547863
23914,0.008923742563547863
23915,0.008923742563547863
23916,0.04173354735152488
23917,0.027613412228796843
23918,0.38271604938271603
23919,0.008923742563547863
23920,0.20459081836327345
23921,0.027613412228796843
23922,0.027613412228796843
23923,0.48857142857142855
23924,0.008923742563547863
23925,1.0
23926,0.008923742563547863
23927,0.04173354735152488
23928,0.021212121212121213
23929,0.2767527675276753
23930,0.021212121212121213
23931,0.008923742563547863
23932,0.11815561959654179
23933,0.027613412228796843
23934,0.04173354735152488
23935,0.04173354735152488
23936,0.027613412228796843
23937,0.04173354735152488
23938,0.027613412228796843
23939,0.4431137724550898
23940,0.04173354735152488
23941,0.901060070671378
23942,0.021212121212121213
23943,0.027613412228796843
23944,0.20459081836327345
23945,0.07417582417582418
23946,0.027613412228796843
23947,0.04173354735152488
23948,0.38271604938271603
23949,0.027613412228796843
23950,0.008923742563547863
23951,0.008923742563547863
23952,0.04173354735152488
23953,0.008923742563547863
23954,0.07417582417582418
23955,0.021212121212121213
23956,0.07417582417582418
23957,0.008923742563547863
23958,0.48857142857142855
23959,0.008923742563547863
23960,0.07417582417582418
23961,0.04173354735152488
23962,0.008923742563547863
23963,0.04173354735152488
23964,0.07417582417582418
23965,0.021212121212121213
23966,0.008923742563547863
23967,0.008923742563547863
23968,0.027613412228796843
23969,0.027613412228796843
23970,0.48857142857142855
23971,0.008923742563547863
23972,0.008923742563547863
23973,0.027613412228796843
23974,0.38271604938271603
23975,0.9411764705882353
23976,0.008923742563547863
23977,0.9411764705882353
23978,0.008923742563547863
23979,0.20459081836327345
23980,0.20459081836327345
23981,0.008923742563547863
23982,0.07417582417582418
23983,0.994535519125683
23984,0.027613412228796843
23985,0.008923742563547863
23986,0.04173354735152488
23987,0.20459081836327345
23988,0.008923742563547863
23989,0.04173354735152488
23990,0.04173354735152488
23991,0.48857142857142855
23992,0.04173354735152488
23993,0.008923742563547863
23994,0.48857142857142855
23995,0.20459081836327345
23996,0.20459081836327345
23997,0.04173354735152488
23998,0.994535519125683
23999,0.04173354735152488
24000,0.027613412228796843
24001,0.027613412228796843
24002,0.027613412228796843
24003,0.027613412228796843
24004,0.20459081836327345
24005,0.04173354735152488
24006,0.20459081836327345
24007,0.008923742563547863
24008,0.008923742563547863
24009,0.008923742563547863
24010,0.008923742563547863
24011,0.008923742563547863
24012,0.008923742563547863
24013,0.38271604938271603
24014,0.967032967032967
24015,0.2767527675276753
24016,0.008923742563547863
24017,0.04173354735152488
24018,0.008923742563547863
24019,0.027613412228796843
24020,0.027613412228796843
24021,0.04173354735152488
24022,0.021212121212121213
24023,0.9411764705882353
24024,0.48857142857142855
24025,0.008923742563547863
24026,0.008923742563547863
24027,0.008923742563547863
24028,0.008923742563547863
24029,0.48857142857142855
24030,0.008923742563547863
24031,0.008923742563547863
24032,0.04173354735152488
24033,0.008923742563547863
24034,0.07417582417582418
24035,0.008923742563547863
24036,0.04173354735152488
24037,0.008923742563547863
24038,0.20459081836327345
24039,0.901060070671378
24040,0.008923742563547863
24041,0.901060070671378
24042,0.2767527675276753
24043,0.07417582417582418
24044,0.4431137724550898
24045,1.0
24046,0.1925133689839572
24047,0.008923742563547863
24048,0.20459081836327345
24049,0.20459081836327345
24050,0.07417582417582418
24051,0.008923742563547863
24052,0.008923742563547863
24053,0.2767527675276753
24054,0.008923742563547863
24055,0.48857142857142855
24056,0.008923742563547863
24057,0.07417582417582418
24058,0.04173354735152488
24059,0.901060070671378
24060,0.7264957264957265
24061,0.008923742563547863
24062,0.021212121212121213
24063,0.027613412228796843
24064,0.008923742563547863
24065,0.008923742563547863
24066,0.021212121212121213
24067,0.008923742563547863
24068,0.07417582417582418
24069,0.008923742563547863
24070,0.07417582417582418
24071,0.07417582417582418
24072,0.20459081836327345
24073,0.901060070671378
24074,0.021212121212121213
24075,0.9411764705882353
24076,0.04173354735152488
24077,0.04173354735152488
24078,0.008923742563547863
24079,0.7264957264957265
24080,0.07417582417582418
24081,0.008923742563547863
24082,0.48857142857142855
24083,0.48857142857142855
24084,0.008923742563547863
24085,0.1925133689839572
24086,0.008923742563547863
24087,0.04173354735152488
24088,0.11815561959654179
24089,0.4431137724550898
24090,0.04173354735152488
24091,0.11815561959654179
24092,0.008923742563547863
24093,0.04173354735152488
24094,0.20459081836327345
24095,0.008923742563547863
24096,0.20459081836327345
24097,0.20459081836327345
24098,0.20459081836327345
24099,0.20459081836327345
24100,0.008923742563547863
24101,0.11815561959654179
24102,0.027613412228796843
24103,1.0
24104,0.04173354735152488
24105,0.07417582417582418
24106,0.11815561959654179
24107,0.008923742563547863
24108,0.008923742563547863
24109,0.7264957264957265
24110,0.901060070671378
24111,0.967032967032967
24112,0.20459081836327345
24113,0.008923742563547863
24114,0.027613412228796843
24115,0.008923742563547863
24116,0.994535519125683
24117,0.20459081836327345
24118,0.027613412228796843
24119,0.20459081836327345
24120,0.04173354735152488
24121,0.20459081836327345
24122,0.008923742563547863
24123,0.027613412228796843
24124,0.04173354735152488
24125,0.008923742563547863
24126,0.027613412228796843
24127,0.008923742563547863
24128,0.008923742563547863
24129,0.008923742563547863
24130,0.027613412228796843
24131,0.04173354735152488
24132,0.008923742563547863
24133,0.04173354735152488
24134,0.9411764705882353
24135,0.48857142857142855
24136,0.07417582417582418
24137,0.008923742563547863
24138,0.008923742563547863
24139,0.008923742563547863
24140,0.008923742563547863
24141,0.9411764705882353
24142,0.07417582417582418
24143,1.0
24144,0.7709251101321586
24145,0.008923742563547863
24146,0.07417582417582418
24147,0.04173354735152488
24148,0.04173354735152488
24149,0.027613412228796843
24150,0.04173354735152488
24151,0.20459081836327345
24152,0.7709251101321586
24153,0.11815561959654179
24154,0.27419354838709675
24155,0.1925133689839572
24156,0.20459081836327345
24157,0.008923742563547863
24158,0.27419354838709675
24159,0.021212121212121213
24160,0.04173354735152488
24161,0.9411764705882353
24162,0.021212121212121213
24163,0.11815561959654179
24164,0.04173354735152488
24165,0.008923742563547863
24166,0.04173354735152488
24167,0.901060070671378
24168,0.021212121212121213
24169,0.008923742563547863
24170,0.027613412228796843
24171,0.04173354735152488
24172,0.008923742563547863
24173,0.008923742563547863
24174,0.901060070671378
24175,0.04173354735152488
24176,0.008923742563547863
24177,0.20459081836327345
24178,0.9411764705882353
24179,0.04173354735152488
24180,0.20459081836327345
24181,0.04173354735152488
24182,0.008923742563547863
24183,0.008923742563547863
24184,0.48857142857142855
24185,0.901060070671378
24186,0.008923742563547863
24187,0.027613412228796843
24188,0.008923742563547863
24189,0.04173354735152488
24190,0.20459081836327345
24191,0.008923742563547863
24192,0.994535519125683
24193,0.008923742563547863
24194,0.008923742563547863
24195,0.008923742563547863
24196,0.027613412228796843
24197,0.1925133689839572
24198,0.008923742563547863
24199,0.7264957264957265
24200,0.04173354735152488
24201,0.008923742563547863
24202,0.04173354735152488
24203,0.11815561959654179
24204,0.027613412228796843
24205,0.04173354735152488
24206,0.20459081836327345
24207,0.2767527675276753
24208,0.008923742563547863
24209,0.04173354735152488
24210,0.027613412228796843
24211,0.04173354735152488
24212,0.008923742563547863
24213,0.20459081836327345
24214,0.008923742563547863
24215,0.04173354735152488
24216,0.04173354735152488
24217,0.027613412228796843
24218,0.027613412228796843
24219,0.48857142857142855
24220,0.008923742563547863
24221,0.48857142857142855
24222,0.04173354735152488
24223,0.04173354735152488
24224,0.04173354735152488
24225,0.20459081836327345
24226,0.20459081836327345
24227,0.008923742563547863
24228,0.008923742563547863
24229,0.07417582417582418
24230,0.48857142857142855
24231,0.008923742563547863
24232,0.027613412228796843
24233,0.027613412228796843
24234,0.008923742563547863
24235,0.20459081836327345
24236,0.7709251101321586
24237,0.20459081836327345
24238,0.04173354735152488
24239,0.20459081836327345
24240,0.027613412228796843
24241,0.27419354838709675
24242,0.008923742563547863
24243,0.20459081836327345
24244,0.021212121212121213
24245,0.008923742563547863
24246,0.04173354735152488
24247,0.04173354735152488
24248,0.021212121212121213
24249,0.008923742563547863
24250,0.027613412228796843
24251,0.008923742563547863
24252,0.008923742563547863
24253,0.04173354735152488
24254,0.7264957264957265
24255,0.027613412228796843
24256,0.008923742563547863
24257,0.027613412228796843
24258,0.20459081836327345
24259,0.11815561959654179
24260,0.04173354735152488
24261,0.07417582417582418
24262,0.04173354735152488
24263,0.1925133689839572
24264,0.008923742563547863
24265,0.027613412228796843
24266,0.008923742563547863
24267,0.11815561959654179
24268,0.008923742563547863
24269,0.04173354735152488
24270,0.901060070671378
24271,0.008923742563547863
24272,0.008923742563547863
24273,0.008923742563547863
24274,0.04173354735152488
24275,0.48857142857142855
24276,0.07417582417582418
24277,0.20459081836327345
24278,0.11815561959654179
24279,0.008923742563547863
24280,0.07417582417582418
24281,0.008923742563547863
24282,0.04173354735152488
24283,0.04173354735152488
24284,0.027613412228796843
24285,0.008923742563547863
24286,0.48857142857142855
24287,0.38271604938271603
24288,0.48857142857142855
24289,0.027613412228796843
24290,0.04173354735152488
24291,0.027613412228796843
24292,0.027613412228796843
24293,0.027613412228796843
24294,0.20459081836327345
24295,0.021212121212121213
24296,0.008923742563547863
24297,0.008923742563547863
24298,0.4431137724550898
24299,0.04173354735152488
24300,0.027613412228796843
24301,0.1925133689839572
24302,0.008923742563547863
24303,0.027613412228796843
24304,0.008923742563547863
24305,0.027613412228796843
24306,0.008923742563547863
24307,0.901060070671378
24308,0.7709251101321586
24309,0.04173354735152488
24310,0.027613412228796843
24311,0.04173354735152488
24312,0.008923742563547863
24313,0.008923742563547863
24314,0.008923742563547863
24315,0.027613412228796843
24316,0.027613412228796843
24317,0.4431137724550898
24318,0.48857142857142855
24319,0.38271604938271603
24320,0.008923742563547863
24321,0.04173354735152488
24322,0.04173354735152488
24323,0.04173354735152488
24324,0.008923742563547863
24325,0.9411764705882353
24326,1.0
24327,0.04173354735152488
24328,0.008923742563547863
24329,0.008923742563547863
24330,0.1925133689839572
24331,0.008923742563547863
24332,0.008923742563547863
24333,0.027613412228796843
24334,0.20459081836327345
24335,0.04173354735152488
24336,1.0
24337,0.20459081836327345
24338,0.1925133689839572
24339,0.48857142857142855
24340,0.027613412228796843
24341,0.20459081836327345
24342,0.11815561959654179
24343,0.008923742563547863
24344,0.008923742563547863
24345,0.20459081836327345
24346,0.027613412228796843
24347,0.20459081836327345
24348,0.008923742563547863
24349,0.901060070671378
24350,0.11815561959654179
24351,0.027613412228796843
24352,0.2767527675276753
24353,0.027613412228796843
24354,0.04173354735152488
24355,0.04173354735152488
24356,0.008923742563547863
24357,0.027613412228796843
24358,0.008923742563547863
24359,0.04173354735152488
24360,0.008923742563547863
24361,0.20459081836327345
24362,0.008923742563547863
24363,0.901060070671378
24364,0.20459081836327345
24365,0.027613412228796843
24366,0.008923742563547863
24367,0.04173354735152488
24368,0.1925133689839572
24369,0.008923742563547863
24370,0.008923742563547863
24371,0.04173354735152488
24372,0.008923742563547863
24373,0.9411764705882353
24374,0.20459081836327345
24375,0.901060070671378
24376,0.04173354735152488
24377,0.027613412228796843
24378,0.008923742563547863
24379,0.4431137724550898
24380,0.901060070671378
24381,0.967032967032967
24382,0.008923742563547863
24383,0.04173354735152488
24384,0.7709251101321586
24385,0.027613412228796843
24386,0.04173354735152488
24387,0.7709251101321586
24388,0.008923742563547863
24389,0.027613412228796843
24390,0.04173354735152488
24391,0.4431137724550898
24392,0.20459081836327345
24393,0.04173354735152488
24394,0.04173354735152488
24395,0.027613412228796843
24396,0.901060070671378
24397,0.008923742563547863
24398,0.008923742563547863
24399,0.008923742563547863
24400,0.021212121212121213
24401,0.008923742563547863
24402,0.008923742563547863
24403,1.0
24404,0.008923742563547863
24405,0.11815561959654179
24406,0.008923742563547863
24407,0.38271604938271603
24408,0.48857142857142855
24409,0.021212121212121213
24410,0.7709251101321586
24411,0.008923742563547863
24412,0.04173354735152488
24413,0.008923742563547863
24414,0.008923742563547863
24415,0.008923742563547863
24416,0.008923742563547863
24417,0.008923742563547863
24418,0.7264957264957265
24419,0.021212121212121213
24420,0.008923742563547863
24421,0.008923742563547863
24422,0.48857142857142855
24423,0.008923742563547863
24424,0.008923742563547863
24425,0.07417582417582418
24426,0.38271604938271603
24427,0.008923742563547863
24428,0.20459081836327345
24429,0.48857142857142855
24430,0.07417582417582418
24431,0.021212121212121213
24432,0.008923742563547863
24433,0.027613412228796843
24434,0.008923742563547863
24435,0.20459081836327345
24436,0.04173354735152488
24437,0.48857142857142855
24438,0.008923742563547863
24439,0.027613412228796843
24440,0.008923742563547863
24441,0.027613412228796843
24442,0.04173354735152488
24443,0.38271604938271603
24444,0.20459081836327345
24445,0.901060070671378
24446,0.20459081836327345
24447,0.48857142857142855
24448,0.008923742563547863
24449,0.20459081836327345
24450,0.008923742563547863
24451,0.07417582417582418
24452,0.7264957264957265
24453,0.04173354735152488
24454,0.027613412228796843
24455,0.027613412228796843
24456,0.04173354735152488
24457,0.04173354735152488
24458,0.008923742563547863
24459,0.04173354735152488
24460,0.008923742563547863
24461,0.008923742563547863
24462,0.38271604938271603
24463,0.008923742563547863
24464,0.48857142857142855
24465,0.48857142857142855
24466,0.901060070671378
24467,0.04173354735152488
24468,0.008923742563547863
24469,0.008923742563547863
24470,0.027613412228796843
24471,0.967032967032967
24472,0.2767527675276753
24473,0.7709251101321586
24474,0.04173354735152488
24475,0.008923742563547863
24476,0.027613412228796843
24477,0.07417582417582418
24478,0.20459081836327345
24479,0.027613412228796843
24480,0.027613412228796843
24481,0.008923742563547863
24482,0.38271604938271603
24483,0.11815561959654179
24484,0.027613412228796843
24485,0.008923742563547863
24486,0.027613412228796843
24487,0.04173354735152488
24488,0.20459081836327345
24489,0.11815561959654179
24490,0.027613412228796843
24491,0.48857142857142855
24492,0.04173354735152488
24493,0.008923742563547863
24494,0.04173354735152488
24495,0.027613412228796843
24496,0.008923742563547863
24497,0.11815561959654179
24498,0.20459081836327345
24499,0.008923742563547863
24500,0.008923742563547863
24501,0.20459081836327345
24502,0.027613412228796843
24503,0.008923742563547863
24504,0.008923742563547863
24505,0.008923742563547863
24506,0.027613412228796843
24507,0.008923742563547863
24508,0.008923742563547863
24509,0.2767527675276753
24510,0.1925133689839572
24511,0.1925133689839572
24512,0.1925133689839572
24513,0.008923742563547863
24514,0.7709251101321586
24515,0.04173354735152488
24516,0.021212121212121213
24517,0.008923742563547863
24518,0.9411764705882353
24519,0.994535519125683
24520,0.008923742563547863
24521,0.04173354735152488
24522,0.008923742563547863
24523,0.38271604938271603
24524,0.027613412228796843
24525,0.04173354735152488
24526,0.008923742563547863
24527,0.008923742563547863
24528,0.04173354735152488
24529,0.008923742563547863
24530,0.008923742563547863
24531,0.008923742563547863
24532,0.9411764705882353
24533,0.48857142857142855
24534,0.4431137724550898
24535,0.20459081836327345
24536,0.48857142857142855
24537,0.04173354735152488
24538,0.2767527675276753
24539,0.2767527675276753
24540,0.901060070671378
24541,0.021212121212121213
24542,0.04173354735152488
24543,0.027613412228796843
24544,0.2767527675276753
24545,0.027613412228796843
24546,0.04173354735152488
24547,0.11815561959654179
24548,0.994535519125683
24549,0.04173354735152488
24550,0.008923742563547863
24551,0.008923742563547863
24552,0.008923742563547863
24553,0.008923742563547863
24554,0.027613412228796843
24555,0.027613412228796843
24556,0.008923742563547863
24557,0.11815561959654179
24558,0.994535519125683
24559,0.20459081836327345
24560,0.901060070671378
24561,0.20459081836327345
24562,0.9411764705882353
24563,0.008923742563547863
24564,0.008923742563547863
24565,0.11815561959654179
24566,0.11815561959654179
24567,0.008923742563547863
24568,0.38271604938271603
24569,0.027613412228796843
24570,0.2767527675276753
24571,0.008923742563547863
24572,0.04173354735152488
24573,0.008923742563547863
24574,0.008923742563547863
24575,0.021212121212121213
24576,0.9411764705882353
24577,0.008923742563547863
24578,0.008923742563547863
24579,0.901060070671378
24580,0.027613412228796843
24581,0.9411764705882353
24582,0.48857142857142855
24583,0.901060070671378
24584,0.901060070671378
24585,0.008923742563547863
24586,0.027613412228796843
24587,0.1925133689839572
24588,0.021212121212121213
24589,0.04173354735152488
24590,0.04173354735152488
24591,0.008923742563547863
24592,0.1925133689839572
24593,0.07417582417582418
24594,0.38271604938271603
24595,0.008923742563547863
24596,0.9411764705882353
24597,0.027613412228796843
24598,0.008923742563547863
24599,0.008923742563547863
24600,0.2767527675276753
24601,0.11815561959654179
24602,0.008923742563547863
24603,0.008923742563547863
24604,0.008923742563547863
24605,0.008923742563547863
24606,0.901060070671378
24607,0.008923742563547863
24608,0.11815561959654179
24609,0.04173354735152488
24610,0.008923742563547863
24611,0.008923742563547863
24612,0.7709251101321586
24613,0.04173354735152488
24614,0.008923742563547863
24615,0.20459081836327345
24616,0.901060070671378
24617,0.04173354735152488
24618,0.901060070671378
24619,0.20459081836327345
24620,0.2767527675276753
24621,0.7709251101321586
24622,0.027613412228796843
24623,0.20459081836327345
24624,0.008923742563547863
24625,0.967032967032967
24626,0.04173354735152488
24627,0.027613412228796843
24628,0.20459081836327345
24629,0.04173354735152488
24630,0.11815561959654179
24631,0.027613412228796843
24632,0.008923742563547863
24633,0.008923742563547863
24634,0.1925133689839572
24635,0.04173354735152488
24636,0.04173354735152488
24637,0.2767527675276753
24638,0.027613412228796843
24639,0.04173354735152488
24640,0.008923742563547863
24641,0.7264957264957265
24642,0.967032967032967
24643,0.008923742563547863
24644,0.04173354735152488
24645,0.4431137724550898
24646,0.48857142857142855
24647,0.04173354735152488
24648,0.38271604938271603
24649,0.008923742563547863
24650,0.008923742563547863
24651,0.04173354735152488
24652,0.2767527675276753
24653,0.04173354735152488
24654,0.994535519125683
24655,0.021212121212121213
24656,0.008923742563547863
24657,0.7264957264957265
24658,0.48857142857142855
24659,0.008923742563547863
24660,0.008923742563547863
24661,0.2767527675276753
24662,0.7709251101321586
24663,0.008923742563547863
24664,0.04173354735152488
24665,0.021212121212121213
24666,0.027613412228796843
24667,0.04173354735152488
24668,0.7709251101321586
24669,0.48857142857142855
24670,0.48857142857142855
24671,0.9411764705882353
24672,0.20459081836327345
24673,0.008923742563547863
24674,0.27419354838709675
24675,0.008923742563547863
24676,0.008923742563547863
24677,0.901060070671378
24678,0.994535519125683
24679,0.07417582417582418
24680,0.7264957264957265
24681,0.008923742563547863
24682,0.008923742563547863
24683,0.027613412228796843
24684,0.9411764705882353
24685,0.027613412228796843
24686,0.07417582417582418
24687,0.20459081836327345
24688,0.7709251101321586
24689,0.7709251101321586
24690,0.008923742563547863
24691,0.008923742563547863
24692,0.9411764705882353
24693,0.1925133689839572
24694,0.027613412228796843
24695,0.04173354735152488
24696,0.1925133689839572
24697,0.008923742563547863
24698,0.008923742563547863
24699,0.901060070671378
24700,0.04173354735152488
24701,0.008923742563547863
24702,0.20459081836327345
24703,0.027613412228796843
24704,0.027613412228796843
24705,0.04173354735152488
24706,0.20459081836327345
24707,0.38271604938271603
24708,0.008923742563547863
24709,0.04173354735152488
24710,0.008923742563547863
24711,0.027613412228796843
24712,0.2767527675276753
24713,0.20459081836327345
24714,0.20459081836327345
24715,0.027613412228796843
24716,0.38271604938271603
24717,0.027613412228796843
24718,0.008923742563547863
24719,0.20459081836327345
24720,0.04173354735152488
24721,0.04173354735152488
24722,0.027613412228796843
24723,0.008923742563547863
24724,0.04173354735152488
24725,0.7709251101321586
24726,0.20459081836327345
24727,0.008923742563547863
24728,0.38271604938271603
24729,0.027613412228796843
24730,0.008923742563547863
24731,0.04173354735152488
24732,0.04173354735152488
24733,0.04173354735152488
24734,0.2767527675276753
24735,0.008923742563547863
24736,0.20459081836327345
24737,0.008923742563547863
24738,0.20459081836327345
24739,0.008923742563547863
24740,0.20459081836327345
24741,0.11815561959654179
24742,0.7709251101321586
24743,0.008923742563547863
24744,0.04173354735152488
24745,0.20459081836327345
24746,0.021212121212121213
24747,0.07417582417582418
24748,0.4431137724550898
24749,0.008923742563547863
24750,0.04173354735152488
24751,0.04173354735152488
24752,0.008923742563547863
24753,0.027613412228796843
24754,0.027613412228796843
24755,0.008923742563547863
24756,0.008923742563547863
24757,0.2767527675276753
24758,0.008923742563547863
24759,0.008923742563547863
24760,0.008923742563547863
24761,0.027613412228796843
24762,0.20459081836327345
24763,0.07417582417582418
24764,0.008923742563547863
24765,0.027613412228796843
24766,0.008923742563547863
24767,0.04173354735152488
24768,0.021212121212121213
24769,0.008923742563547863
24770,0.008923742563547863
24771,0.008923742563547863
24772,0.20459081836327345
24773,0.04173354735152488
24774,0.04173354735152488
24775,0.008923742563547863
24776,0.04173354735152488
24777,0.021212121212121213
24778,0.48857142857142855
24779,0.008923742563547863
24780,0.008923742563547863
24781,0.008923742563547863
24782,0.901060070671378
24783,0.04173354735152488
24784,0.04173354735152488
24785,0.2767527675276753
24786,0.04173354735152488
24787,0.008923742563547863
24788,0.7709251101321586
24789,0.021212121212121213
24790,0.008923742563547863
24791,0.20459081836327345
24792,0.008923742563547863
24793,0.2767527675276753
24794,0.008923742563547863
24795,0.008923742563547863
24796,0.994535519125683
24797,0.008923742563547863
24798,0.008923742563547863
24799,0.027613412228796843
24800,0.11815561959654179
24801,0.008923742563547863
24802,0.48857142857142855
24803,0.008923742563547863
24804,0.008923742563547863
24805,0.20459081836327345
24806,0.027613412228796843
24807,0.021212121212121213
24808,0.008923742563547863
24809,0.04173354735152488
24810,0.027613412228796843
24811,0.008923742563547863
24812,0.008923742563547863
24813,0.04173354735152488
24814,0.20459081836327345
24815,0.008923742563547863
24816,0.008923742563547863
24817,0.027613412228796843
24818,0.021212121212121213
24819,0.38271604938271603
24820,0.7264957264957265
24821,0.008923742563547863
24822,0.07417582417582418
24823,0.20459081836327345
24824,0.04173354735152488
24825,0.008923742563547863
24826,0.48857142857142855
24827,0.008923742563547863
24828,0.11815561959654179
24829,0.027613412228796843
24830,0.20459081836327345
24831,0.008923742563547863
24832,0.008923742563547863
24833,0.20459081836327345
24834,0.04173354735152488
24835,0.07417582417582418
24836,0.04173354735152488
24837,0.008923742563547863
24838,0.7709251101321586
24839,0.04173354735152488
24840,0.994535519125683
24841,0.994535519125683
24842,0.008923742563547863
24843,0.04173354735152488
24844,0.008923742563547863
24845,0.008923742563547863
24846,0.008923742563547863
24847,0.7709251101321586
24848,0.008923742563547863
24849,0.027613412228796843
24850,0.008923742563547863
24851,0.4431137724550898
24852,0.04173354735152488
24853,0.027613412228796843
24854,0.027613412228796843
24855,0.9411764705882353
24856,0.008923742563547863
24857,0.027613412228796843
24858,0.20459081836327345
24859,0.04173354735152488
24860,0.04173354735152488
24861,0.48857142857142855
24862,0.008923742563547863
24863,0.4431137724550898
24864,0.008923742563547863
24865,0.20459081836327345
24866,1.0
24867,0.38271604938271603
24868,0.04173354735152488
24869,0.07417582417582418
24870,0.38271604938271603
24871,0.20459081836327345
24872,0.027613412228796843
24873,0.027613412228796843
24874,0.20459081836327345
24875,0.07417582417582418
24876,0.04173354735152488
24877,0.2767527675276753
24878,0.008923742563547863
24879,0.04173354735152488
24880,0.07417582417582418
24881,0.11815561959654179
24882,0.11815561959654179
24883,0.48857142857142855
24884,0.20459081836327345
24885,0.04173354735152488
24886,0.20459081836327345
24887,0.008923742563547863
24888,0.008923742563547863
24889,0.7709251101321586
24890,0.027613412228796843
24891,0.11815561959654179
24892,0.008923742563547863
24893,0.04173354735152488
24894,0.04173354735152488
24895,0.994535519125683
24896,0.994535519125683
24897,0.027613412228796843
24898,0.9411764705882353
24899,0.008923742563547863
24900,0.027613412228796843
24901,0.04173354735152488
24902,0.7709251101321586
24903,0.027613412228796843
24904,0.04173354735152488
24905,0.38271604938271603
24906,0.04173354735152488
24907,0.38271604938271603
24908,0.38271604938271603
24909,0.027613412228796843
24910,0.008923742563547863
24911,0.008923742563547863
24912,0.04173354735152488
24913,0.027613412228796843
24914,0.008923742563547863
24915,0.07417582417582418
24916,0.38271604938271603
24917,0.027613412228796843
24918,0.7709251101321586
24919,0.008923742563547863
24920,0.04173354735152488
24921,0.7709251101321586
24922,0.008923742563547863
24923,0.20459081836327345
24924,0.008923742563547863
24925,0.027613412228796843
24926,0.008923742563547863
24927,0.1925133689839572
24928,0.07417582417582418
24929,0.04173354735152488
24930,0.4431137724550898
24931,0.9411764705882353
24932,0.027613412228796843
24933,0.027613412228796843
24934,0.008923742563547863
24935,0.008923742563547863
24936,0.04173354735152488
24937,0.901060070671378
24938,0.994535519125683
24939,0.04173354735152488
24940,0.008923742563547863
24941,0.027613412228796843
24942,0.008923742563547863
24943,0.008923742563547863
24944,0.008923742563547863
24945,0.008923742563547863
24946,0.008923742563547863
24947,0.04173354735152488
24948,0.027613412228796843
24949,0.008923742563547863
24950,0.07417582417582418
24951,0.027613412228796843
24952,0.04173354735152488
24953,0.008923742563547863
24954,0.04173354735152488
24955,0.07417582417582418
24956,0.04173354735152488
24957,0.008923742563547863
24958,0.027613412228796843
24959,0.20459081836327345
24960,0.20459081836327345
24961,0.04173354735152488
24962,0.008923742563547863
24963,0.008923742563547863
24964,0.008923742563547863
24965,0.008923742563547863
24966,0.48857142857142855
24967,0.008923742563547863
24968,0.04173354735152488
24969,0.48857142857142855
24970,0.48857142857142855
24971,0.11815561959654179
24972,0.027613412228796843
24973,0.008923742563547863
24974,0.027613412228796843
24975,0.1925133689839572
24976,0.20459081836327345
24977,0.008923742563547863
24978,0.027613412228796843
24979,0.04173354735152488
24980,0.008923742563547863
24981,0.48857142857142855
24982,0.008923742563547863
24983,0.008923742563547863
24984,0.027613412228796843
24985,0.7264957264957265
24986,0.901060070671378
24987,0.20459081836327345
24988,0.008923742563547863
24989,0.48857142857142855
24990,0.9411764705882353
24991,0.04173354735152488
24992,0.008923742563547863
24993,0.07417582417582418
24994,1.0
24995,0.027613412228796843
24996,0.027613412228796843
24997,0.008923742563547863
24998,0.04173354735152488
24999,0.20459081836327345
