id,Exited
15000,0.039301310043668124
15001,0.012114989733059548
15002,0.20394736842105263
15003,0.5698478561549101
15004,0.08217054263565891
15005,0.18763796909492272
15006,0.012114989733059548
15007,0.012114989733059548
15008,0.0594855305466238
15009,0.012114989733059548
15010,0.039301310043668124
15011,0.9664082687338501
15012,0.039301310043668124
15013,0.039301310043668124
15014,0.012114989733059548
15015,0.012114989733059548
15016,0.0594855305466238
15017,0.012114989733059548
15018,0.3619047619047619
15019,0.012114989733059548
15020,0.012114989733059548
15021,0.0594855305466238
15022,0.9664082687338501
15023,0.3619047619047619
15024,0.012114989733059548
15025,0.5698478561549101
15026,0.5698478561549101
15027,0.012114989733059548
15028,0.18763796909492272
15029,0.7704918032786885
15030,0.5698478561549101
15031,0.039301310043668124
15032,0.0594855305466238
15033,0.20394736842105263
15034,0.3619047619047619
15035,0.012114989733059548
15036,0.012114989733059548
15037,0.5698478561549101
15038,0.20394736842105263
15039,0.012114989733059548
15040,0.20394736842105263
15041,0.012114989733059548
15042,0.012114989733059548
15043,0.012114989733059548
15044,0.012114989733059548
15045,0.08217054263565891
15046,0.18763796909492272
15047,0.7704918032786885
15048,0.012114989733059548
15049,0.18763796909492272
15050,0.012114989733059548
15051,0.0594855305466238
15052,0.039301310043668124
15053,0.3619047619047619
15054,0.039301310043668124
15055,0.012114989733059548
15056,0.012114989733059548
15057,0.9664082687338501
15058,0.7704918032786885
15059,0.039301310043668124
15060,0.012114989733059548
15061,0.012114989733059548
15062,0.5698478561549101
15063,0.5698478561549101
15064,0.039301310043668124
15065,0.08217054263565891
15066,0.039301310043668124
15067,0.9664082687338501
15068,0.7704918032786885
15069,0.012114989733059548
15070,0.5698478561549101
15071,0.012114989733059548
15072,0.5698478561549101
15073,0.5698478561549101
15074,0.012114989733059548
15075,0.012114989733059548
15076,0.012114989733059548
15077,0.08217054263565891
15078,0.012114989733059548
15079,0.039301310043668124
15080,0.7704918032786885
15081,0.039301310043668124
15082,0.0594855305466238
15083,0.08217054263565891
15084,0.012114989733059548
15085,0.039301310043668124
15086,0.7704918032786885
15087,0.012114989733059548
15088,0.012114989733059548
15089,0.039301310043668124
15090,0.012114989733059548
15091,0.012114989733059548
15092,0.012114989733059548
15093,0.039301310043668124
15094,0.012114989733059548
15095,0.012114989733059548
15096,0.5698478561549101
15097,0.012114989733059548
15098,0.012114989733059548
15099,0.18763796909492272
15100,0.012114989733059548
15101,0.7704918032786885
15102,0.7704918032786885
15103,0.5698478561549101
15104,0.7704918032786885
15105,0.012114989733059548
15106,0.18763796909492272
15107,0.9664082687338501
15108,0.012114989733059548
15109,0.012114989733059548
15110,0.18763796909492272
15111,0.012114989733059548
15112,0.3619047619047619
15113,0.012114989733059548
15114,0.012114989733059548
15115,0.012114989733059548
15116,0.012114989733059548
15117,0.8933333333333333
15118,0.0594855305466238
15119,0.20394736842105263
15120,0.012114989733059548
15121,0.3619047619047619
15122,0.012114989733059548
15123,0.012114989733059548
15124,0.039301310043668124
15125,0.012114989733059548
15126,0.7704918032786885
15127,0.012114989733059548
15128,0.039301310043668124
15129,0.039301310043668124
15130,0.012114989733059548
15131,0.7704918032786885
15132,0.039301310043668124
15133,0.08217054263565891
15134,0.012114989733059548
15135,0.7704918032786885
15136,0.3619047619047619
15137,0.0594855305466238
15138,0.18763796909492272
15139,0.012114989733059548
15140,0.012114989733059548
15141,0.7704918032786885
15142,0.012114989733059548
15143,0.7704918032786885
15144,0.20394736842105263
15145,0.012114989733059548
15146,0.0594855305466238
15147,0.8596491228070176
15148,0.012114989733059548
15149,0.9664082687338501
15150,0.039301310043668124
15151,0.3619047619047619
15152,0.8933333333333333
15153,0.08217054263565891
15154,0.9664082687338501
15155,0.08217054263565891
15156,0.012114989733059548
15157,0.0594855305466238
15158,0.3619047619047619
15159,0.5698478561549101
15160,0.20394736842105263
15161,0.012114989733059548
15162,0.012114989733059548
15163,0.012114989733059548
15164,0.012114989733059548
15165,0.039301310043668124
15166,0.8596491228070176
15167,0.3619047619047619
15168,0.039301310043668124
15169,0.012114989733059548
15170,0.3619047619047619
15171,0.012114989733059548
15172,0.039301310043668124
15173,0.9664082687338501
15174,0.5698478561549101
15175,0.0594855305466238
15176,0.012114989733059548
15177,0.039301310043668124
15178,0.0594855305466238
15179,0.012114989733059548
15180,0.20394736842105263
15181,0.9664082687338501
15182,0.039301310043668124
15183,0.5698478561549101
15184,0.012114989733059548
15185,0.5698478561549101
15186,0.039301310043668124
15187,0.012114989733059548
15188,0.0594855305466238
15189,0.012114989733059548
15190,0.039301310043668124
15191,0.012114989733059548
15192,0.039301310043668124
15193,0.18763796909492272
15194,0.5698478561549101
15195,0.3619047619047619
15196,0.5698478561549101
15197,0.012114989733059548
15198,0.5698478561549101
15199,0.0594855305466238
15200,0.039301310043668124
15201,0.08217054263565891
15202,0.012114989733059548
15203,0.012114989733059548
15204,0.012114989733059548
15205,0.20394736842105263
15206,0.20394736842105263
15207,0.20394736842105263
15208,0.012114989733059548
15209,0.3619047619047619
15210,0.012114989733059548
15211,0.0594855305466238
15212,0.3619047619047619
15213,0.012114989733059548
15214,0.039301310043668124
15215,0.012114989733059548
15216,0.5698478561549101
15217,0.039301310043668124
15218,0.08217054263565891
15219,0.012114989733059548
15220,0.012114989733059548
15221,0.012114989733059548
15222,0.18763796909492272
15223,0.012114989733059548
15224,0.012114989733059548
15225,0.3619047619047619
15226,0.5698478561549101
15227,0.0594855305466238
15228,0.5698478561549101
15229,0.08217054263565891
15230,0.7704918032786885
15231,0.5698478561549101
15232,0.039301310043668124
15233,0.08217054263565891
15234,1.0
15235,0.012114989733059548
15236,0.039301310043668124
15237,0.08217054263565891
15238,0.012114989733059548
15239,0.012114989733059548
15240,0.18763796909492272
15241,0.012114989733059548
15242,0.039301310043668124
15243,0.5698478561549101
15244,0.012114989733059548
15245,0.5698478561549101
15246,0.18763796909492272
15247,0.20394736842105263
15248,0.3619047619047619
15249,0.039301310043668124
15250,0.012114989733059548
15251,0.012114989733059548
15252,0.039301310043668124
15253,0.20394736842105263
15254,0.012114989733059548
15255,0.012114989733059548
15256,0.012114989733059548
15257,0.039301310043668124
15258,0.7704918032786885
15259,0.18763796909492272
15260,0.012114989733059548
15261,1.0
15262,0.012114989733059548
15263,0.8596491228070176
15264,0.039301310043668124
15265,0.08217054263565891
15266,0.18763796909492272
15267,0.0594855305466238
15268,0.012114989733059548
15269,0.012114989733059548
15270,0.039301310043668124
15271,0.012114989733059548
15272,0.039301310043668124
15273,0.0594855305466238
15274,0.7704918032786885
15275,0.7704918032786885
15276,0.3619047619047619
15277,0.012114989733059548
15278,0.012114989733059548
15279,0.20394736842105263
15280,0.9664082687338501
15281,0.012114989733059548
15282,0.0594855305466238
15283,0.5698478561549101
15284,0.012114989733059548
15285,0.7704918032786885
15286,0.012114989733059548
15287,0.012114989733059548
15288,0.012114989733059548
15289,0.039301310043668124
15290,0.012114989733059548
15291,0.012114989733059548
15292,0.18763796909492272
15293,0.9664082687338501
15294,0.012114989733059548
15295,0.18763796909492272
15296,0.039301310043668124
15297,0.012114989733059548
15298,0.012114989733059548
15299,0.012114989733059548
15300,0.08217054263565891
15301,0.5698478561549101
15302,0.039301310043668124
15303,0.012114989733059548
15304,0.012114989733059548
15305,0.18763796909492272
15306,0.039301310043668124
15307,0.5698478561549101
15308,0.012114989733059548
15309,1.0
15310,0.5698478561549101
15311,0.039301310043668124
15312,0.012114989733059548
15313,0.012114989733059548
15314,0.012114989733059548
15315,0.012114989733059548
15316,0.18763796909492272
15317,0.012114989733059548
15318,0.5698478561549101
15319,0.012114989733059548
15320,0.039301310043668124
15321,0.012114989733059548
15322,0.012114989733059548
15323,0.012114989733059548
15324,0.9664082687338501
15325,0.012114989733059548
15326,0.08217054263565891
15327,0.5698478561549101
15328,0.18763796909492272
15329,0.012114989733059548
15330,0.0594855305466238
15331,0.039301310043668124
15332,0.012114989733059548
15333,0.039301310043668124
15334,0.039301310043668124
15335,0.012114989733059548
15336,0.039301310043668124
15337,0.012114989733059548
15338,0.0594855305466238
15339,0.039301310043668124
15340,0.012114989733059548
15341,0.012114989733059548
15342,0.9664082687338501
15343,0.039301310043668124
15344,0.039301310043668124
15345,0.08217054263565891
15346,0.7704918032786885
15347,0.039301310043668124
15348,0.039301310043668124
15349,0.012114989733059548
15350,0.012114989733059548
15351,0.012114989733059548
15352,0.039301310043668124
15353,0.3619047619047619
15354,0.012114989733059548
15355,0.0594855305466238
15356,0.3619047619047619
15357,0.012114989733059548
15358,0.012114989733059548
15359,0.012114989733059548
15360,0.012114989733059548
15361,0.012114989733059548
15362,0.012114989733059548
15363,0.012114989733059548
15364,0.039301310043668124
15365,0.5698478561549101
15366,0.5698478561549101
15367,0.9664082687338501
15368,0.039301310043668124
15369,0.012114989733059548
15370,0.5698478561549101
15371,0.012114989733059548
15372,0.012114989733059548
15373,0.18763796909492272
15374,0.7704918032786885
15375,0.18763796909492272
15376,0.039301310043668124
15377,0.5698478561549101
15378,0.012114989733059548
15379,0.7704918032786885
15380,0.5698478561549101
15381,0.0594855305466238
15382,0.012114989733059548
15383,0.012114989733059548
15384,0.5698478561549101
15385,0.18763796909492272
15386,0.5698478561549101
15387,0.039301310043668124
15388,0.012114989733059548
15389,0.012114989733059548
15390,0.20394736842105263
15391,0.18763796909492272
15392,0.012114989733059548
15393,0.012114989733059548
15394,0.012114989733059548
15395,0.012114989733059548
15396,0.20394736842105263
15397,0.012114989733059548
15398,0.012114989733059548
15399,0.012114989733059548
15400,0.20394736842105263
15401,0.18763796909492272
15402,0.012114989733059548
15403,0.18763796909492272
15404,0.08217054263565891
15405,0.08217054263565891
15406,0.039301310043668124
15407,0.012114989733059548
15408,0.18763796909492272
15409,0.3619047619047619
15410,0.3619047619047619
15411,0.012114989733059548
15412,0.039301310043668124
15413,0.5698478561549101
15414,0.9664082687338501
15415,0.012114989733059548
15416,0.012114989733059548
15417,0.3619047619047619
15418,0.039301310043668124
15419,0.18763796909492272
15420,0.08217054263565891
15421,0.0594855305466238
15422,0.039301310043668124
15423,0.3619047619047619
15424,0.0594855305466238
15425,0.7704918032786885
15426,0.3619047619047619
15427,0.039301310043668124
15428,0.20394736842105263
15429,0.039301310043668124
15430,0.012114989733059548
15431,0.012114989733059548
15432,0.012114989733059548
15433,0.012114989733059548
15434,0.012114989733059548
15435,0.012114989733059548
15436,0.08217054263565891
15437,0.20394736842105263
15438,0.012114989733059548
15439,0.012114989733059548
15440,0.039301310043668124
15441,0.8933333333333333
15442,0.5698478561549101
15443,0.039301310043668124
15444,0.0594855305466238
15445,0.012114989733059548
15446,0.039301310043668124
15447,0.012114989733059548
15448,0.9664082687338501
15449,0.0594855305466238
15450,0.012114989733059548
15451,0.012114989733059548
15452,0.5698478561549101
15453,0.08217054263565891
15454,0.039301310043668124
15455,0.9664082687338501
15456,0.039301310043668124
15457,0.012114989733059548
15458,0.039301310043668124
15459,0.3619047619047619
15460,0.5698478561549101
15461,0.039301310043668124
15462,0.012114989733059548
15463,0.012114989733059548
15464,0.9664082687338501
15465,0.039301310043668124
15466,0.012114989733059548
15467,0.7704918032786885
15468,0.012114989733059548
15469,0.039301310043668124
15470,0.012114989733059548
15471,0.0594855305466238
15472,0.18763796909492272
15473,0.039301310043668124
15474,0.18763796909492272
15475,0.3619047619047619
15476,0.039301310043668124
15477,0.012114989733059548
15478,0.012114989733059548
15479,0.039301310043668124
15480,0.8596491228070176
15481,0.9664082687338501
15482,0.20394736842105263
15483,0.9664082687338501
15484,0.012114989733059548
15485,0.039301310043668124
15486,0.012114989733059548
15487,0.7704918032786885
15488,0.012114989733059548
15489,0.039301310043668124
15490,0.7704918032786885
15491,0.5698478561549101
15492,0.7704918032786885
15493,0.18763796909492272
15494,0.039301310043668124
15495,0.20394736842105263
15496,0.08217054263565891
15497,0.012114989733059548
15498,0.9664082687338501
15499,0.039301310043668124
15500,0.012114989733059548
15501,0.012114989733059548
15502,0.20394736842105263
15503,0.9664082687338501
15504,0.18763796909492272
15505,0.012114989733059548
15506,0.0594855305466238
15507,0.012114989733059548
15508,0.3619047619047619
15509,0.012114989733059548
15510,0.18763796909492272
15511,0.0594855305466238
15512,0.012114989733059548
15513,0.012114989733059548
15514,0.039301310043668124
15515,0.012114989733059548
15516,0.20394736842105263
15517,0.039301310043668124
15518,0.012114989733059548
15519,0.012114989733059548
15520,0.18763796909492272
15521,0.0594855305466238
15522,0.18763796909492272
15523,0.039301310043668124
15524,0.08217054263565891
15525,0.012114989733059548
15526,0.012114989733059548
15527,0.012114989733059548
15528,0.012114989733059548
15529,0.012114989733059548
15530,0.012114989733059548
15531,0.0594855305466238
15532,0.0594855305466238
15533,0.039301310043668124
15534,0.012114989733059548
15535,0.18763796909492272
15536,0.7704918032786885
15537,0.012114989733059548
15538,0.0594855305466238
15539,0.012114989733059548
15540,0.08217054263565891
15541,0.012114989733059548
15542,0.012114989733059548
15543,0.012114989733059548
15544,0.012114989733059548
15545,0.039301310043668124
15546,0.7704918032786885
15547,0.08217054263565891
15548,0.012114989733059548
15549,0.7704918032786885
15550,0.012114989733059548
15551,0.012114989733059548
15552,0.012114989733059548
15553,0.039301310043668124
15554,0.08217054263565891
15555,0.012114989733059548
15556,0.012114989733059548
15557,0.012114989733059548
15558,0.039301310043668124
15559,0.039301310043668124
15560,0.012114989733059548
15561,0.012114989733059548
15562,0.012114989733059548
15563,0.012114989733059548
15564,0.012114989733059548
15565,0.20394736842105263
15566,0.039301310043668124
15567,0.012114989733059548
15568,0.012114989733059548
15569,0.012114989733059548
15570,0.18763796909492272
15571,0.8596491228070176
15572,0.9664082687338501
15573,0.039301310043668124
15574,0.012114989733059548
15575,0.012114989733059548
15576,0.20394736842105263
15577,0.5698478561549101
15578,0.5698478561549101
15579,0.3619047619047619
15580,0.012114989733059548
15581,0.18763796909492272
15582,0.012114989733059548
15583,0.012114989733059548
15584,0.012114989733059548
15585,1.0
15586,0.012114989733059548
15587,0.012114989733059548
15588,0.08217054263565891
15589,0.012114989733059548
15590,0.012114989733059548
15591,0.012114989733059548
15592,0.039301310043668124
15593,0.9664082687338501
15594,0.5698478561549101
15595,0.039301310043668124
15596,0.5698478561549101
15597,0.5698478561549101
15598,0.3619047619047619
15599,0.18763796909492272
15600,0.3619047619047619
15601,0.7704918032786885
15602,0.012114989733059548
15603,0.012114989733059548
15604,0.5698478561549101
15605,0.039301310043668124
15606,0.012114989733059548
15607,0.3619047619047619
15608,0.012114989733059548
15609,0.012114989733059548
15610,0.5698478561549101
15611,0.012114989733059548
15612,0.18763796909492272
15613,0.039301310043668124
15614,0.039301310043668124
15615,0.18763796909492272
15616,0.012114989733059548
15617,0.7704918032786885
15618,0.039301310043668124
15619,0.012114989733059548
15620,0.039301310043668124
15621,0.012114989733059548
15622,0.012114989733059548
15623,0.012114989733059548
15624,0.012114989733059548
15625,0.7704918032786885
15626,0.012114989733059548
15627,0.039301310043668124
15628,0.012114989733059548
15629,0.20394736842105263
15630,0.0594855305466238
15631,0.18763796909492272
15632,0.012114989733059548
15633,0.012114989733059548
15634,0.18763796909492272
15635,0.08217054263565891
15636,0.08217054263565891
15637,0.039301310043668124
15638,0.012114989733059548
15639,0.18763796909492272
15640,0.7704918032786885
15641,0.5698478561549101
15642,0.08217054263565891
15643,0.012114989733059548
15644,0.18763796909492272
15645,0.012114989733059548
15646,0.18763796909492272
15647,0.012114989733059548
15648,0.08217054263565891
15649,0.18763796909492272
15650,0.012114989733059548
15651,0.012114989733059548
15652,0.012114989733059548
15653,0.7704918032786885
15654,0.18763796909492272
15655,0.5698478561549101
15656,0.039301310043668124
15657,0.7704918032786885
15658,0.0594855305466238
15659,0.012114989733059548
15660,0.012114989733059548
15661,0.18763796909492272
15662,0.012114989733059548
15663,0.012114989733059548
15664,0.0594855305466238
15665,0.039301310043668124
15666,0.012114989733059548
15667,0.012114989733059548
15668,0.012114989733059548
15669,0.18763796909492272
15670,0.20394736842105263
15671,0.08217054263565891
15672,0.012114989733059548
15673,0.0594855305466238
15674,0.3619047619047619
15675,0.3619047619047619
15676,0.012114989733059548
15677,0.7704918032786885
15678,0.039301310043668124
15679,0.012114989733059548
15680,0.18763796909492272
15681,0.012114989733059548
15682,0.012114989733059548
15683,0.0594855305466238
15684,0.012114989733059548
15685,0.039301310043668124
15686,0.5698478561549101
15687,0.012114989733059548
15688,0.3619047619047619
15689,0.18763796909492272
15690,0.3619047619047619
15691,0.012114989733059548
15692,0.039301310043668124
15693,0.20394736842105263
15694,0.012114989733059548
15695,0.012114989733059548
15696,0.012114989733059548
15697,0.012114989733059548
15698,0.18763796909492272
15699,0.012114989733059548
15700,0.012114989733059548
15701,0.039301310043668124
15702,0.012114989733059548
15703,0.18763796909492272
15704,0.012114989733059548
15705,0.9664082687338501
15706,0.039301310043668124
15707,0.039301310043668124
15708,0.7704918032786885
15709,0.012114989733059548
15710,0.7704918032786885
15711,0.20394736842105263
15712,0.012114989733059548
15713,0.012114989733059548
15714,0.012114989733059548
15715,0.5698478561549101
15716,0.039301310043668124
15717,0.012114989733059548
15718,0.039301310043668124
15719,1.0
15720,0.7704918032786885
15721,0.18763796909492272
15722,0.012114989733059548
15723,0.012114989733059548
15724,0.18763796909492272
15725,0.0594855305466238
15726,0.012114989733059548
15727,0.012114989733059548
15728,0.012114989733059548
15729,0.7704918032786885
15730,0.039301310043668124
15731,0.012114989733059548
15732,0.9664082687338501
15733,0.3619047619047619
15734,0.012114989733059548
15735,0.3619047619047619
15736,0.012114989733059548
15737,0.3619047619047619
15738,0.012114989733059548
15739,0.012114989733059548
15740,0.012114989733059548
15741,0.08217054263565891
15742,0.7704918032786885
15743,0.3619047619047619
15744,0.012114989733059548
15745,0.012114989733059548
15746,0.20394736842105263
15747,0.3619047619047619
15748,0.7704918032786885
15749,0.012114989733059548
15750,0.039301310043668124
15751,0.012114989733059548
15752,0.039301310043668124
15753,0.012114989733059548
15754,0.012114989733059548
15755,0.039301310043668124
15756,0.012114989733059548
15757,0.012114989733059548
15758,0.18763796909492272
15759,0.039301310043668124
15760,0.012114989733059548
15761,0.18763796909492272
15762,0.3619047619047619
15763,0.8933333333333333
15764,0.012114989733059548
15765,0.012114989733059548
15766,0.012114989733059548
15767,0.012114989733059548
15768,0.012114989733059548
15769,0.012114989733059548
15770,0.039301310043668124
15771,0.18763796909492272
15772,0.012114989733059548
15773,0.012114989733059548
15774,0.039301310043668124
15775,0.0594855305466238
15776,0.18763796909492272
15777,0.7704918032786885
15778,0.9664082687338501
15779,0.3619047619047619
15780,0.7704918032786885
15781,0.012114989733059548
15782,0.08217054263565891
15783,0.039301310043668124
15784,0.039301310043668124
15785,0.012114989733059548
15786,0.012114989733059548
15787,0.012114989733059548
15788,0.5698478561549101
15789,0.7704918032786885
15790,0.039301310043668124
15791,0.012114989733059548
15792,0.7704918032786885
15793,0.012114989733059548
15794,0.012114989733059548
15795,0.3619047619047619
15796,0.012114989733059548
15797,0.039301310043668124
15798,0.9664082687338501
15799,0.012114989733059548
15800,0.3619047619047619
15801,0.7704918032786885
15802,0.20394736842105263
15803,0.3619047619047619
15804,0.0594855305466238
15805,0.039301310043668124
15806,0.0594855305466238
15807,0.5698478561549101
15808,0.0594855305466238
15809,0.012114989733059548
15810,0.9664082687338501
15811,0.5698478561549101
15812,0.012114989733059548
15813,0.012114989733059548
15814,0.012114989733059548
15815,0.012114989733059548
15816,0.039301310043668124
15817,0.012114989733059548
15818,0.039301310043668124
15819,0.012114989733059548
15820,0.08217054263565891
15821,0.7704918032786885
15822,0.039301310043668124
15823,0.08217054263565891
15824,0.012114989733059548
15825,0.012114989733059548
15826,0.012114989733059548
15827,0.18763796909492272
15828,0.012114989733059548
15829,0.18763796909492272
15830,0.7704918032786885
15831,0.0594855305466238
15832,0.012114989733059548
15833,0.7704918032786885
15834,0.0594855305466238
15835,0.012114989733059548
15836,0.012114989733059548
15837,0.5698478561549101
15838,0.012114989733059548
15839,0.012114989733059548
15840,0.012114989733059548
15841,0.012114989733059548
15842,0.0594855305466238
15843,0.08217054263565891
15844,0.039301310043668124
15845,0.7704918032786885
15846,0.5698478561549101
15847,0.012114989733059548
15848,0.039301310043668124
15849,0.039301310043668124
15850,0.012114989733059548
15851,0.012114989733059548
15852,0.012114989733059548
15853,0.012114989733059548
15854,0.012114989733059548
15855,0.18763796909492272
15856,0.039301310043668124
15857,0.20394736842105263
15858,0.0594855305466238
15859,0.8596491228070176
15860,0.012114989733059548
15861,0.18763796909492272
15862,0.0594855305466238
15863,0.012114989733059548
15864,1.0
15865,0.039301310043668124
15866,0.039301310043668124
15867,0.18763796909492272
15868,0.012114989733059548
15869,0.012114989733059548
15870,0.012114989733059548
15871,0.012114989733059548
15872,0.18763796909492272
15873,0.3619047619047619
15874,0.012114989733059548
15875,0.08217054263565891
15876,0.012114989733059548
15877,0.012114989733059548
15878,0.18763796909492272
15879,0.7704918032786885
15880,0.012114989733059548
15881,0.039301310043668124
15882,0.3619047619047619
15883,0.039301310043668124
15884,0.0594855305466238
15885,0.012114989733059548
15886,0.7704918032786885
15887,0.012114989733059548
15888,0.18763796909492272
15889,0.08217054263565891
15890,0.012114989733059548
15891,0.9664082687338501
15892,0.012114989733059548
15893,0.18763796909492272
15894,0.012114989733059548
15895,0.012114989733059548
15896,0.18763796909492272
15897,0.5698478561549101
15898,0.012114989733059548
15899,0.012114989733059548
15900,0.7704918032786885
15901,0.7704918032786885
15902,0.012114989733059548
15903,0.5698478561549101
15904,0.012114989733059548
15905,0.0594855305466238
15906,0.08217054263565891
15907,0.18763796909492272
15908,0.20394736842105263
15909,0.18763796909492272
15910,0.012114989733059548
15911,0.20394736842105263
15912,0.012114989733059548
15913,0.012114989733059548
15914,0.039301310043668124
15915,0.039301310043668124
15916,0.012114989733059548
15917,0.012114989733059548
15918,0.012114989733059548
15919,0.18763796909492272
15920,0.08217054263565891
15921,0.039301310043668124
15922,0.012114989733059548
15923,0.012114989733059548
15924,0.3619047619047619
15925,0.012114989733059548
15926,0.08217054263565891
15927,0.7704918032786885
15928,0.0594855305466238
15929,0.5698478561549101
15930,0.7704918032786885
15931,0.3619047619047619
15932,0.08217054263565891
15933,0.5698478561549101
15934,0.012114989733059548
15935,0.012114989733059548
15936,0.012114989733059548
15937,0.012114989733059548
15938,0.039301310043668124
15939,0.012114989733059548
15940,0.18763796909492272
15941,0.18763796909492272
15942,0.012114989733059548
15943,0.20394736842105263
15944,0.012114989733059548
15945,0.012114989733059548
15946,0.039301310043668124
15947,0.012114989733059548
15948,0.7704918032786885
15949,0.9664082687338501
15950,0.012114989733059548
15951,0.012114989733059548
15952,0.9664082687338501
15953,0.039301310043668124
15954,0.0594855305466238
15955,0.039301310043668124
15956,0.0594855305466238
15957,0.08217054263565891
15958,0.8596491228070176
15959,0.18763796909492272
15960,0.012114989733059548
15961,0.7704918032786885
15962,0.012114989733059548
15963,0.012114989733059548
15964,0.18763796909492272
15965,0.039301310043668124
15966,0.9664082687338501
15967,0.0594855305466238
15968,0.039301310043668124
15969,0.012114989733059548
15970,0.08217054263565891
15971,0.039301310043668124
15972,1.0
15973,0.012114989733059548
15974,0.039301310043668124
15975,0.20394736842105263
15976,0.012114989733059548
15977,0.012114989733059548
15978,0.039301310043668124
15979,0.012114989733059548
15980,0.012114989733059548
15981,0.012114989733059548
15982,0.012114989733059548
15983,0.012114989733059548
15984,0.012114989733059548
15985,0.18763796909492272
15986,0.039301310043668124
15987,0.012114989733059548
15988,0.012114989733059548
15989,0.039301310043668124
15990,0.5698478561549101
15991,0.012114989733059548
15992,0.9664082687338501
15993,0.20394736842105263
15994,0.012114989733059548
15995,0.012114989733059548
15996,0.7704918032786885
15997,0.18763796909492272
15998,0.0594855305466238
15999,0.012114989733059548
16000,0.3619047619047619
16001,0.012114989733059548
16002,0.012114989733059548
16003,0.012114989733059548
16004,0.0594855305466238
16005,0.3619047619047619
16006,0.012114989733059548
16007,0.3619047619047619
16008,0.012114989733059548
16009,0.7704918032786885
16010,0.012114989733059548
16011,0.7704918032786885
16012,0.012114989733059548
16013,0.012114989733059548
16014,0.012114989733059548
16015,0.039301310043668124
16016,0.3619047619047619
16017,0.18763796909492272
16018,0.08217054263565891
16019,0.18763796909492272
16020,0.012114989733059548
16021,0.012114989733059548
16022,0.012114989733059548
16023,0.039301310043668124
16024,0.08217054263565891
16025,0.0594855305466238
16026,0.7704918032786885
16027,0.012114989733059548
16028,0.039301310043668124
16029,0.012114989733059548
16030,0.08217054263565891
16031,0.08217054263565891
16032,0.7704918032786885
16033,0.18763796909492272
16034,0.3619047619047619
16035,0.08217054263565891
16036,0.18763796909492272
16037,0.18763796909492272
16038,0.18763796909492272
16039,0.039301310043668124
16040,0.18763796909492272
16041,1.0
16042,0.0594855305466238
16043,0.012114989733059548
16044,0.012114989733059548
16045,0.9664082687338501
16046,0.5698478561549101
16047,0.20394736842105263
16048,0.039301310043668124
16049,0.012114989733059548
16050,0.012114989733059548
16051,0.012114989733059548
16052,0.012114989733059548
16053,0.012114989733059548
16054,0.7704918032786885
16055,0.18763796909492272
16056,0.039301310043668124
16057,0.5698478561549101
16058,0.7704918032786885
16059,0.18763796909492272
16060,0.039301310043668124
16061,0.012114989733059548
16062,0.012114989733059548
16063,0.012114989733059548
16064,0.012114989733059548
16065,0.012114989733059548
16066,0.012114989733059548
16067,0.012114989733059548
16068,0.039301310043668124
16069,0.012114989733059548
16070,0.5698478561549101
16071,0.012114989733059548
16072,0.012114989733059548
16073,0.7704918032786885
16074,0.012114989733059548
16075,0.5698478561549101
16076,0.3619047619047619
16077,0.5698478561549101
16078,0.5698478561549101
16079,0.5698478561549101
16080,0.0594855305466238
16081,0.012114989733059548
16082,0.039301310043668124
16083,0.012114989733059548
16084,0.012114989733059548
16085,0.012114989733059548
16086,0.9664082687338501
16087,0.012114989733059548
16088,0.012114989733059548
16089,0.012114989733059548
16090,0.9664082687338501
16091,0.3619047619047619
16092,0.039301310043668124
16093,0.039301310043668124
16094,0.7704918032786885
16095,0.5698478561549101
16096,0.012114989733059548
16097,0.3619047619047619
16098,0.039301310043668124
16099,0.5698478561549101
16100,0.012114989733059548
16101,0.039301310043668124
16102,0.039301310043668124
16103,0.012114989733059548
16104,0.012114989733059548
16105,0.7704918032786885
16106,0.20394736842105263
16107,0.039301310043668124
16108,0.9664082687338501
16109,0.5698478561549101
16110,0.012114989733059548
16111,0.3619047619047619
16112,0.20394736842105263
16113,0.039301310043668124
16114,0.0594855305466238
16115,1.0
16116,0.012114989733059548
16117,0.012114989733059548
16118,0.012114989733059548
16119,0.20394736842105263
16120,0.012114989733059548
16121,0.012114989733059548
16122,0.039301310043668124
16123,0.012114989733059548
16124,0.039301310043668124
16125,0.012114989733059548
16126,0.3619047619047619
16127,0.012114989733059548
16128,0.08217054263565891
16129,0.039301310043668124
16130,0.7704918032786885
16131,0.039301310043668124
16132,0.039301310043668124
16133,1.0
16134,0.18763796909492272
16135,0.012114989733059548
16136,0.012114989733059548
16137,0.039301310043668124
16138,0.012114989733059548
16139,0.012114989733059548
16140,0.012114989733059548
16141,0.039301310043668124
16142,0.012114989733059548
16143,0.012114989733059548
16144,0.012114989733059548
16145,0.08217054263565891
16146,0.18763796909492272
16147,0.039301310043668124
16148,0.20394736842105263
16149,0.7704918032786885
16150,0.18763796909492272
16151,0.039301310043668124
16152,0.8596491228070176
16153,0.7704918032786885
16154,0.012114989733059548
16155,0.20394736842105263
16156,0.012114989733059548
16157,0.18763796909492272
16158,0.20394736842105263
16159,0.3619047619047619
16160,0.5698478561549101
16161,0.18763796909492272
16162,0.012114989733059548
16163,0.012114989733059548
16164,0.5698478561549101
16165,0.012114989733059548
16166,0.012114989733059548
16167,0.3619047619047619
16168,0.012114989733059548
16169,0.08217054263565891
16170,0.012114989733059548
16171,0.039301310043668124
16172,0.20394736842105263
16173,0.7704918032786885
16174,0.08217054263565891
16175,0.012114989733059548
16176,0.012114989733059548
16177,0.5698478561549101
16178,0.012114989733059548
16179,0.20394736842105263
16180,0.012114989733059548
16181,0.012114989733059548
16182,0.3619047619047619
16183,0.012114989733059548
16184,0.0594855305466238
16185,0.039301310043668124
16186,0.7704918032786885
16187,0.039301310043668124
16188,0.012114989733059548
16189,0.039301310043668124
16190,0.012114989733059548
16191,0.7704918032786885
16192,0.9664082687338501
16193,0.5698478561549101
16194,1.0
16195,0.039301310043668124
16196,0.18763796909492272
16197,0.039301310043668124
16198,0.039301310043668124
16199,0.012114989733059548
16200,0.012114989733059548
16201,0.039301310043668124
16202,0.18763796909492272
16203,0.5698478561549101
16204,0.08217054263565891
16205,0.7704918032786885
16206,0.012114989733059548
16207,0.039301310043668124
16208,0.18763796909492272
16209,0.0594855305466238
16210,0.18763796909492272
16211,0.20394736842105263
16212,0.0594855305466238
16213,0.08217054263565891
16214,0.18763796909492272
16215,0.012114989733059548
16216,0.18763796909492272
16217,0.5698478561549101
16218,0.08217054263565891
16219,0.012114989733059548
16220,0.0594855305466238
16221,0.18763796909492272
16222,0.08217054263565891
16223,0.9664082687338501
16224,0.012114989733059548
16225,0.18763796909492272
16226,0.039301310043668124
16227,0.012114989733059548
16228,0.039301310043668124
16229,0.0594855305466238
16230,0.012114989733059548
16231,0.3619047619047619
16232,0.8596491228070176
16233,0.5698478561549101
16234,0.7704918032786885
16235,0.012114989733059548
16236,0.0594855305466238
16237,0.8596491228070176
16238,0.3619047619047619
16239,0.039301310043668124
16240,0.18763796909492272
16241,0.039301310043668124
16242,0.012114989733059548
16243,0.20394736842105263
16244,0.18763796909492272
16245,0.039301310043668124
16246,0.0594855305466238
16247,0.012114989733059548
16248,0.7704918032786885
16249,0.039301310043668124
16250,0.5698478561549101
16251,0.7704918032786885
16252,0.012114989733059548
16253,0.012114989733059548
16254,0.012114989733059548
16255,0.08217054263565891
16256,0.039301310043668124
16257,0.012114989733059548
16258,0.012114989733059548
16259,0.3619047619047619
16260,0.012114989733059548
16261,0.18763796909492272
16262,0.039301310043668124
16263,0.3619047619047619
16264,0.012114989733059548
16265,0.012114989733059548
16266,0.5698478561549101
16267,0.012114989733059548
16268,0.039301310043668124
16269,0.012114989733059548
16270,0.18763796909492272
16271,0.012114989733059548
16272,0.18763796909492272
16273,0.039301310043668124
16274,0.18763796909492272
16275,0.012114989733059548
16276,0.18763796909492272
16277,0.9664082687338501
16278,0.012114989733059548
16279,0.18763796909492272
16280,0.012114989733059548
16281,0.7704918032786885
16282,0.012114989733059548
16283,0.012114989733059548
16284,0.08217054263565891
16285,0.0594855305466238
16286,0.012114989733059548
16287,0.012114989733059548
16288,0.039301310043668124
16289,0.039301310043668124
16290,0.012114989733059548
16291,0.012114989733059548
16292,0.5698478561549101
16293,0.5698478561549101
16294,0.08217054263565891
16295,0.18763796909492272
16296,0.012114989733059548
16297,0.7704918032786885
16298,0.012114989733059548
16299,0.7704918032786885
16300,0.20394736842105263
16301,0.3619047619047619
16302,0.7704918032786885
16303,0.012114989733059548
16304,0.012114989733059548
16305,0.18763796909492272
16306,0.012114989733059548
16307,0.9664082687338501
16308,0.012114989733059548
16309,1.0
16310,0.18763796909492272
16311,0.039301310043668124
16312,0.5698478561549101
16313,1.0
16314,0.012114989733059548
16315,0.3619047619047619
16316,0.7704918032786885
16317,0.012114989733059548
16318,0.012114989733059548
16319,0.7704918032786885
16320,0.039301310043668124
16321,0.012114989733059548
16322,0.08217054263565891
16323,0.012114989733059548
16324,0.012114989733059548
16325,0.20394736842105263
16326,0.039301310043668124
16327,0.012114989733059548
16328,0.8596491228070176
16329,0.18763796909492272
16330,0.08217054263565891
16331,0.012114989733059548
16332,0.039301310043668124
16333,0.012114989733059548
16334,0.012114989733059548
16335,0.08217054263565891
16336,0.18763796909492272
16337,0.012114989733059548
16338,0.039301310043668124
16339,0.012114989733059548
16340,0.012114989733059548
16341,0.5698478561549101
16342,0.012114989733059548
16343,0.18763796909492272
16344,0.039301310043668124
16345,0.012114989733059548
16346,1.0
16347,0.012114989733059548
16348,0.012114989733059548
16349,0.039301310043668124
16350,0.039301310043668124
16351,0.012114989733059548
16352,0.012114989733059548
16353,0.012114989733059548
16354,0.18763796909492272
16355,0.3619047619047619
16356,1.0
16357,0.9664082687338501
16358,0.012114989733059548
16359,0.3619047619047619
16360,0.012114989733059548
16361,0.5698478561549101
16362,0.18763796909492272
16363,0.012114989733059548
16364,0.012114989733059548
16365,0.18763796909492272
16366,0.3619047619047619
16367,0.039301310043668124
16368,0.7704918032786885
16369,0.20394736842105263
16370,0.7704918032786885
16371,0.039301310043668124
16372,0.012114989733059548
16373,0.18763796909492272
16374,0.039301310043668124
16375,0.012114989733059548
16376,0.039301310043668124
16377,0.5698478561549101
16378,0.012114989733059548
16379,0.5698478561549101
16380,0.7704918032786885
16381,0.039301310043668124
16382,0.0594855305466238
16383,0.012114989733059548
16384,0.039301310043668124
16385,0.20394736842105263
16386,0.20394736842105263
16387,0.012114989733059548
16388,0.012114989733059548
16389,0.9664082687338501
16390,0.039301310043668124
16391,0.18763796909492272
16392,0.012114989733059548
16393,0.012114989733059548
16394,0.012114989733059548
16395,0.012114989733059548
16396,0.18763796909492272
16397,0.08217054263565891
16398,0.5698478561549101
16399,0.012114989733059548
16400,0.18763796909492272
16401,0.012114989733059548
16402,0.9664082687338501
16403,0.012114989733059548
16404,0.012114989733059548
16405,0.012114989733059548
16406,0.5698478561549101
16407,0.7704918032786885
16408,0.7704918032786885
16409,0.08217054263565891
16410,0.18763796909492272
16411,0.012114989733059548
16412,0.9664082687338501
16413,0.9664082687338501
16414,0.08217054263565891
16415,0.012114989733059548
16416,0.012114989733059548
16417,0.08217054263565891
16418,0.012114989733059548
16419,0.012114989733059548
16420,0.039301310043668124
16421,0.039301310043668124
16422,0.012114989733059548
16423,0.5698478561549101
16424,0.012114989733059548
16425,0.012114989733059548
16426,0.012114989733059548
16427,0.012114989733059548
16428,0.012114989733059548
16429,0.7704918032786885
16430,0.012114989733059548
16431,0.039301310043668124
16432,0.18763796909492272
16433,0.18763796909492272
16434,0.7704918032786885
16435,0.012114989733059548
16436,0.012114989733059548
16437,0.012114989733059548
16438,0.039301310043668124
16439,0.039301310043668124
16440,0.012114989733059548
16441,0.012114989733059548
16442,0.039301310043668124
16443,0.012114989733059548
16444,0.20394736842105263
16445,0.039301310043668124
16446,0.0594855305466238
16447,0.08217054263565891
16448,0.039301310043668124
16449,0.012114989733059548
16450,0.012114989733059548
16451,0.039301310043668124
16452,0.7704918032786885
16453,0.08217054263565891
16454,0.20394736842105263
16455,0.039301310043668124
16456,0.012114989733059548
16457,0.5698478561549101
16458,0.012114989733059548
16459,0.012114989733059548
16460,0.012114989733059548
16461,0.012114989733059548
16462,0.012114989733059548
16463,0.7704918032786885
16464,0.012114989733059548
16465,0.012114989733059548
16466,0.039301310043668124
16467,0.012114989733059548
16468,0.5698478561549101
16469,0.012114989733059548
16470,0.012114989733059548
16471,0.20394736842105263
16472,0.039301310043668124
16473,0.012114989733059548
16474,0.012114989733059548
16475,0.7704918032786885
16476,0.9664082687338501
16477,0.012114989733059548
16478,0.012114989733059548
16479,0.012114989733059548
16480,0.012114989733059548
16481,0.039301310043668124
16482,0.012114989733059548
16483,0.7704918032786885
16484,0.18763796909492272
16485,0.012114989733059548
16486,0.012114989733059548
16487,0.012114989733059548
16488,0.012114989733059548
16489,0.9664082687338501
16490,0.08217054263565891
16491,0.012114989733059548
16492,0.5698478561549101
16493,0.08217054263565891
16494,0.3619047619047619
16495,0.012114989733059548
16496,0.012114989733059548
16497,0.18763796909492272
16498,0.3619047619047619
16499,0.039301310043668124
16500,0.039301310043668124
16501,0.012114989733059548
16502,0.039301310043668124
16503,0.012114989733059548
16504,0.0594855305466238
16505,0.012114989733059548
16506,0.20394736842105263
16507,0.039301310043668124
16508,0.08217054263565891
16509,0.0594855305466238
16510,0.8933333333333333
16511,0.18763796909492272
16512,0.012114989733059548
16513,0.012114989733059548
16514,0.18763796909492272
16515,0.039301310043668124
16516,0.012114989733059548
16517,0.18763796909492272
16518,0.08217054263565891
16519,0.012114989733059548
16520,0.0594855305466238
16521,0.012114989733059548
16522,0.012114989733059548
16523,0.7704918032786885
16524,0.08217054263565891
16525,0.20394736842105263
16526,0.039301310043668124
16527,0.012114989733059548
16528,0.7704918032786885
16529,0.0594855305466238
16530,0.012114989733059548
16531,0.012114989733059548
16532,0.7704918032786885
16533,0.012114989733059548
16534,0.039301310043668124
16535,0.012114989733059548
16536,0.012114989733059548
16537,0.012114989733059548
16538,0.0594855305466238
16539,0.039301310043668124
16540,0.18763796909492272
16541,0.012114989733059548
16542,0.012114989733059548
16543,0.20394736842105263
16544,0.5698478561549101
16545,0.3619047619047619
16546,0.012114989733059548
16547,0.039301310043668124
16548,0.5698478561549101
16549,0.012114989733059548
16550,0.18763796909492272
16551,0.012114989733059548
16552,0.012114989733059548
16553,0.012114989733059548
16554,0.039301310043668124
16555,0.08217054263565891
16556,0.20394736842105263
16557,0.7704918032786885
16558,0.012114989733059548
16559,0.039301310043668124
16560,0.20394736842105263
16561,0.039301310043668124
16562,0.012114989733059548
16563,0.012114989733059548
16564,0.039301310043668124
16565,0.9664082687338501
16566,0.5698478561549101
16567,0.3619047619047619
16568,0.7704918032786885
16569,0.012114989733059548
16570,0.039301310043668124
16571,0.3619047619047619
16572,0.012114989733059548
16573,0.012114989733059548
16574,0.7704918032786885
16575,0.012114989733059548
16576,0.0594855305466238
16577,0.039301310043668124
16578,0.012114989733059548
16579,0.039301310043668124
16580,0.012114989733059548
16581,0.0594855305466238
16582,0.18763796909492272
16583,0.012114989733059548
16584,0.012114989733059548
16585,0.012114989733059548
16586,0.7704918032786885
16587,0.18763796909492272
16588,0.7704918032786885
16589,0.012114989733059548
16590,0.7704918032786885
16591,0.012114989733059548
16592,0.9664082687338501
16593,0.18763796909492272
16594,0.5698478561549101
16595,0.012114989733059548
16596,0.012114989733059548
16597,0.7704918032786885
16598,0.20394736842105263
16599,0.039301310043668124
16600,0.7704918032786885
16601,0.012114989733059548
16602,0.039301310043668124
16603,0.012114989733059548
16604,0.0594855305466238
16605,0.012114989733059548
16606,0.039301310043668124
16607,0.039301310043668124
16608,0.7704918032786885
16609,0.7704918032786885
16610,0.18763796909492272
16611,0.012114989733059548
16612,0.012114989733059548
16613,0.012114989733059548
16614,0.3619047619047619
16615,0.012114989733059548
16616,0.18763796909492272
16617,0.039301310043668124
16618,0.012114989733059548
16619,0.039301310043668124
16620,0.012114989733059548
16621,0.9664082687338501
16622,0.5698478561549101
16623,0.0594855305466238
16624,0.5698478561549101
16625,0.012114989733059548
16626,0.012114989733059548
16627,0.08217054263565891
16628,0.012114989733059548
16629,0.039301310043668124
16630,0.0594855305466238
16631,0.5698478561549101
16632,0.0594855305466238
16633,0.039301310043668124
16634,0.012114989733059548
16635,0.7704918032786885
16636,0.012114989733059548
16637,0.012114989733059548
16638,0.08217054263565891
16639,0.012114989733059548
16640,0.3619047619047619
16641,0.012114989733059548
16642,0.012114989733059548
16643,0.012114989733059548
16644,0.012114989733059548
16645,0.0594855305466238
16646,0.012114989733059548
16647,0.08217054263565891
16648,0.039301310043668124
16649,0.3619047619047619
16650,0.012114989733059548
16651,0.012114989733059548
16652,0.039301310043668124
16653,0.012114989733059548
16654,0.012114989733059548
16655,0.012114989733059548
16656,0.5698478561549101
16657,0.039301310043668124
16658,0.012114989733059548
16659,0.012114989733059548
16660,0.7704918032786885
16661,0.039301310043668124
16662,0.039301310043668124
16663,0.012114989733059548
16664,0.012114989733059548
16665,0.08217054263565891
16666,0.012114989733059548
16667,0.0594855305466238
16668,0.8596491228070176
16669,0.012114989733059548
16670,0.012114989733059548
16671,0.012114989733059548
16672,0.3619047619047619
16673,0.5698478561549101
16674,0.012114989733059548
16675,0.3619047619047619
16676,0.012114989733059548
16677,0.012114989733059548
16678,0.012114989733059548
16679,0.012114989733059548
16680,0.012114989733059548
16681,0.012114989733059548
16682,0.18763796909492272
16683,0.08217054263565891
16684,0.012114989733059548
16685,0.08217054263565891
16686,0.7704918032786885
16687,0.012114989733059548
16688,0.5698478561549101
16689,0.039301310043668124
16690,1.0
16691,0.039301310043668124
16692,0.012114989733059548
16693,0.039301310043668124
16694,0.012114989733059548
16695,0.012114989733059548
16696,0.012114989733059548
16697,0.012114989733059548
16698,0.012114989733059548
16699,0.012114989733059548
16700,0.08217054263565891
16701,0.7704918032786885
16702,0.012114989733059548
16703,0.012114989733059548
16704,0.012114989733059548
16705,0.18763796909492272
16706,0.012114989733059548
16707,0.7704918032786885
16708,0.012114989733059548
16709,0.012114989733059548
16710,0.08217054263565891
16711,0.7704918032786885
16712,0.012114989733059548
16713,0.5698478561549101
16714,0.0594855305466238
16715,0.5698478561549101
16716,0.20394736842105263
16717,0.20394736842105263
16718,0.7704918032786885
16719,0.7704918032786885
16720,0.012114989733059548
16721,0.20394736842105263
16722,0.18763796909492272
16723,0.012114989733059548
16724,0.0594855305466238
16725,0.012114989733059548
16726,0.012114989733059548
16727,1.0
16728,0.5698478561549101
16729,0.0594855305466238
16730,0.012114989733059548
16731,0.012114989733059548
16732,0.5698478561549101
16733,0.012114989733059548
16734,0.039301310043668124
16735,0.0594855305466238
16736,0.8596491228070176
16737,0.0594855305466238
16738,0.012114989733059548
16739,0.8933333333333333
16740,0.012114989733059548
16741,0.012114989733059548
16742,0.5698478561549101
16743,0.012114989733059548
16744,0.18763796909492272
16745,0.012114989733059548
16746,0.012114989733059548
16747,0.012114989733059548
16748,0.20394736842105263
16749,0.012114989733059548
16750,0.012114989733059548
16751,0.0594855305466238
16752,0.20394736842105263
16753,0.012114989733059548
16754,0.0594855305466238
16755,0.012114989733059548
16756,0.039301310043668124
16757,0.012114989733059548
16758,0.012114989733059548
16759,0.08217054263565891
16760,0.012114989733059548
16761,0.012114989733059548
16762,0.0594855305466238
16763,0.20394736842105263
16764,0.5698478561549101
16765,0.012114989733059548
16766,0.012114989733059548
16767,0.012114989733059548
16768,0.039301310043668124
16769,0.012114989733059548
16770,0.5698478561549101
16771,0.012114989733059548
16772,0.18763796909492272
16773,0.012114989733059548
16774,0.012114989733059548
16775,0.012114989733059548
16776,0.039301310043668124
16777,0.08217054263565891
16778,0.20394736842105263
16779,0.012114989733059548
16780,0.18763796909492272
16781,0.039301310043668124
16782,0.5698478561549101
16783,0.012114989733059548
16784,0.08217054263565891
16785,0.012114989733059548
16786,0.039301310043668124
16787,0.012114989733059548
16788,0.012114989733059548
16789,0.7704918032786885
16790,0.18763796909492272
16791,0.012114989733059548
16792,0.20394736842105263
16793,0.012114989733059548
16794,0.20394736842105263
16795,0.7704918032786885
16796,0.0594855305466238
16797,0.012114989733059548
16798,0.039301310043668124
16799,0.012114989733059548
16800,0.039301310043668124
16801,0.039301310043668124
16802,0.039301310043668124
16803,0.012114989733059548
16804,0.08217054263565891
16805,0.012114989733059548
16806,0.012114989733059548
16807,0.20394736842105263
16808,0.012114989733059548
16809,0.012114989733059548
16810,0.012114989733059548
16811,0.012114989733059548
16812,0.18763796909492272
16813,0.039301310043668124
16814,0.012114989733059548
16815,0.039301310043668124
16816,0.039301310043668124
16817,0.039301310043668124
16818,0.7704918032786885
16819,1.0
16820,0.039301310043668124
16821,0.9664082687338501
16822,0.012114989733059548
16823,0.012114989733059548
16824,0.7704918032786885
16825,0.0594855305466238
16826,0.012114989733059548
16827,0.012114989733059548
16828,0.012114989733059548
16829,0.9664082687338501
16830,0.5698478561549101
16831,0.9664082687338501
16832,0.5698478561549101
16833,0.7704918032786885
16834,0.012114989733059548
16835,0.012114989733059548
16836,0.08217054263565891
16837,0.18763796909492272
16838,0.039301310043668124
16839,0.5698478561549101
16840,0.9664082687338501
16841,0.012114989733059548
16842,0.5698478561549101
16843,0.18763796909492272
16844,0.7704918032786885
16845,0.08217054263565891
16846,0.7704918032786885
16847,0.5698478561549101
16848,0.5698478561549101
16849,0.20394736842105263
16850,0.9664082687338501
16851,0.012114989733059548
16852,0.012114989733059548
16853,0.18763796909492272
16854,0.3619047619047619
16855,0.012114989733059548
16856,0.20394736842105263
16857,0.7704918032786885
16858,0.7704918032786885
16859,0.012114989733059548
16860,0.18763796909492272
16861,0.012114989733059548
16862,0.012114989733059548
16863,0.012114989733059548
16864,0.18763796909492272
16865,0.039301310043668124
16866,0.012114989733059548
16867,0.012114989733059548
16868,0.3619047619047619
16869,0.012114989733059548
16870,0.3619047619047619
16871,0.3619047619047619
16872,0.012114989733059548
16873,0.012114989733059548
16874,0.012114989733059548
16875,0.7704918032786885
16876,0.012114989733059548
16877,0.012114989733059548
16878,0.012114989733059548
16879,0.012114989733059548
16880,0.18763796909492272
16881,0.012114989733059548
16882,0.012114989733059548
16883,0.18763796909492272
16884,0.20394736842105263
16885,0.012114989733059548
16886,0.0594855305466238
16887,0.3619047619047619
16888,0.012114989733059548
16889,0.0594855305466238
16890,0.5698478561549101
16891,0.012114989733059548
16892,0.012114989733059548
16893,0.20394736842105263
16894,0.0594855305466238
16895,0.18763796909492272
16896,0.3619047619047619
16897,0.0594855305466238
16898,0.18763796909492272
16899,0.039301310043668124
16900,0.012114989733059548
16901,0.012114989733059548
16902,0.9664082687338501
16903,0.012114989733059548
16904,0.5698478561549101
16905,0.012114989733059548
16906,0.3619047619047619
16907,0.012114989733059548
16908,0.012114989733059548
16909,0.012114989733059548
16910,0.012114989733059548
16911,0.012114989733059548
16912,0.012114989733059548
16913,0.012114989733059548
16914,0.012114989733059548
16915,0.18763796909492272
16916,0.012114989733059548
16917,0.18763796909492272
16918,0.7704918032786885
16919,0.012114989733059548
16920,0.012114989733059548
16921,0.012114989733059548
16922,0.012114989733059548
16923,0.18763796909492272
16924,0.012114989733059548
16925,0.18763796909492272
16926,0.18763796909492272
16927,0.012114989733059548
16928,0.5698478561549101
16929,0.7704918032786885
16930,0.012114989733059548
16931,0.5698478561549101
16932,0.18763796909492272
16933,0.012114989733059548
16934,0.012114989733059548
16935,0.012114989733059548
16936,0.9664082687338501
16937,0.012114989733059548
16938,0.012114989733059548
16939,0.012114989733059548
16940,0.039301310043668124
16941,0.012114989733059548
16942,0.18763796909492272
16943,0.9664082687338501
16944,0.012114989733059548
16945,0.012114989733059548
16946,0.0594855305466238
16947,0.18763796909492272
16948,0.18763796909492272
16949,1.0
16950,0.039301310043668124
16951,0.9664082687338501
16952,0.039301310043668124
16953,0.012114989733059548
16954,0.08217054263565891
16955,0.012114989733059548
16956,0.18763796909492272
16957,0.20394736842105263
16958,0.012114989733059548
16959,0.012114989733059548
16960,0.08217054263565891
16961,0.012114989733059548
16962,0.012114989733059548
16963,0.012114989733059548
16964,0.012114989733059548
16965,0.012114989733059548
16966,0.9664082687338501
16967,0.08217054263565891
16968,0.7704918032786885
16969,0.012114989733059548
16970,0.012114989733059548
16971,0.5698478561549101
16972,0.7704918032786885
16973,0.5698478561549101
16974,0.012114989733059548
16975,0.012114989733059548
16976,0.0594855305466238
16977,0.0594855305466238
16978,0.18763796909492272
16979,0.012114989733059548
16980,0.9664082687338501
16981,0.7704918032786885
16982,0.9664082687338501
16983,0.9664082687338501
16984,0.012114989733059548
16985,0.012114989733059548
16986,0.012114989733059548
16987,0.012114989733059548
16988,0.012114989733059548
16989,0.7704918032786885
16990,0.012114989733059548
16991,0.0594855305466238
16992,0.5698478561549101
16993,0.012114989733059548
16994,0.20394736842105263
16995,0.012114989733059548
16996,0.012114989733059548
16997,0.0594855305466238
16998,0.5698478561549101
16999,0.012114989733059548
17000,0.012114989733059548
17001,0.012114989733059548
17002,0.08217054263565891
17003,0.5698478561549101
17004,0.18763796909492272
17005,0.039301310043668124
17006,0.18763796909492272
17007,0.18763796909492272
17008,0.012114989733059548
17009,0.7704918032786885
17010,0.0594855305466238
17011,0.012114989733059548
17012,0.012114989733059548
17013,0.012114989733059548
17014,0.7704918032786885
17015,0.3619047619047619
17016,0.012114989733059548
17017,0.039301310043668124
17018,0.012114989733059548
17019,0.012114989733059548
17020,0.039301310043668124
17021,0.039301310043668124
17022,0.0594855305466238
17023,0.7704918032786885
17024,0.012114989733059548
17025,0.012114989733059548
17026,0.012114989733059548
17027,0.08217054263565891
17028,0.5698478561549101
17029,0.012114989733059548
17030,0.012114989733059548
17031,0.012114989733059548
17032,0.5698478561549101
17033,0.08217054263565891
17034,0.08217054263565891
17035,0.012114989733059548
17036,0.012114989733059548
17037,0.012114989733059548
17038,0.039301310043668124
17039,0.012114989733059548
17040,0.012114989733059548
17041,0.012114989733059548
17042,0.9664082687338501
17043,0.18763796909492272
17044,0.012114989733059548
17045,0.18763796909492272
17046,0.5698478561549101
17047,0.012114989733059548
17048,0.18763796909492272
17049,0.012114989733059548
17050,0.0594855305466238
17051,0.7704918032786885
17052,0.039301310043668124
17053,0.9664082687338501
17054,0.012114989733059548
17055,0.012114989733059548
17056,0.039301310043668124
17057,0.012114989733059548
17058,0.012114989733059548
17059,0.012114989733059548
17060,0.20394736842105263
17061,0.9664082687338501
17062,0.012114989733059548
17063,0.0594855305466238
17064,0.5698478561549101
17065,0.012114989733059548
17066,0.5698478561549101
17067,0.3619047619047619
17068,0.5698478561549101
17069,0.0594855305466238
17070,0.039301310043668124
17071,0.7704918032786885
17072,0.012114989733059548
17073,0.012114989733059548
17074,0.039301310043668124
17075,0.039301310043668124
17076,0.012114989733059548
17077,0.3619047619047619
17078,0.039301310043668124
17079,0.18763796909492272
17080,0.039301310043668124
17081,0.012114989733059548
17082,0.012114989733059548
17083,0.18763796909492272
17084,0.3619047619047619
17085,0.7704918032786885
17086,0.08217054263565891
17087,0.18763796909492272
17088,0.012114989733059548
17089,0.012114989733059548
17090,0.012114989733059548
17091,0.012114989733059548
17092,0.5698478561549101
17093,0.039301310043668124
17094,0.039301310043668124
17095,0.7704918032786885
17096,0.3619047619047619
17097,0.08217054263565891
17098,0.012114989733059548
17099,0.012114989733059548
17100,0.5698478561549101
17101,0.0594855305466238
17102,0.7704918032786885
17103,0.012114989733059548
17104,0.012114989733059548
17105,0.18763796909492272
17106,0.012114989733059548
17107,0.5698478561549101
17108,0.0594855305466238
17109,0.012114989733059548
17110,0.012114989733059548
17111,0.012114989733059548
17112,0.18763796909492272
17113,0.039301310043668124
17114,0.012114989733059548
17115,0.5698478561549101
17116,0.18763796909492272
17117,0.012114989733059548
17118,0.039301310043668124
17119,0.08217054263565891
17120,0.18763796909492272
17121,0.0594855305466238
17122,0.7704918032786885
17123,0.039301310043668124
17124,0.9664082687338501
17125,0.012114989733059548
17126,0.18763796909492272
17127,0.039301310043668124
17128,0.7704918032786885
17129,0.012114989733059548
17130,0.039301310043668124
17131,0.039301310043668124
17132,0.20394736842105263
17133,0.039301310043668124
17134,0.18763796909492272
17135,0.039301310043668124
17136,0.012114989733059548
17137,0.039301310043668124
17138,0.9664082687338501
17139,0.3619047619047619
17140,0.012114989733059548
17141,0.039301310043668124
17142,0.20394736842105263
17143,0.3619047619047619
17144,0.012114989733059548
17145,0.012114989733059548
17146,0.5698478561549101
17147,0.08217054263565891
17148,0.039301310043668124
17149,0.039301310043668124
17150,0.012114989733059548
17151,0.3619047619047619
17152,0.08217054263565891
17153,0.012114989733059548
17154,0.012114989733059548
17155,0.012114989733059548
17156,0.039301310043668124
17157,0.0594855305466238
17158,0.18763796909492272
17159,0.039301310043668124
17160,0.012114989733059548
17161,0.3619047619047619
17162,0.012114989733059548
17163,0.7704918032786885
17164,0.012114989733059548
17165,0.012114989733059548
17166,0.039301310043668124
17167,0.012114989733059548
17168,0.0594855305466238
17169,0.7704918032786885
17170,0.012114989733059548
17171,0.012114989733059548
17172,0.18763796909492272
17173,0.0594855305466238
17174,0.0594855305466238
17175,0.5698478561549101
17176,0.039301310043668124
17177,0.3619047619047619
17178,0.08217054263565891
17179,0.7704918032786885
17180,0.039301310043668124
17181,0.20394736842105263
17182,0.039301310043668124
17183,0.0594855305466238
17184,0.039301310043668124
17185,0.012114989733059548
17186,0.012114989733059548
17187,0.0594855305466238
17188,0.5698478561549101
17189,0.012114989733059548
17190,0.5698478561549101
17191,0.039301310043668124
17192,0.012114989733059548
17193,0.012114989733059548
17194,0.012114989733059548
17195,0.08217054263565891
17196,0.012114989733059548
17197,0.012114989733059548
17198,0.18763796909492272
17199,0.9664082687338501
17200,0.18763796909492272
17201,0.3619047619047619
17202,0.18763796909492272
17203,0.012114989733059548
17204,1.0
17205,0.012114989733059548
17206,0.012114989733059548
17207,0.039301310043668124
17208,0.0594855305466238
17209,0.012114989733059548
17210,0.012114989733059548
17211,0.012114989733059548
17212,0.08217054263565891
17213,0.18763796909492272
17214,0.20394736842105263
17215,0.9664082687338501
17216,0.012114989733059548
17217,0.3619047619047619
17218,0.18763796909492272
17219,0.0594855305466238
17220,0.012114989733059548
17221,0.012114989733059548
17222,0.08217054263565891
17223,0.012114989733059548
17224,0.18763796909492272
17225,0.8933333333333333
17226,0.012114989733059548
17227,0.012114989733059548
17228,0.012114989733059548
17229,0.3619047619047619
17230,0.039301310043668124
17231,0.0594855305466238
17232,0.012114989733059548
17233,0.039301310043668124
17234,0.012114989733059548
17235,0.039301310043668124
17236,0.012114989733059548
17237,0.012114989733059548
17238,0.5698478561549101
17239,0.012114989733059548
17240,0.012114989733059548
17241,0.012114989733059548
17242,0.012114989733059548
17243,0.039301310043668124
17244,0.7704918032786885
17245,0.0594855305466238
17246,0.012114989733059548
17247,0.012114989733059548
17248,0.012114989733059548
17249,0.012114989733059548
17250,0.7704918032786885
17251,0.5698478561549101
17252,0.039301310043668124
17253,0.039301310043668124
17254,0.039301310043668124
17255,0.012114989733059548
17256,0.012114989733059548
17257,0.7704918032786885
17258,0.20394736842105263
17259,0.7704918032786885
17260,0.0594855305466238
17261,0.039301310043668124
17262,0.039301310043668124
17263,0.012114989733059548
17264,0.3619047619047619
17265,0.012114989733059548
17266,0.012114989733059548
17267,0.039301310043668124
17268,0.08217054263565891
17269,0.18763796909492272
17270,0.012114989733059548
17271,0.18763796909492272
17272,0.5698478561549101
17273,0.7704918032786885
17274,0.012114989733059548
17275,0.20394736842105263
17276,0.039301310043668124
17277,0.012114989733059548
17278,0.0594855305466238
17279,0.7704918032786885
17280,0.012114989733059548
17281,0.012114989733059548
17282,0.039301310043668124
17283,0.7704918032786885
17284,0.08217054263565891
17285,0.039301310043668124
17286,0.039301310043668124
17287,0.5698478561549101
17288,0.012114989733059548
17289,0.18763796909492272
17290,0.012114989733059548
17291,0.012114989733059548
17292,0.18763796909492272
17293,0.5698478561549101
17294,0.3619047619047619
17295,0.039301310043668124
17296,0.012114989733059548
17297,0.012114989733059548
17298,0.0594855305466238
17299,0.039301310043668124
17300,0.08217054263565891
17301,0.5698478561549101
17302,0.012114989733059548
17303,0.3619047619047619
17304,0.18763796909492272
17305,0.012114989733059548
17306,0.039301310043668124
17307,0.039301310043668124
17308,0.012114989733059548
17309,0.9664082687338501
17310,0.3619047619047619
17311,0.18763796909492272
17312,0.9664082687338501
17313,0.8596491228070176
17314,0.012114989733059548
17315,0.20394736842105263
17316,0.18763796909492272
17317,0.012114989733059548
17318,0.0594855305466238
17319,0.012114989733059548
17320,1.0
17321,0.18763796909492272
17322,0.039301310043668124
17323,0.9664082687338501
17324,0.012114989733059548
17325,0.012114989733059548
17326,0.039301310043668124
17327,0.012114989733059548
17328,0.3619047619047619
17329,0.012114989733059548
17330,0.012114989733059548
17331,0.08217054263565891
17332,0.18763796909492272
17333,0.08217054263565891
17334,0.3619047619047619
17335,0.039301310043668124
17336,0.012114989733059548
17337,0.3619047619047619
17338,0.012114989733059548
17339,0.012114989733059548
17340,0.08217054263565891
17341,0.18763796909492272
17342,0.5698478561549101
17343,0.012114989733059548
17344,0.9664082687338501
17345,0.18763796909492272
17346,0.18763796909492272
17347,0.7704918032786885
17348,0.7704918032786885
17349,0.012114989733059548
17350,0.012114989733059548
17351,0.039301310043668124
17352,0.039301310043668124
17353,0.0594855305466238
17354,0.08217054263565891
17355,0.18763796909492272
17356,0.7704918032786885
17357,0.012114989733059548
17358,0.012114989733059548
17359,0.3619047619047619
17360,0.08217054263565891
17361,0.012114989733059548
17362,0.3619047619047619
17363,1.0
17364,0.012114989733059548
17365,0.012114989733059548
17366,0.012114989733059548
17367,0.012114989733059548
17368,0.012114989733059548
17369,0.012114989733059548
17370,0.012114989733059548
17371,0.9664082687338501
17372,0.20394736842105263
17373,0.012114989733059548
17374,0.012114989733059548
17375,0.039301310043668124
17376,0.5698478561549101
17377,0.3619047619047619
17378,0.012114989733059548
17379,0.9664082687338501
17380,0.012114989733059548
17381,0.012114989733059548
17382,0.012114989733059548
17383,0.039301310043668124
17384,0.012114989733059548
17385,0.20394736842105263
17386,0.012114989733059548
17387,0.18763796909492272
17388,0.039301310043668124
17389,0.012114989733059548
17390,1.0
17391,0.7704918032786885
17392,0.18763796909492272
17393,0.18763796909492272
17394,0.7704918032786885
17395,0.18763796909492272
17396,0.08217054263565891
17397,0.08217054263565891
17398,0.9664082687338501
17399,0.08217054263565891
17400,0.039301310043668124
17401,0.012114989733059548
17402,0.012114989733059548
17403,0.5698478561549101
17404,0.012114989733059548
17405,0.5698478561549101
17406,0.012114989733059548
17407,0.012114989733059548
17408,0.18763796909492272
17409,0.0594855305466238
17410,0.039301310043668124
17411,0.012114989733059548
17412,0.039301310043668124
17413,0.08217054263565891
17414,0.18763796909492272
17415,0.039301310043668124
17416,0.012114989733059548
17417,0.039301310043668124
17418,0.5698478561549101
17419,0.039301310043668124
17420,0.012114989733059548
17421,0.9664082687338501
17422,0.039301310043668124
17423,0.012114989733059548
17424,0.3619047619047619
17425,0.012114989733059548
17426,0.18763796909492272
17427,0.012114989733059548
17428,0.0594855305466238
17429,0.039301310043668124
17430,0.012114989733059548
17431,0.039301310043668124
17432,0.18763796909492272
17433,1.0
17434,0.012114989733059548
17435,0.039301310043668124
17436,0.7704918032786885
17437,0.7704918032786885
17438,0.012114989733059548
17439,0.012114989733059548
17440,0.039301310043668124
17441,0.012114989733059548
17442,0.012114989733059548
17443,0.08217054263565891
17444,0.012114989733059548
17445,0.012114989733059548
17446,0.7704918032786885
17447,0.012114989733059548
17448,0.012114989733059548
17449,0.7704918032786885
17450,0.012114989733059548
17451,0.012114989733059548
17452,0.012114989733059548
17453,0.08217054263565891
17454,0.5698478561549101
17455,0.08217054263565891
17456,0.012114989733059548
17457,0.012114989733059548
17458,0.012114989733059548
17459,0.039301310043668124
17460,0.0594855305466238
17461,0.08217054263565891
17462,0.5698478561549101
17463,0.012114989733059548
17464,0.7704918032786885
17465,0.012114989733059548
17466,0.0594855305466238
17467,0.012114989733059548
17468,0.012114989733059548
17469,0.012114989733059548
17470,0.20394736842105263
17471,0.5698478561549101
17472,0.012114989733059548
17473,0.012114989733059548
17474,0.039301310043668124
17475,0.3619047619047619
17476,0.012114989733059548
17477,0.039301310043668124
17478,0.012114989733059548
17479,0.5698478561549101
17480,0.012114989733059548
17481,0.012114989733059548
17482,0.012114989733059548
17483,0.18763796909492272
17484,0.039301310043668124
17485,0.012114989733059548
17486,0.3619047619047619
17487,0.012114989733059548
17488,0.012114989733059548
17489,0.9664082687338501
17490,0.5698478561549101
17491,0.039301310043668124
17492,0.012114989733059548
17493,0.012114989733059548
17494,0.012114989733059548
17495,0.08217054263565891
17496,0.012114989733059548
17497,0.3619047619047619
17498,0.012114989733059548
17499,0.3619047619047619
17500,0.012114989733059548
17501,0.012114989733059548
17502,0.7704918032786885
17503,0.012114989733059548
17504,0.012114989733059548
17505,1.0
17506,0.012114989733059548
17507,0.7704918032786885
17508,0.5698478561549101
17509,0.012114989733059548
17510,0.5698478561549101
17511,0.18763796909492272
17512,0.5698478561549101
17513,0.0594855305466238
17514,0.7704918032786885
17515,0.012114989733059548
17516,0.08217054263565891
17517,0.5698478561549101
17518,0.012114989733059548
17519,0.3619047619047619
17520,0.20394736842105263
17521,0.3619047619047619
17522,0.012114989733059548
17523,0.039301310043668124
17524,0.012114989733059548
17525,0.0594855305466238
17526,0.012114989733059548
17527,0.012114989733059548
17528,0.012114989733059548
17529,0.9664082687338501
17530,0.08217054263565891
17531,0.012114989733059548
17532,0.9664082687338501
17533,0.0594855305466238
17534,0.3619047619047619
17535,0.012114989733059548
17536,0.012114989733059548
17537,0.012114989733059548
17538,0.012114989733059548
17539,0.0594855305466238
17540,0.7704918032786885
17541,0.7704918032786885
17542,0.012114989733059548
17543,0.012114989733059548
17544,0.012114989733059548
17545,0.7704918032786885
17546,0.08217054263565891
17547,0.5698478561549101
17548,0.3619047619047619
17549,0.5698478561549101
17550,1.0
17551,0.039301310043668124
17552,0.012114989733059548
17553,0.18763796909492272
17554,0.9664082687338501
17555,0.0594855305466238
17556,0.012114989733059548
17557,0.08217054263565891
17558,0.039301310043668124
17559,0.0594855305466238
17560,0.20394736842105263
17561,0.012114989733059548
17562,0.20394736842105263
17563,0.3619047619047619
17564,0.012114989733059548
17565,0.012114989733059548
17566,0.012114989733059548
17567,0.039301310043668124
17568,0.012114989733059548
17569,0.3619047619047619
17570,0.012114989733059548
17571,0.012114989733059548
17572,0.012114989733059548
17573,0.0594855305466238
17574,0.039301310043668124
17575,0.7704918032786885
17576,0.08217054263565891
17577,0.039301310043668124
17578,0.5698478561549101
17579,0.012114989733059548
17580,0.7704918032786885
17581,0.18763796909492272
17582,0.012114989733059548
17583,0.012114989733059548
17584,0.0594855305466238
17585,0.012114989733059548
17586,0.012114989733059548
17587,0.012114989733059548
17588,0.012114989733059548
17589,0.012114989733059548
17590,0.08217054263565891
17591,0.5698478561549101
17592,0.012114989733059548
17593,0.5698478561549101
17594,0.012114989733059548
17595,0.039301310043668124
17596,0.012114989733059548
17597,0.039301310043668124
17598,0.08217054263565891
17599,0.3619047619047619
17600,0.012114989733059548
17601,0.5698478561549101
17602,0.5698478561549101
17603,0.20394736842105263
17604,0.012114989733059548
17605,0.012114989733059548
17606,0.012114989733059548
17607,0.012114989733059548
17608,0.08217054263565891
17609,0.9664082687338501
17610,0.012114989733059548
17611,0.18763796909492272
17612,0.012114989733059548
17613,0.7704918032786885
17614,0.012114989733059548
17615,0.039301310043668124
17616,0.039301310043668124
17617,0.18763796909492272
17618,0.012114989733059548
17619,0.9664082687338501
17620,0.012114989733059548
17621,0.012114989733059548
17622,0.012114989733059548
17623,0.012114989733059548
17624,0.0594855305466238
17625,0.9664082687338501
17626,0.18763796909492272
17627,0.9664082687338501
17628,0.012114989733059548
17629,0.08217054263565891
17630,0.7704918032786885
17631,0.012114989733059548
17632,0.7704918032786885
17633,0.012114989733059548
17634,0.7704918032786885
17635,0.039301310043668124
17636,0.08217054263565891
17637,0.9664082687338501
17638,0.5698478561549101
17639,0.012114989733059548
17640,0.039301310043668124
17641,0.012114989733059548
17642,0.0594855305466238
17643,0.012114989733059548
17644,0.012114989733059548
17645,0.012114989733059548
17646,0.039301310043668124
17647,0.3619047619047619
17648,0.5698478561549101
17649,0.012114989733059548
17650,0.012114989733059548
17651,0.039301310043668124
17652,1.0
17653,0.012114989733059548
17654,0.3619047619047619
17655,0.20394736842105263
17656,0.012114989733059548
17657,0.08217054263565891
17658,0.0594855305466238
17659,0.7704918032786885
17660,0.012114989733059548
17661,0.3619047619047619
17662,0.039301310043668124
17663,0.5698478561549101
17664,0.18763796909492272
17665,0.039301310043668124
17666,0.0594855305466238
17667,0.18763796909492272
17668,0.012114989733059548
17669,0.039301310043668124
17670,0.012114989733059548
17671,0.012114989733059548
17672,0.0594855305466238
17673,0.012114989733059548
17674,0.012114989733059548
17675,0.18763796909492272
17676,0.20394736842105263
17677,0.012114989733059548
17678,0.012114989733059548
17679,0.012114989733059548
17680,0.012114989733059548
17681,0.5698478561549101
17682,0.7704918032786885
17683,0.012114989733059548
17684,0.9664082687338501
17685,0.012114989733059548
17686,0.08217054263565891
17687,0.0594855305466238
17688,0.012114989733059548
17689,0.012114989733059548
17690,0.012114989733059548
17691,0.012114989733059548
17692,0.039301310043668124
17693,0.18763796909492272
17694,0.012114989733059548
17695,0.7704918032786885
17696,0.08217054263565891
17697,0.012114989733059548
17698,0.039301310043668124
17699,0.012114989733059548
17700,0.012114989733059548
17701,0.0594855305466238
17702,0.039301310043668124
17703,0.5698478561549101
17704,0.012114989733059548
17705,0.012114989733059548
17706,1.0
17707,0.012114989733059548
17708,0.0594855305466238
17709,0.012114989733059548
17710,0.012114989733059548
17711,0.039301310043668124
17712,0.20394736842105263
17713,0.012114989733059548
17714,0.012114989733059548
17715,0.0594855305466238
17716,0.012114989733059548
17717,0.18763796909492272
17718,0.18763796909492272
17719,0.18763796909492272
17720,0.3619047619047619
17721,0.3619047619047619
17722,0.012114989733059548
17723,0.012114989733059548
17724,0.20394736842105263
17725,0.9664082687338501
17726,0.7704918032786885
17727,0.3619047619047619
17728,0.18763796909492272
17729,0.3619047619047619
17730,0.7704918032786885
17731,0.20394736842105263
17732,0.012114989733059548
17733,0.039301310043668124
17734,0.5698478561549101
17735,0.3619047619047619
17736,0.012114989733059548
17737,0.012114989733059548
17738,0.20394736842105263
17739,0.012114989733059548
17740,0.20394736842105263
17741,0.0594855305466238
17742,0.18763796909492272
17743,0.012114989733059548
17744,0.0594855305466238
17745,0.012114989733059548
17746,0.3619047619047619
17747,0.0594855305466238
17748,0.039301310043668124
17749,0.012114989733059548
17750,0.012114989733059548
17751,0.012114989733059548
17752,0.039301310043668124
17753,0.5698478561549101
17754,0.039301310043668124
17755,0.012114989733059548
17756,0.20394736842105263
17757,0.5698478561549101
17758,0.012114989733059548
17759,0.0594855305466238
17760,0.3619047619047619
17761,0.039301310043668124
17762,0.012114989733059548
17763,0.012114989733059548
17764,0.039301310043668124
17765,0.9664082687338501
17766,0.18763796909492272
17767,0.7704918032786885
17768,0.5698478561549101
17769,0.9664082687338501
17770,0.012114989733059548
17771,0.20394736842105263
17772,0.08217054263565891
17773,0.012114989733059548
17774,0.3619047619047619
17775,0.7704918032786885
17776,0.0594855305466238
17777,0.012114989733059548
17778,0.012114989733059548
17779,0.3619047619047619
17780,0.012114989733059548
17781,0.3619047619047619
17782,0.012114989733059548
17783,0.012114989733059548
17784,0.039301310043668124
17785,0.012114989733059548
17786,0.039301310043668124
17787,0.7704918032786885
17788,0.08217054263565891
17789,0.0594855305466238
17790,0.08217054263565891
17791,0.012114989733059548
17792,0.08217054263565891
17793,0.5698478561549101
17794,0.012114989733059548
17795,0.012114989733059548
17796,0.039301310043668124
17797,0.9664082687338501
17798,0.5698478561549101
17799,0.012114989733059548
17800,0.0594855305466238
17801,0.039301310043668124
17802,0.0594855305466238
17803,0.012114989733059548
17804,0.012114989733059548
17805,0.0594855305466238
17806,0.7704918032786885
17807,0.012114989733059548
17808,0.012114989733059548
17809,0.5698478561549101
17810,0.012114989733059548
17811,1.0
17812,0.012114989733059548
17813,0.012114989733059548
17814,0.012114989733059548
17815,0.08217054263565891
17816,0.039301310043668124
17817,0.012114989733059548
17818,0.012114989733059548
17819,0.7704918032786885
17820,0.039301310043668124
17821,0.5698478561549101
17822,0.012114989733059548
17823,0.8596491228070176
17824,0.012114989733059548
17825,0.039301310043668124
17826,0.039301310043668124
17827,0.0594855305466238
17828,0.012114989733059548
17829,0.012114989733059548
17830,0.18763796909492272
17831,0.20394736842105263
17832,0.012114989733059548
17833,0.5698478561549101
17834,0.012114989733059548
17835,0.7704918032786885
17836,0.08217054263565891
17837,0.5698478561549101
17838,0.7704918032786885
17839,0.039301310043668124
17840,0.012114989733059548
17841,0.039301310043668124
17842,0.0594855305466238
17843,0.08217054263565891
17844,0.18763796909492272
17845,0.18763796909492272
17846,0.012114989733059548
17847,0.0594855305466238
17848,0.012114989733059548
17849,0.9664082687338501
17850,0.20394736842105263
17851,0.039301310043668124
17852,0.012114989733059548
17853,0.0594855305466238
17854,0.039301310043668124
17855,0.039301310043668124
17856,0.5698478561549101
17857,0.18763796909492272
17858,0.012114989733059548
17859,0.012114989733059548
17860,0.5698478561549101
17861,0.08217054263565891
17862,0.7704918032786885
17863,0.039301310043668124
17864,0.012114989733059548
17865,0.7704918032786885
17866,0.039301310043668124
17867,0.7704918032786885
17868,0.012114989733059548
17869,0.012114989733059548
17870,0.012114989733059548
17871,0.039301310043668124
17872,0.012114989733059548
17873,0.012114989733059548
17874,0.3619047619047619
17875,0.08217054263565891
17876,0.039301310043668124
17877,0.3619047619047619
17878,0.012114989733059548
17879,0.012114989733059548
17880,0.012114989733059548
17881,0.012114989733059548
17882,0.039301310043668124
17883,0.18763796909492272
17884,0.039301310043668124
17885,0.3619047619047619
17886,0.0594855305466238
17887,0.012114989733059548
17888,0.5698478561549101
17889,0.9664082687338501
17890,0.012114989733059548
17891,0.012114989733059548
17892,0.3619047619047619
17893,0.9664082687338501
17894,0.20394736842105263
17895,0.20394736842105263
17896,0.039301310043668124
17897,0.08217054263565891
17898,0.7704918032786885
17899,0.012114989733059548
17900,0.012114989733059548
17901,0.012114989733059548
17902,0.039301310043668124
17903,0.012114989733059548
17904,0.039301310043668124
17905,0.7704918032786885
17906,0.012114989733059548
17907,0.012114989733059548
17908,0.9664082687338501
17909,0.039301310043668124
17910,0.039301310043668124
17911,0.039301310043668124
17912,0.3619047619047619
17913,0.012114989733059548
17914,0.5698478561549101
17915,0.012114989733059548
17916,0.012114989733059548
17917,0.0594855305466238
17918,0.012114989733059548
17919,0.012114989733059548
17920,0.012114989733059548
17921,0.20394736842105263
17922,0.039301310043668124
17923,0.012114989733059548
17924,0.039301310043668124
17925,0.08217054263565891
17926,0.012114989733059548
17927,0.012114989733059548
17928,0.20394736842105263
17929,0.039301310043668124
17930,0.5698478561549101
17931,0.5698478561549101
17932,0.5698478561549101
17933,0.012114989733059548
17934,0.012114989733059548
17935,0.5698478561549101
17936,0.012114989733059548
17937,0.5698478561549101
17938,0.039301310043668124
17939,0.18763796909492272
17940,0.0594855305466238
17941,0.18763796909492272
17942,0.012114989733059548
17943,0.18763796909492272
17944,0.7704918032786885
17945,0.7704918032786885
17946,0.012114989733059548
17947,0.08217054263565891
17948,0.5698478561549101
17949,0.012114989733059548
17950,0.012114989733059548
17951,0.18763796909492272
17952,0.012114989733059548
17953,0.7704918032786885
17954,0.039301310043668124
17955,0.012114989733059548
17956,0.012114989733059548
17957,0.08217054263565891
17958,0.18763796909492272
17959,1.0
17960,1.0
17961,0.012114989733059548
17962,0.012114989733059548
17963,0.7704918032786885
17964,0.012114989733059548
17965,0.012114989733059548
17966,0.18763796909492272
17967,0.08217054263565891
17968,0.012114989733059548
17969,0.012114989733059548
17970,0.18763796909492272
17971,0.012114989733059548
17972,0.20394736842105263
17973,0.08217054263565891
17974,0.012114989733059548
17975,0.012114989733059548
17976,0.012114989733059548
17977,0.012114989733059548
17978,0.012114989733059548
17979,0.08217054263565891
17980,0.012114989733059548
17981,0.5698478561549101
17982,0.012114989733059548
17983,0.012114989733059548
17984,0.012114989733059548
17985,0.3619047619047619
17986,0.012114989733059548
17987,0.08217054263565891
17988,0.08217054263565891
17989,0.012114989733059548
17990,0.012114989733059548
17991,0.012114989733059548
17992,0.012114989733059548
17993,0.039301310043668124
17994,0.012114989733059548
17995,0.012114989733059548
17996,0.039301310043668124
17997,0.039301310043668124
17998,0.012114989733059548
17999,0.7704918032786885
18000,0.012114989733059548
18001,0.5698478561549101
18002,0.3619047619047619
18003,0.012114989733059548
18004,0.012114989733059548
18005,0.3619047619047619
18006,0.3619047619047619
18007,0.012114989733059548
18008,0.039301310043668124
18009,0.012114989733059548
18010,0.18763796909492272
18011,0.012114989733059548
18012,0.012114989733059548
18013,0.039301310043668124
18014,0.039301310043668124
18015,0.0594855305466238
18016,0.08217054263565891
18017,0.012114989733059548
18018,0.08217054263565891
18019,0.18763796909492272
18020,0.012114989733059548
18021,0.5698478561549101
18022,0.3619047619047619
18023,0.18763796909492272
18024,0.7704918032786885
18025,0.0594855305466238
18026,0.3619047619047619
18027,0.039301310043668124
18028,0.0594855305466238
18029,0.8596491228070176
18030,0.08217054263565891
18031,0.012114989733059548
18032,0.012114989733059548
18033,0.5698478561549101
18034,0.0594855305466238
18035,0.18763796909492272
18036,0.012114989733059548
18037,0.08217054263565891
18038,0.012114989733059548
18039,0.18763796909492272
18040,0.20394736842105263
18041,0.0594855305466238
18042,0.7704918032786885
18043,0.012114989733059548
18044,0.039301310043668124
18045,0.012114989733059548
18046,0.039301310043668124
18047,0.0594855305466238
18048,0.012114989733059548
18049,0.012114989733059548
18050,0.039301310043668124
18051,0.012114989733059548
18052,0.012114989733059548
18053,0.9664082687338501
18054,0.012114989733059548
18055,0.5698478561549101
18056,0.012114989733059548
18057,0.012114989733059548
18058,0.012114989733059548
18059,0.08217054263565891
18060,0.3619047619047619
18061,0.012114989733059548
18062,0.08217054263565891
18063,0.039301310043668124
18064,0.039301310043668124
18065,0.5698478561549101
18066,0.012114989733059548
18067,0.039301310043668124
18068,0.012114989733059548
18069,0.012114989733059548
18070,0.18763796909492272
18071,0.012114989733059548
18072,0.7704918032786885
18073,0.7704918032786885
18074,0.012114989733059548
18075,0.012114989733059548
18076,0.012114989733059548
18077,0.012114989733059548
18078,0.012114989733059548
18079,0.012114989733059548
18080,0.012114989733059548
18081,0.20394736842105263
18082,0.039301310043668124
18083,0.012114989733059548
18084,0.5698478561549101
18085,0.012114989733059548
18086,0.9664082687338501
18087,0.3619047619047619
18088,0.8933333333333333
18089,0.012114989733059548
18090,0.012114989733059548
18091,0.9664082687338501
18092,0.039301310043668124
18093,0.0594855305466238
18094,0.5698478561549101
18095,0.039301310043668124
18096,0.012114989733059548
18097,0.012114989733059548
18098,0.012114989733059548
18099,0.039301310043668124
18100,0.3619047619047619
18101,0.8933333333333333
18102,0.012114989733059548
18103,0.3619047619047619
18104,0.012114989733059548
18105,0.012114989733059548
18106,0.5698478561549101
18107,0.012114989733059548
18108,0.012114989733059548
18109,0.20394736842105263
18110,0.039301310043668124
18111,0.039301310043668124
18112,0.08217054263565891
18113,0.012114989733059548
18114,0.012114989733059548
18115,0.08217054263565891
18116,0.012114989733059548
18117,0.012114989733059548
18118,0.012114989733059548
18119,0.012114989733059548
18120,0.012114989733059548
18121,0.012114989733059548
18122,0.012114989733059548
18123,0.012114989733059548
18124,0.0594855305466238
18125,0.039301310043668124
18126,0.3619047619047619
18127,0.3619047619047619
18128,0.012114989733059548
18129,0.012114989733059548
18130,0.18763796909492272
18131,0.012114989733059548
18132,0.012114989733059548
18133,0.012114989733059548
18134,0.012114989733059548
18135,0.012114989733059548
18136,0.9664082687338501
18137,0.7704918032786885
18138,0.20394736842105263
18139,0.012114989733059548
18140,0.039301310043668124
18141,0.012114989733059548
18142,0.012114989733059548
18143,0.9664082687338501
18144,0.012114989733059548
18145,0.012114989733059548
18146,0.18763796909492272
18147,0.012114989733059548
18148,0.3619047619047619
18149,0.012114989733059548
18150,0.012114989733059548
18151,0.08217054263565891
18152,0.012114989733059548
18153,0.012114989733059548
18154,0.012114989733059548
18155,0.3619047619047619
18156,0.012114989733059548
18157,0.18763796909492272
18158,0.7704918032786885
18159,0.039301310043668124
18160,0.5698478561549101
18161,0.012114989733059548
18162,0.012114989733059548
18163,0.012114989733059548
18164,0.5698478561549101
18165,0.039301310043668124
18166,0.039301310043668124
18167,0.5698478561549101
18168,0.20394736842105263
18169,0.012114989733059548
18170,0.7704918032786885
18171,0.9664082687338501
18172,0.18763796909492272
18173,0.012114989733059548
18174,0.039301310043668124
18175,0.08217054263565891
18176,0.9664082687338501
18177,0.5698478561549101
18178,0.039301310043668124
18179,0.18763796909492272
18180,1.0
18181,0.3619047619047619
18182,0.012114989733059548
18183,0.08217054263565891
18184,0.012114989733059548
18185,0.039301310043668124
18186,0.012114989733059548
18187,0.012114989733059548
18188,0.8933333333333333
18189,0.18763796909492272
18190,0.7704918032786885
18191,0.012114989733059548
18192,0.5698478561549101
18193,0.012114989733059548
18194,0.012114989733059548
18195,0.9664082687338501
18196,0.012114989733059548
18197,0.012114989733059548
18198,0.7704918032786885
18199,0.012114989733059548
18200,0.18763796909492272
18201,0.5698478561549101
18202,0.5698478561549101
18203,0.18763796909492272
18204,0.039301310043668124
18205,0.0594855305466238
18206,0.18763796909492272
18207,0.0594855305466238
18208,0.08217054263565891
18209,0.012114989733059548
18210,0.012114989733059548
18211,0.08217054263565891
18212,0.012114989733059548
18213,0.20394736842105263
18214,1.0
18215,0.012114989733059548
18216,0.18763796909492272
18217,0.5698478561549101
18218,0.18763796909492272
18219,0.012114989733059548
18220,0.5698478561549101
18221,0.18763796909492272
18222,0.012114989733059548
18223,0.3619047619047619
18224,0.7704918032786885
18225,0.0594855305466238
18226,0.5698478561549101
18227,0.012114989733059548
18228,0.012114989733059548
18229,0.7704918032786885
18230,0.012114989733059548
18231,0.7704918032786885
18232,0.7704918032786885
18233,0.18763796909492272
18234,0.7704918032786885
18235,0.5698478561549101
18236,0.012114989733059548
18237,0.5698478561549101
18238,0.012114989733059548
18239,0.039301310043668124
18240,0.18763796909492272
18241,0.3619047619047619
18242,0.012114989733059548
18243,0.18763796909492272
18244,0.20394736842105263
18245,0.3619047619047619
18246,0.08217054263565891
18247,0.18763796909492272
18248,0.7704918032786885
18249,0.08217054263565891
18250,0.012114989733059548
18251,0.012114989733059548
18252,0.012114989733059548
18253,0.7704918032786885
18254,0.039301310043668124
18255,0.7704918032786885
18256,0.012114989733059548
18257,0.012114989733059548
18258,0.039301310043668124
18259,0.012114989733059548
18260,0.012114989733059548
18261,0.012114989733059548
18262,0.039301310043668124
18263,0.18763796909492272
18264,0.012114989733059548
18265,0.7704918032786885
18266,0.3619047619047619
18267,0.3619047619047619
18268,0.012114989733059548
18269,1.0
18270,0.039301310043668124
18271,0.20394736842105263
18272,0.039301310043668124
18273,0.012114989733059548
18274,0.012114989733059548
18275,0.012114989733059548
18276,0.7704918032786885
18277,0.012114989733059548
18278,0.012114989733059548
18279,0.012114989733059548
18280,0.20394736842105263
18281,0.08217054263565891
18282,0.012114989733059548
18283,0.18763796909492272
18284,0.012114989733059548
18285,0.012114989733059548
18286,0.18763796909492272
18287,0.012114989733059548
18288,0.08217054263565891
18289,0.18763796909492272
18290,0.012114989733059548
18291,0.012114989733059548
18292,0.039301310043668124
18293,0.039301310043668124
18294,0.0594855305466238
18295,0.08217054263565891
18296,0.7704918032786885
18297,0.012114989733059548
18298,0.012114989733059548
18299,0.18763796909492272
18300,0.012114989733059548
18301,0.012114989733059548
18302,0.3619047619047619
18303,0.012114989733059548
18304,0.012114989733059548
18305,0.3619047619047619
18306,0.20394736842105263
18307,0.039301310043668124
18308,0.7704918032786885
18309,0.012114989733059548
18310,0.012114989733059548
18311,0.20394736842105263
18312,0.012114989733059548
18313,0.012114989733059548
18314,0.0594855305466238
18315,0.0594855305466238
18316,0.012114989733059548
18317,0.039301310043668124
18318,0.012114989733059548
18319,0.012114989733059548
18320,0.0594855305466238
18321,0.18763796909492272
18322,0.7704918032786885
18323,0.012114989733059548
18324,0.7704918032786885
18325,1.0
18326,0.08217054263565891
18327,0.039301310043668124
18328,0.012114989733059548
18329,0.0594855305466238
18330,0.012114989733059548
18331,0.039301310043668124
18332,0.012114989733059548
18333,0.039301310043668124
18334,0.012114989733059548
18335,0.08217054263565891
18336,0.039301310043668124
18337,0.7704918032786885
18338,0.012114989733059548
18339,0.012114989733059548
18340,0.3619047619047619
18341,0.0594855305466238
18342,0.039301310043668124
18343,0.012114989733059548
18344,1.0
18345,0.7704918032786885
18346,0.012114989733059548
18347,0.012114989733059548
18348,0.012114989733059548
18349,0.012114989733059548
18350,0.5698478561549101
18351,0.012114989733059548
18352,0.08217054263565891
18353,0.012114989733059548
18354,0.012114989733059548
18355,0.0594855305466238
18356,0.039301310043668124
18357,0.5698478561549101
18358,0.18763796909492272
18359,0.012114989733059548
18360,0.08217054263565891
18361,0.7704918032786885
18362,0.012114989733059548
18363,0.012114989733059548
18364,0.5698478561549101
18365,0.9664082687338501
18366,0.7704918032786885
18367,0.012114989733059548
18368,0.012114989733059548
18369,0.012114989733059548
18370,0.3619047619047619
18371,0.7704918032786885
18372,0.012114989733059548
18373,0.039301310043668124
18374,0.012114989733059548
18375,0.18763796909492272
18376,0.3619047619047619
18377,0.012114989733059548
18378,0.18763796909492272
18379,0.012114989733059548
18380,0.5698478561549101
18381,0.9664082687338501
18382,0.08217054263565891
18383,0.3619047619047619
18384,0.012114989733059548
18385,0.012114989733059548
18386,0.9664082687338501
18387,0.5698478561549101
18388,0.3619047619047619
18389,0.012114989733059548
18390,0.3619047619047619
18391,0.5698478561549101
18392,0.18763796909492272
18393,0.039301310043668124
18394,0.20394736842105263
18395,0.3619047619047619
18396,0.5698478561549101
18397,0.012114989733059548
18398,0.9664082687338501
18399,0.18763796909492272
18400,0.18763796909492272
18401,0.012114989733059548
18402,0.5698478561549101
18403,0.20394736842105263
18404,0.012114989733059548
18405,0.039301310043668124
18406,0.8596491228070176
18407,0.012114989733059548
18408,0.5698478561549101
18409,0.012114989733059548
18410,0.012114989733059548
18411,0.012114989733059548
18412,0.012114989733059548
18413,1.0
18414,0.039301310043668124
18415,0.012114989733059548
18416,0.039301310043668124
18417,0.012114989733059548
18418,1.0
18419,0.3619047619047619
18420,0.012114989733059548
18421,0.9664082687338501
18422,0.012114989733059548
18423,0.08217054263565891
18424,0.3619047619047619
18425,1.0
18426,0.012114989733059548
18427,0.9664082687338501
18428,0.012114989733059548
18429,0.20394736842105263
18430,0.7704918032786885
18431,0.012114989733059548
18432,0.012114989733059548
18433,0.039301310043668124
18434,0.012114989733059548
18435,0.18763796909492272
18436,0.3619047619047619
18437,0.012114989733059548
18438,0.039301310043668124
18439,0.012114989733059548
18440,0.039301310043668124
18441,0.18763796909492272
18442,0.039301310043668124
18443,0.039301310043668124
18444,0.20394736842105263
18445,0.7704918032786885
18446,0.7704918032786885
18447,0.012114989733059548
18448,0.7704918032786885
18449,0.012114989733059548
18450,0.08217054263565891
18451,0.012114989733059548
18452,0.7704918032786885
18453,0.012114989733059548
18454,0.7704918032786885
18455,0.08217054263565891
18456,0.039301310043668124
18457,0.039301310043668124
18458,0.9664082687338501
18459,0.5698478561549101
18460,0.20394736842105263
18461,0.08217054263565891
18462,0.3619047619047619
18463,0.012114989733059548
18464,0.012114989733059548
18465,0.012114989733059548
18466,0.039301310043668124
18467,0.20394736842105263
18468,0.18763796909492272
18469,0.012114989733059548
18470,0.3619047619047619
18471,0.7704918032786885
18472,0.012114989733059548
18473,0.012114989733059548
18474,0.012114989733059548
18475,0.012114989733059548
18476,0.18763796909492272
18477,0.012114989733059548
18478,0.9664082687338501
18479,0.012114989733059548
18480,0.7704918032786885
18481,0.012114989733059548
18482,0.7704918032786885
18483,0.0594855305466238
18484,0.08217054263565891
18485,0.9664082687338501
18486,0.039301310043668124
18487,0.012114989733059548
18488,0.7704918032786885
18489,0.012114989733059548
18490,0.012114989733059548
18491,0.012114989733059548
18492,0.7704918032786885
18493,0.039301310043668124
18494,0.5698478561549101
18495,0.7704918032786885
18496,0.08217054263565891
18497,0.012114989733059548
18498,0.3619047619047619
18499,0.012114989733059548
18500,0.5698478561549101
18501,0.3619047619047619
18502,0.039301310043668124
18503,0.012114989733059548
18504,0.012114989733059548
18505,0.012114989733059548
18506,0.012114989733059548
18507,0.039301310043668124
18508,0.012114989733059548
18509,0.012114989733059548
18510,0.039301310043668124
18511,0.012114989733059548
18512,0.039301310043668124
18513,0.7704918032786885
18514,0.012114989733059548
18515,0.0594855305466238
18516,0.039301310043668124
18517,0.012114989733059548
18518,0.08217054263565891
18519,0.012114989733059548
18520,0.012114989733059548
18521,0.012114989733059548
18522,0.012114989733059548
18523,0.012114989733059548
18524,0.012114989733059548
18525,0.0594855305466238
18526,0.18763796909492272
18527,0.9664082687338501
18528,0.012114989733059548
18529,0.012114989733059548
18530,0.012114989733059548
18531,0.012114989733059548
18532,0.20394736842105263
18533,0.012114989733059548
18534,0.18763796909492272
18535,0.012114989733059548
18536,0.012114989733059548
18537,0.8933333333333333
18538,0.18763796909492272
18539,0.012114989733059548
18540,0.3619047619047619
18541,0.012114989733059548
18542,0.18763796909492272
18543,0.012114989733059548
18544,0.0594855305466238
18545,0.012114989733059548
18546,0.18763796909492272
18547,0.18763796909492272
18548,0.7704918032786885
18549,0.9664082687338501
18550,1.0
18551,0.039301310043668124
18552,0.5698478561549101
18553,0.3619047619047619
18554,0.18763796909492272
18555,0.039301310043668124
18556,0.012114989733059548
18557,0.012114989733059548
18558,0.0594855305466238
18559,0.7704918032786885
18560,0.20394736842105263
18561,0.0594855305466238
18562,0.5698478561549101
18563,0.0594855305466238
18564,0.9664082687338501
18565,0.012114989733059548
18566,0.012114989733059548
18567,0.08217054263565891
18568,0.0594855305466238
18569,0.012114989733059548
18570,0.3619047619047619
18571,0.012114989733059548
18572,0.012114989733059548
18573,0.012114989733059548
18574,0.0594855305466238
18575,0.0594855305466238
18576,0.012114989733059548
18577,0.20394736842105263
18578,0.012114989733059548
18579,0.08217054263565891
18580,0.18763796909492272
18581,0.012114989733059548
18582,0.039301310043668124
18583,0.0594855305466238
18584,0.039301310043668124
18585,0.039301310043668124
18586,0.0594855305466238
18587,0.012114989733059548
18588,0.039301310043668124
18589,0.012114989733059548
18590,0.012114989733059548
18591,0.5698478561549101
18592,0.18763796909492272
18593,0.039301310043668124
18594,0.012114989733059548
18595,0.9664082687338501
18596,0.18763796909492272
18597,0.039301310043668124
18598,0.5698478561549101
18599,0.5698478561549101
18600,0.3619047619047619
18601,0.012114989733059548
18602,0.012114989733059548
18603,0.012114989733059548
18604,0.7704918032786885
18605,0.012114989733059548
18606,0.08217054263565891
18607,0.012114989733059548
18608,0.7704918032786885
18609,0.039301310043668124
18610,0.3619047619047619
18611,0.012114989733059548
18612,0.012114989733059548
18613,0.9664082687338501
18614,0.012114989733059548
18615,0.3619047619047619
18616,0.012114989733059548
18617,0.7704918032786885
18618,0.0594855305466238
18619,0.012114989733059548
18620,0.0594855305466238
18621,0.012114989733059548
18622,0.039301310043668124
18623,0.012114989733059548
18624,0.012114989733059548
18625,0.012114989733059548
18626,0.012114989733059548
18627,0.18763796909492272
18628,0.012114989733059548
18629,0.20394736842105263
18630,0.08217054263565891
18631,0.7704918032786885
18632,0.08217054263565891
18633,0.039301310043668124
18634,0.7704918032786885
18635,0.012114989733059548
18636,0.18763796909492272
18637,0.5698478561549101
18638,0.012114989733059548
18639,0.08217054263565891
18640,0.039301310043668124
18641,0.012114989733059548
18642,0.5698478561549101
18643,0.012114989733059548
18644,0.012114989733059548
18645,0.012114989733059548
18646,0.3619047619047619
18647,0.012114989733059548
18648,0.012114989733059548
18649,0.012114989733059548
18650,0.18763796909492272
18651,0.08217054263565891
18652,0.012114989733059548
18653,0.012114989733059548
18654,0.20394736842105263
18655,0.012114989733059548
18656,0.012114989733059548
18657,0.012114989733059548
18658,0.039301310043668124
18659,0.18763796909492272
18660,0.012114989733059548
18661,0.012114989733059548
18662,0.012114989733059548
18663,0.18763796909492272
18664,0.08217054263565891
18665,0.039301310043668124
18666,0.18763796909492272
18667,0.012114989733059548
18668,0.012114989733059548
18669,0.012114989733059548
18670,0.18763796909492272
18671,0.012114989733059548
18672,0.9664082687338501
18673,0.039301310043668124
18674,0.012114989733059548
18675,0.5698478561549101
18676,0.012114989733059548
18677,0.012114989733059548
18678,0.012114989733059548
18679,0.039301310043668124
18680,0.5698478561549101
18681,0.08217054263565891
18682,0.3619047619047619
18683,0.012114989733059548
18684,0.9664082687338501
18685,0.012114989733059548
18686,0.039301310043668124
18687,0.7704918032786885
18688,0.012114989733059548
18689,0.3619047619047619
18690,0.012114989733059548
18691,0.012114989733059548
18692,0.012114989733059548
18693,0.3619047619047619
18694,0.18763796909492272
18695,1.0
18696,0.5698478561549101
18697,0.7704918032786885
18698,0.9664082687338501
18699,0.012114989733059548
18700,0.012114989733059548
18701,0.0594855305466238
18702,0.18763796909492272
18703,0.012114989733059548
18704,0.7704918032786885
18705,0.20394736842105263
18706,0.012114989733059548
18707,0.18763796909492272
18708,0.012114989733059548
18709,0.7704918032786885
18710,0.012114989733059548
18711,0.039301310043668124
18712,0.012114989733059548
18713,0.012114989733059548
18714,0.18763796909492272
18715,0.012114989733059548
18716,0.3619047619047619
18717,0.039301310043668124
18718,0.012114989733059548
18719,0.012114989733059548
18720,0.039301310043668124
18721,0.18763796909492272
18722,0.012114989733059548
18723,0.5698478561549101
18724,0.5698478561549101
18725,0.7704918032786885
18726,0.3619047619047619
18727,0.012114989733059548
18728,0.039301310043668124
18729,0.3619047619047619
18730,0.0594855305466238
18731,0.9664082687338501
18732,0.012114989733059548
18733,1.0
18734,0.012114989733059548
18735,0.20394736842105263
18736,0.20394736842105263
18737,0.039301310043668124
18738,0.20394736842105263
18739,0.012114989733059548
18740,0.012114989733059548
18741,0.012114989733059548
18742,0.3619047619047619
18743,0.039301310043668124
18744,0.012114989733059548
18745,0.012114989733059548
18746,0.18763796909492272
18747,0.8933333333333333
18748,0.9664082687338501
18749,0.08217054263565891
18750,0.08217054263565891
18751,0.08217054263565891
18752,0.012114989733059548
18753,0.3619047619047619
18754,0.08217054263565891
18755,0.012114989733059548
18756,0.18763796909492272
18757,0.012114989733059548
18758,0.18763796909492272
18759,0.5698478561549101
18760,0.012114989733059548
18761,0.012114989733059548
18762,0.18763796909492272
18763,0.3619047619047619
18764,0.0594855305466238
18765,0.039301310043668124
18766,0.039301310043668124
18767,0.039301310043668124
18768,0.039301310043668124
18769,0.012114989733059548
18770,0.012114989733059548
18771,0.012114989733059548
18772,0.0594855305466238
18773,0.18763796909492272
18774,0.039301310043668124
18775,0.012114989733059548
18776,0.012114989733059548
18777,0.039301310043668124
18778,0.012114989733059548
18779,0.012114989733059548
18780,0.039301310043668124
18781,0.012114989733059548
18782,0.012114989733059548
18783,0.7704918032786885
18784,0.7704918032786885
18785,0.0594855305466238
18786,0.012114989733059548
18787,0.039301310043668124
18788,0.039301310043668124
18789,0.5698478561549101
18790,0.7704918032786885
18791,0.012114989733059548
18792,0.0594855305466238
18793,0.0594855305466238
18794,0.012114989733059548
18795,0.18763796909492272
18796,0.039301310043668124
18797,0.012114989733059548
18798,0.012114989733059548
18799,0.012114989733059548
18800,0.012114989733059548
18801,0.012114989733059548
18802,0.5698478561549101
18803,0.012114989733059548
18804,0.012114989733059548
18805,0.08217054263565891
18806,0.0594855305466238
18807,0.08217054263565891
18808,0.08217054263565891
18809,0.08217054263565891
18810,0.039301310043668124
18811,0.012114989733059548
18812,0.012114989733059548
18813,0.039301310043668124
18814,0.012114989733059548
18815,0.012114989733059548
18816,0.012114989733059548
18817,0.012114989733059548
18818,0.18763796909492272
18819,0.012114989733059548
18820,0.039301310043668124
18821,0.8933333333333333
18822,0.039301310043668124
18823,0.18763796909492272
18824,0.7704918032786885
18825,0.0594855305466238
18826,0.5698478561549101
18827,0.7704918032786885
18828,0.012114989733059548
18829,0.012114989733059548
18830,0.18763796909492272
18831,0.9664082687338501
18832,0.7704918032786885
18833,0.012114989733059548
18834,0.7704918032786885
18835,0.18763796909492272
18836,0.5698478561549101
18837,0.039301310043668124
18838,0.18763796909492272
18839,0.20394736842105263
18840,0.012114989733059548
18841,0.012114989733059548
18842,0.012114989733059548
18843,0.012114989733059548
18844,0.20394736842105263
18845,0.20394736842105263
18846,0.039301310043668124
18847,0.7704918032786885
18848,0.012114989733059548
18849,0.012114989733059548
18850,0.7704918032786885
18851,0.0594855305466238
18852,0.18763796909492272
18853,1.0
18854,0.18763796909492272
18855,0.08217054263565891
18856,0.20394736842105263
18857,0.18763796909492272
18858,0.012114989733059548
18859,0.012114989733059548
18860,0.5698478561549101
18861,0.012114989733059548
18862,0.012114989733059548
18863,0.039301310043668124
18864,0.18763796909492272
18865,0.012114989733059548
18866,0.012114989733059548
18867,0.012114989733059548
18868,0.012114989733059548
18869,0.039301310043668124
18870,0.039301310043668124
18871,0.012114989733059548
18872,0.7704918032786885
18873,0.3619047619047619
18874,0.012114989733059548
18875,0.039301310043668124
18876,0.9664082687338501
18877,0.012114989733059548
18878,0.5698478561549101
18879,0.18763796909492272
18880,0.7704918032786885
18881,0.08217054263565891
18882,0.3619047619047619
18883,0.039301310043668124
18884,0.9664082687338501
18885,1.0
18886,0.9664082687338501
18887,0.012114989733059548
18888,0.012114989733059548
18889,0.012114989733059548
18890,0.7704918032786885
18891,0.012114989733059548
18892,0.012114989733059548
18893,0.012114989733059548
18894,0.08217054263565891
18895,0.7704918032786885
18896,0.20394736842105263
18897,0.08217054263565891
18898,0.012114989733059548
18899,0.039301310043668124
18900,0.20394736842105263
18901,0.039301310043668124
18902,0.012114989733059548
18903,0.012114989733059548
18904,0.08217054263565891
18905,0.012114989733059548
18906,0.08217054263565891
18907,0.012114989733059548
18908,0.012114989733059548
18909,0.9664082687338501
18910,0.18763796909492272
18911,0.3619047619047619
18912,0.3619047619047619
18913,0.20394736842105263
18914,0.18763796909492272
18915,0.0594855305466238
18916,0.5698478561549101
18917,0.012114989733059548
18918,0.9664082687338501
18919,0.039301310043668124
18920,0.18763796909492272
18921,0.20394736842105263
18922,0.20394736842105263
18923,0.9664082687338501
18924,0.012114989733059548
18925,0.039301310043668124
18926,0.0594855305466238
18927,0.0594855305466238
18928,0.18763796909492272
18929,0.012114989733059548
18930,0.08217054263565891
18931,0.9664082687338501
18932,0.08217054263565891
18933,0.9664082687338501
18934,0.039301310043668124
18935,0.20394736842105263
18936,0.012114989733059548
18937,0.012114989733059548
18938,0.18763796909492272
18939,0.8596491228070176
18940,0.012114989733059548
18941,0.012114989733059548
18942,0.012114989733059548
18943,0.012114989733059548
18944,0.7704918032786885
18945,0.3619047619047619
18946,0.012114989733059548
18947,0.012114989733059548
18948,0.012114989733059548
18949,0.012114989733059548
18950,0.3619047619047619
18951,0.8596491228070176
18952,0.5698478561549101
18953,0.012114989733059548
18954,0.012114989733059548
18955,0.5698478561549101
18956,0.9664082687338501
18957,0.012114989733059548
18958,0.012114989733059548
18959,0.012114989733059548
18960,0.012114989733059548
18961,0.012114989733059548
18962,0.012114989733059548
18963,0.18763796909492272
18964,0.012114989733059548
18965,0.8933333333333333
18966,0.08217054263565891
18967,0.7704918032786885
18968,0.7704918032786885
18969,0.039301310043668124
18970,0.5698478561549101
18971,0.012114989733059548
18972,0.039301310043668124
18973,0.08217054263565891
18974,0.039301310043668124
18975,0.012114989733059548
18976,0.012114989733059548
18977,0.08217054263565891
18978,0.0594855305466238
18979,0.012114989733059548
18980,0.8933333333333333
18981,0.20394736842105263
18982,0.5698478561549101
18983,0.039301310043668124
18984,0.012114989733059548
18985,0.012114989733059548
18986,0.9664082687338501
18987,0.012114989733059548
18988,0.012114989733059548
18989,0.3619047619047619
18990,0.039301310043668124
18991,0.012114989733059548
18992,0.7704918032786885
18993,0.012114989733059548
18994,0.18763796909492272
18995,0.18763796909492272
18996,0.5698478561549101
18997,0.3619047619047619
18998,0.18763796909492272
18999,0.18763796909492272
19000,0.18763796909492272
19001,0.08217054263565891
19002,0.012114989733059548
19003,0.012114989733059548
19004,0.7704918032786885
19005,0.039301310043668124
19006,0.3619047619047619
19007,0.012114989733059548
19008,0.7704918032786885
19009,0.08217054263565891
19010,0.012114989733059548
19011,0.0594855305466238
19012,0.012114989733059548
19013,0.012114989733059548
19014,0.5698478561549101
19015,0.012114989733059548
19016,0.18763796909492272
19017,0.039301310043668124
19018,0.0594855305466238
19019,0.08217054263565891
19020,0.039301310043668124
19021,0.08217054263565891
19022,0.012114989733059548
19023,0.08217054263565891
19024,0.3619047619047619
19025,0.012114989733059548
19026,0.18763796909492272
19027,0.18763796909492272
19028,0.039301310043668124
19029,0.012114989733059548
19030,0.039301310043668124
19031,0.012114989733059548
19032,0.012114989733059548
19033,0.039301310043668124
19034,0.0594855305466238
19035,0.012114989733059548
19036,0.039301310043668124
19037,0.012114989733059548
19038,0.0594855305466238
19039,0.012114989733059548
19040,0.08217054263565891
19041,0.039301310043668124
19042,0.012114989733059548
19043,0.012114989733059548
19044,0.039301310043668124
19045,0.9664082687338501
19046,0.012114989733059548
19047,0.3619047619047619
19048,0.012114989733059548
19049,0.039301310043668124
19050,0.039301310043668124
19051,0.18763796909492272
19052,1.0
19053,0.012114989733059548
19054,0.012114989733059548
19055,0.20394736842105263
19056,0.039301310043668124
19057,0.0594855305466238
19058,0.3619047619047619
19059,0.20394736842105263
19060,0.039301310043668124
19061,0.012114989733059548
19062,0.012114989733059548
19063,0.012114989733059548
19064,0.08217054263565891
19065,0.18763796909492272
19066,0.5698478561549101
19067,0.012114989733059548
19068,0.0594855305466238
19069,0.012114989733059548
19070,0.18763796909492272
19071,0.5698478561549101
19072,0.039301310043668124
19073,1.0
19074,0.012114989733059548
19075,0.3619047619047619
19076,0.18763796909492272
19077,0.08217054263565891
19078,0.012114989733059548
19079,0.5698478561549101
19080,0.012114989733059548
19081,0.039301310043668124
19082,0.012114989733059548
19083,0.7704918032786885
19084,0.0594855305466238
19085,0.039301310043668124
19086,0.7704918032786885
19087,0.3619047619047619
19088,0.18763796909492272
19089,0.20394736842105263
19090,0.039301310043668124
19091,0.18763796909492272
19092,0.9664082687338501
19093,0.08217054263565891
19094,0.012114989733059548
19095,0.039301310043668124
19096,0.012114989733059548
19097,0.0594855305466238
19098,0.7704918032786885
19099,0.012114989733059548
19100,0.7704918032786885
19101,0.5698478561549101
19102,0.012114989733059548
19103,0.039301310043668124
19104,0.012114989733059548
19105,0.012114989733059548
19106,0.012114989733059548
19107,0.3619047619047619
19108,0.012114989733059548
19109,0.08217054263565891
19110,0.20394736842105263
19111,0.18763796909492272
19112,0.012114989733059548
19113,0.08217054263565891
19114,0.0594855305466238
19115,0.039301310043668124
19116,0.039301310043668124
19117,0.08217054263565891
19118,0.012114989733059548
19119,0.3619047619047619
19120,0.012114989733059548
19121,0.039301310043668124
19122,0.012114989733059548
19123,0.012114989733059548
19124,0.08217054263565891
19125,0.012114989733059548
19126,0.18763796909492272
19127,0.012114989733059548
19128,0.012114989733059548
19129,0.0594855305466238
19130,0.7704918032786885
19131,0.039301310043668124
19132,0.3619047619047619
19133,0.012114989733059548
19134,0.012114989733059548
19135,0.7704918032786885
19136,0.18763796909492272
19137,0.012114989733059548
19138,0.012114989733059548
19139,0.012114989733059548
19140,0.0594855305466238
19141,0.18763796909492272
19142,0.7704918032786885
19143,0.18763796909492272
19144,0.20394736842105263
19145,0.012114989733059548
19146,0.012114989733059548
19147,0.012114989733059548
19148,0.039301310043668124
19149,0.039301310043668124
19150,0.012114989733059548
19151,0.012114989733059548
19152,0.7704918032786885
19153,0.9664082687338501
19154,0.08217054263565891
19155,0.0594855305466238
19156,0.5698478561549101
19157,0.039301310043668124
19158,0.012114989733059548
19159,0.18763796909492272
19160,0.7704918032786885
19161,0.18763796909492272
19162,0.08217054263565891
19163,0.0594855305466238
19164,0.20394736842105263
19165,0.012114989733059548
19166,0.012114989733059548
19167,0.039301310043668124
19168,0.5698478561549101
19169,0.18763796909492272
19170,0.7704918032786885
19171,0.08217054263565891
19172,0.18763796909492272
19173,0.039301310043668124
19174,0.012114989733059548
19175,0.012114989733059548
19176,0.012114989733059548
19177,0.0594855305466238
19178,0.039301310043668124
19179,0.012114989733059548
19180,0.012114989733059548
19181,0.039301310043668124
19182,0.18763796909492272
19183,0.20394736842105263
19184,0.0594855305466238
19185,0.012114989733059548
19186,0.012114989733059548
19187,0.039301310043668124
19188,0.18763796909492272
19189,0.012114989733059548
19190,0.039301310043668124
19191,0.3619047619047619
19192,0.20394736842105263
19193,0.012114989733059548
19194,0.18763796909492272
19195,0.20394736842105263
19196,1.0
19197,0.08217054263565891
19198,0.18763796909492272
19199,0.9664082687338501
19200,0.7704918032786885
19201,0.20394736842105263
19202,0.5698478561549101
19203,0.0594855305466238
19204,0.0594855305466238
19205,0.039301310043668124
19206,0.012114989733059548
19207,0.7704918032786885
19208,0.012114989733059548
19209,0.9664082687338501
19210,0.7704918032786885
19211,0.18763796909492272
19212,0.9664082687338501
19213,0.012114989733059548
19214,0.039301310043668124
19215,0.5698478561549101
19216,0.012114989733059548
19217,0.0594855305466238
19218,0.5698478561549101
19219,0.012114989733059548
19220,0.039301310043668124
19221,0.0594855305466238
19222,0.08217054263565891
19223,0.012114989733059548
19224,0.3619047619047619
19225,0.5698478561549101
19226,0.5698478561549101
19227,0.18763796909492272
19228,0.012114989733059548
19229,0.08217054263565891
19230,0.18763796909492272
19231,0.012114989733059548
19232,0.039301310043668124
19233,0.012114989733059548
19234,0.012114989733059548
19235,0.012114989733059548
19236,0.012114989733059548
19237,0.18763796909492272
19238,0.012114989733059548
19239,0.012114989733059548
19240,0.012114989733059548
19241,0.012114989733059548
19242,0.012114989733059548
19243,0.9664082687338501
19244,0.039301310043668124
19245,0.039301310043668124
19246,0.012114989733059548
19247,0.7704918032786885
19248,0.012114989733059548
19249,0.012114989733059548
19250,0.18763796909492272
19251,0.012114989733059548
19252,0.012114989733059548
19253,0.012114989733059548
19254,0.012114989733059548
19255,0.039301310043668124
19256,0.012114989733059548
19257,0.0594855305466238
19258,0.7704918032786885
19259,0.9664082687338501
19260,0.7704918032786885
19261,0.012114989733059548
19262,0.012114989733059548
19263,0.012114989733059548
19264,0.3619047619047619
19265,0.012114989733059548
19266,0.039301310043668124
19267,0.012114989733059548
19268,0.039301310043668124
19269,0.012114989733059548
19270,0.20394736842105263
19271,0.3619047619047619
19272,0.18763796909492272
19273,0.012114989733059548
19274,0.012114989733059548
19275,0.3619047619047619
19276,0.012114989733059548
19277,0.012114989733059548
19278,0.5698478561549101
19279,0.012114989733059548
19280,0.012114989733059548
19281,0.012114989733059548
19282,0.012114989733059548
19283,0.012114989733059548
19284,0.012114989733059548
19285,0.5698478561549101
19286,0.012114989733059548
19287,0.039301310043668124
19288,0.012114989733059548
19289,0.039301310043668124
19290,0.20394736842105263
19291,0.012114989733059548
19292,0.8933333333333333
19293,0.7704918032786885
19294,0.012114989733059548
19295,0.012114989733059548
19296,0.012114989733059548
19297,0.08217054263565891
19298,0.9664082687338501
19299,0.039301310043668124
19300,0.0594855305466238
19301,0.0594855305466238
19302,0.012114989733059548
19303,0.20394736842105263
19304,0.7704918032786885
19305,0.18763796909492272
19306,0.039301310043668124
19307,0.012114989733059548
19308,0.18763796909492272
19309,0.3619047619047619
19310,0.012114989733059548
19311,0.18763796909492272
19312,0.18763796909492272
19313,0.0594855305466238
19314,0.3619047619047619
19315,0.039301310043668124
19316,0.3619047619047619
19317,0.18763796909492272
19318,0.039301310043668124
19319,0.20394736842105263
19320,0.012114989733059548
19321,0.18763796909492272
19322,0.3619047619047619
19323,0.039301310043668124
19324,0.012114989733059548
19325,0.012114989733059548
19326,0.7704918032786885
19327,0.012114989733059548
19328,0.012114989733059548
19329,0.012114989733059548
19330,0.012114989733059548
19331,0.9664082687338501
19332,0.08217054263565891
19333,0.0594855305466238
19334,0.012114989733059548
19335,0.012114989733059548
19336,0.039301310043668124
19337,0.9664082687338501
19338,0.18763796909492272
19339,0.012114989733059548
19340,0.18763796909492272
19341,0.039301310043668124
19342,0.012114989733059548
19343,0.039301310043668124
19344,0.08217054263565891
19345,0.3619047619047619
19346,0.012114989733059548
19347,0.0594855305466238
19348,0.039301310043668124
19349,0.5698478561549101
19350,0.012114989733059548
19351,0.08217054263565891
19352,0.5698478561549101
19353,0.18763796909492272
19354,0.039301310043668124
19355,0.039301310043668124
19356,0.039301310043668124
19357,0.012114989733059548
19358,0.0594855305466238
19359,0.08217054263565891
19360,0.18763796909492272
19361,0.039301310043668124
19362,0.18763796909492272
19363,0.18763796909492272
19364,0.5698478561549101
19365,0.20394736842105263
19366,0.012114989733059548
19367,0.3619047619047619
19368,0.20394736842105263
19369,0.012114989733059548
19370,0.012114989733059548
19371,0.7704918032786885
19372,0.012114989733059548
19373,0.012114989733059548
19374,0.039301310043668124
19375,0.012114989733059548
19376,0.012114989733059548
19377,0.7704918032786885
19378,0.039301310043668124
19379,0.012114989733059548
19380,0.012114989733059548
19381,0.012114989733059548
19382,0.039301310043668124
19383,0.012114989733059548
19384,0.012114989733059548
19385,0.08217054263565891
19386,0.039301310043668124
19387,0.012114989733059548
19388,0.20394736842105263
19389,1.0
19390,0.7704918032786885
19391,0.7704918032786885
19392,0.012114989733059548
19393,0.012114989733059548
19394,0.039301310043668124
19395,0.18763796909492272
19396,0.012114989733059548
19397,0.8933333333333333
19398,0.039301310043668124
19399,0.012114989733059548
19400,0.039301310043668124
19401,0.08217054263565891
19402,0.012114989733059548
19403,0.20394736842105263
19404,0.012114989733059548
19405,0.012114989733059548
19406,0.039301310043668124
19407,0.18763796909492272
19408,0.012114989733059548
19409,0.012114989733059548
19410,0.012114989733059548
19411,0.012114989733059548
19412,0.012114989733059548
19413,0.012114989733059548
19414,0.5698478561549101
19415,0.012114989733059548
19416,0.0594855305466238
19417,1.0
19418,0.012114989733059548
19419,0.0594855305466238
19420,0.3619047619047619
19421,0.8596491228070176
19422,0.012114989733059548
19423,0.3619047619047619
19424,0.3619047619047619
19425,0.012114989733059548
19426,0.012114989733059548
19427,0.012114989733059548
19428,0.012114989733059548
19429,0.08217054263565891
19430,0.012114989733059548
19431,0.012114989733059548
19432,0.012114989733059548
19433,0.012114989733059548
19434,0.3619047619047619
19435,0.039301310043668124
19436,0.012114989733059548
19437,0.9664082687338501
19438,0.012114989733059548
19439,0.8596491228070176
19440,0.20394736842105263
19441,0.039301310043668124
19442,0.012114989733059548
19443,0.012114989733059548
19444,0.012114989733059548
19445,0.039301310043668124
19446,0.012114989733059548
19447,0.0594855305466238
19448,0.039301310043668124
19449,0.012114989733059548
19450,0.012114989733059548
19451,0.5698478561549101
19452,0.012114989733059548
19453,0.012114989733059548
19454,0.5698478561549101
19455,0.039301310043668124
19456,0.3619047619047619
19457,0.20394736842105263
19458,0.3619047619047619
19459,0.012114989733059548
19460,0.9664082687338501
19461,0.012114989733059548
19462,0.012114989733059548
19463,0.0594855305466238
19464,0.18763796909492272
19465,0.039301310043668124
19466,0.012114989733059548
19467,0.012114989733059548
19468,0.7704918032786885
19469,0.012114989733059548
19470,0.08217054263565891
19471,0.3619047619047619
19472,0.5698478561549101
19473,0.012114989733059548
19474,0.039301310043668124
19475,0.3619047619047619
19476,0.012114989733059548
19477,0.7704918032786885
19478,0.20394736842105263
19479,0.012114989733059548
19480,0.18763796909492272
19481,0.7704918032786885
19482,0.18763796909492272
19483,0.012114989733059548
19484,0.012114989733059548
19485,0.012114989733059548
19486,0.9664082687338501
19487,0.18763796909492272
19488,0.08217054263565891
19489,0.18763796909492272
19490,0.012114989733059548
19491,0.18763796909492272
19492,0.08217054263565891
19493,0.18763796909492272
19494,0.08217054263565891
19495,0.012114989733059548
19496,0.5698478561549101
19497,0.039301310043668124
19498,0.18763796909492272
19499,0.012114989733059548
19500,0.7704918032786885
19501,0.012114989733059548
19502,0.9664082687338501
19503,0.8596491228070176
19504,0.9664082687338501
19505,0.08217054263565891
19506,0.18763796909492272
19507,0.5698478561549101
19508,0.18763796909492272
19509,0.012114989733059548
19510,0.012114989733059548
19511,0.039301310043668124
19512,0.18763796909492272
19513,0.012114989733059548
19514,0.012114989733059548
19515,0.5698478561549101
19516,0.5698478561549101
19517,0.08217054263565891
19518,0.012114989733059548
19519,0.012114989733059548
19520,0.012114989733059548
19521,0.20394736842105263
19522,0.7704918032786885
19523,0.012114989733059548
19524,0.039301310043668124
19525,0.039301310043668124
19526,0.012114989733059548
19527,0.5698478561549101
19528,0.7704918032786885
19529,0.039301310043668124
19530,0.5698478561549101
19531,0.012114989733059548
19532,0.3619047619047619
19533,0.20394736842105263
19534,0.08217054263565891
19535,0.039301310043668124
19536,0.20394736842105263
19537,0.012114989733059548
19538,0.20394736842105263
19539,0.20394736842105263
19540,0.3619047619047619
19541,0.012114989733059548
19542,0.012114989733059548
19543,0.012114989733059548
19544,0.5698478561549101
19545,0.5698478561549101
19546,0.5698478561549101
19547,0.012114989733059548
19548,0.012114989733059548
19549,0.0594855305466238
19550,0.18763796909492272
19551,0.0594855305466238
19552,0.012114989733059548
19553,0.012114989733059548
19554,0.012114989733059548
19555,0.012114989733059548
19556,0.012114989733059548
19557,0.9664082687338501
19558,0.012114989733059548
19559,0.039301310043668124
19560,0.012114989733059548
19561,0.9664082687338501
19562,0.08217054263565891
19563,0.20394736842105263
19564,0.012114989733059548
19565,0.20394736842105263
19566,0.039301310043668124
19567,0.7704918032786885
19568,0.012114989733059548
19569,0.18763796909492272
19570,0.012114989733059548
19571,0.012114989733059548
19572,0.012114989733059548
19573,0.012114989733059548
19574,0.012114989733059548
19575,0.18763796909492272
19576,0.5698478561549101
19577,0.012114989733059548
19578,0.012114989733059548
19579,0.039301310043668124
19580,0.012114989733059548
19581,0.3619047619047619
19582,0.039301310043668124
19583,0.012114989733059548
19584,0.012114989733059548
19585,0.012114989733059548
19586,0.3619047619047619
19587,0.20394736842105263
19588,0.08217054263565891
19589,0.012114989733059548
19590,0.3619047619047619
19591,0.039301310043668124
19592,0.012114989733059548
19593,0.9664082687338501
19594,0.012114989733059548
19595,0.18763796909492272
19596,0.039301310043668124
19597,0.08217054263565891
19598,0.012114989733059548
19599,0.012114989733059548
19600,0.012114989733059548
19601,0.7704918032786885
19602,0.7704918032786885
19603,0.9664082687338501
19604,0.012114989733059548
19605,0.5698478561549101
19606,0.039301310043668124
19607,0.08217054263565891
19608,0.039301310043668124
19609,0.0594855305466238
19610,0.08217054263565891
19611,0.3619047619047619
19612,0.18763796909492272
19613,0.012114989733059548
19614,0.039301310043668124
19615,0.012114989733059548
19616,0.012114989733059548
19617,0.012114989733059548
19618,0.8596491228070176
19619,0.0594855305466238
19620,0.08217054263565891
19621,0.08217054263565891
19622,1.0
19623,0.012114989733059548
19624,0.18763796909492272
19625,0.0594855305466238
19626,0.3619047619047619
19627,0.039301310043668124
19628,0.5698478561549101
19629,0.0594855305466238
19630,0.012114989733059548
19631,1.0
19632,0.18763796909492272
19633,0.20394736842105263
19634,0.039301310043668124
19635,0.20394736842105263
19636,0.0594855305466238
19637,0.5698478561549101
19638,0.012114989733059548
19639,0.012114989733059548
19640,0.039301310043668124
19641,0.012114989733059548
19642,0.012114989733059548
19643,0.012114989733059548
19644,0.012114989733059548
19645,0.08217054263565891
19646,0.039301310043668124
19647,0.012114989733059548
19648,0.012114989733059548
19649,0.0594855305466238
19650,0.012114989733059548
19651,0.012114989733059548
19652,0.039301310043668124
19653,0.012114989733059548
19654,0.7704918032786885
19655,0.0594855305466238
19656,0.039301310043668124
19657,0.08217054263565891
19658,0.9664082687338501
19659,0.012114989733059548
19660,0.3619047619047619
19661,0.5698478561549101
19662,0.039301310043668124
19663,0.012114989733059548
19664,0.7704918032786885
19665,0.012114989733059548
19666,0.012114989733059548
19667,0.20394736842105263
19668,0.012114989733059548
19669,0.012114989733059548
19670,0.039301310043668124
19671,0.3619047619047619
19672,0.039301310043668124
19673,0.012114989733059548
19674,0.5698478561549101
19675,0.5698478561549101
19676,0.0594855305466238
19677,0.012114989733059548
19678,0.012114989733059548
19679,0.20394736842105263
19680,0.012114989733059548
19681,0.5698478561549101
19682,0.9664082687338501
19683,0.08217054263565891
19684,0.08217054263565891
19685,0.5698478561549101
19686,0.012114989733059548
19687,0.18763796909492272
19688,0.012114989733059548
19689,0.039301310043668124
19690,0.7704918032786885
19691,0.08217054263565891
19692,0.9664082687338501
19693,0.012114989733059548
19694,0.012114989733059548
19695,0.08217054263565891
19696,0.012114989733059548
19697,0.5698478561549101
19698,0.08217054263565891
19699,0.3619047619047619
19700,0.012114989733059548
19701,0.012114989733059548
19702,0.5698478561549101
19703,0.012114989733059548
19704,0.18763796909492272
19705,0.18763796909492272
19706,0.5698478561549101
19707,0.012114989733059548
19708,0.012114989733059548
19709,0.012114989733059548
19710,0.012114989733059548
19711,0.9664082687338501
19712,0.012114989733059548
19713,0.012114989733059548
19714,0.18763796909492272
19715,0.08217054263565891
19716,0.012114989733059548
19717,0.18763796909492272
19718,0.012114989733059548
19719,0.012114989733059548
19720,0.039301310043668124
19721,0.012114989733059548
19722,0.7704918032786885
19723,0.7704918032786885
19724,0.012114989733059548
19725,0.039301310043668124
19726,0.012114989733059548
19727,0.08217054263565891
19728,0.08217054263565891
19729,0.012114989733059548
19730,0.012114989733059548
19731,0.039301310043668124
19732,0.18763796909492272
19733,0.012114989733059548
19734,0.20394736842105263
19735,0.012114989733059548
19736,0.08217054263565891
19737,0.9664082687338501
19738,0.7704918032786885
19739,0.5698478561549101
19740,0.012114989733059548
19741,0.012114989733059548
19742,0.08217054263565891
19743,0.3619047619047619
19744,0.012114989733059548
19745,0.039301310043668124
19746,0.039301310043668124
19747,0.039301310043668124
19748,0.012114989733059548
19749,0.012114989733059548
19750,0.039301310043668124
19751,0.039301310043668124
19752,0.039301310043668124
19753,0.012114989733059548
19754,0.08217054263565891
19755,0.012114989733059548
19756,0.012114989733059548
19757,0.039301310043668124
19758,0.5698478561549101
19759,0.039301310043668124
19760,0.039301310043668124
19761,0.012114989733059548
19762,0.012114989733059548
19763,0.012114989733059548
19764,0.7704918032786885
19765,0.012114989733059548
19766,0.9664082687338501
19767,0.5698478561549101
19768,1.0
19769,0.012114989733059548
19770,0.039301310043668124
19771,0.012114989733059548
19772,0.012114989733059548
19773,0.3619047619047619
19774,0.9664082687338501
19775,0.012114989733059548
19776,0.012114989733059548
19777,0.5698478561549101
19778,0.0594855305466238
19779,0.039301310043668124
19780,0.012114989733059548
19781,0.20394736842105263
19782,0.039301310043668124
19783,0.012114989733059548
19784,0.039301310043668124
19785,0.012114989733059548
19786,0.012114989733059548
19787,0.012114989733059548
19788,0.039301310043668124
19789,0.012114989733059548
19790,0.7704918032786885
19791,0.039301310043668124
19792,0.012114989733059548
19793,0.3619047619047619
19794,0.9664082687338501
19795,0.012114989733059548
19796,0.039301310043668124
19797,0.039301310043668124
19798,0.012114989733059548
19799,0.9664082687338501
19800,0.012114989733059548
19801,0.20394736842105263
19802,0.012114989733059548
19803,0.039301310043668124
19804,0.8933333333333333
19805,0.3619047619047619
19806,0.012114989733059548
19807,0.039301310043668124
19808,0.20394736842105263
19809,0.012114989733059548
19810,0.0594855305466238
19811,0.012114989733059548
19812,0.012114989733059548
19813,0.012114989733059548
19814,0.039301310043668124
19815,0.08217054263565891
19816,0.08217054263565891
19817,0.012114989733059548
19818,0.012114989733059548
19819,0.012114989733059548
19820,0.20394736842105263
19821,0.012114989733059548
19822,0.012114989733059548
19823,0.20394736842105263
19824,0.08217054263565891
19825,0.18763796909492272
19826,0.039301310043668124
19827,0.039301310043668124
19828,0.20394736842105263
19829,0.5698478561549101
19830,0.012114989733059548
19831,0.012114989733059548
19832,0.08217054263565891
19833,0.5698478561549101
19834,0.012114989733059548
19835,0.039301310043668124
19836,0.012114989733059548
19837,0.012114989733059548
19838,0.012114989733059548
19839,0.08217054263565891
19840,0.18763796909492272
19841,0.039301310043668124
19842,0.012114989733059548
19843,0.18763796909492272
19844,0.039301310043668124
19845,0.039301310043668124
19846,0.012114989733059548
19847,0.012114989733059548
19848,0.18763796909492272
19849,0.039301310043668124
19850,0.012114989733059548
19851,0.012114989733059548
19852,0.0594855305466238
19853,0.18763796909492272
19854,0.9664082687338501
19855,0.039301310043668124
19856,0.3619047619047619
19857,0.5698478561549101
19858,0.18763796909492272
19859,0.20394736842105263
19860,0.7704918032786885
19861,1.0
19862,0.0594855305466238
19863,0.5698478561549101
19864,0.012114989733059548
19865,0.08217054263565891
19866,0.0594855305466238
19867,0.012114989733059548
19868,0.012114989733059548
19869,0.012114989733059548
19870,0.0594855305466238
19871,0.039301310043668124
19872,0.0594855305466238
19873,0.3619047619047619
19874,0.012114989733059548
19875,0.039301310043668124
19876,0.012114989733059548
19877,0.08217054263565891
19878,0.012114989733059548
19879,0.012114989733059548
19880,0.08217054263565891
19881,0.039301310043668124
19882,0.012114989733059548
19883,0.039301310043668124
19884,0.08217054263565891
19885,0.9664082687338501
19886,0.039301310043668124
19887,0.012114989733059548
19888,1.0
19889,0.18763796909492272
19890,0.20394736842105263
19891,0.039301310043668124
19892,0.3619047619047619
19893,0.039301310043668124
19894,0.012114989733059548
19895,0.5698478561549101
19896,0.012114989733059548
19897,0.5698478561549101
19898,0.012114989733059548
19899,0.039301310043668124
19900,0.08217054263565891
19901,0.18763796909492272
19902,0.012114989733059548
19903,0.08217054263565891
19904,0.012114989733059548
19905,0.012114989733059548
19906,0.039301310043668124
19907,0.012114989733059548
19908,0.012114989733059548
19909,0.18763796909492272
19910,0.7704918032786885
19911,0.3619047619047619
19912,0.012114989733059548
19913,0.012114989733059548
19914,0.0594855305466238
19915,0.5698478561549101
19916,0.012114989733059548
19917,0.012114989733059548
19918,0.012114989733059548
19919,0.012114989733059548
19920,0.012114989733059548
19921,0.039301310043668124
19922,0.3619047619047619
19923,0.039301310043668124
19924,0.3619047619047619
19925,0.20394736842105263
19926,0.3619047619047619
19927,0.3619047619047619
19928,0.012114989733059548
19929,0.039301310043668124
19930,0.039301310043668124
19931,0.012114989733059548
19932,0.08217054263565891
19933,0.012114989733059548
19934,0.0594855305466238
19935,0.0594855305466238
19936,0.012114989733059548
19937,0.18763796909492272
19938,0.012114989733059548
19939,0.012114989733059548
19940,0.012114989733059548
19941,0.012114989733059548
19942,0.012114989733059548
19943,0.012114989733059548
19944,0.012114989733059548
19945,0.039301310043668124
19946,0.012114989733059548
19947,0.012114989733059548
19948,0.08217054263565891
19949,0.012114989733059548
19950,0.18763796909492272
19951,0.5698478561549101
19952,0.012114989733059548
19953,0.20394736842105263
19954,0.08217054263565891
19955,0.039301310043668124
19956,0.18763796909492272
19957,0.012114989733059548
19958,0.012114989733059548
19959,0.08217054263565891
19960,0.039301310043668124
19961,0.012114989733059548
19962,0.0594855305466238
19963,0.012114989733059548
19964,0.012114989733059548
19965,0.012114989733059548
19966,0.039301310043668124
19967,0.039301310043668124
19968,0.5698478561549101
19969,0.5698478561549101
19970,0.039301310043668124
19971,0.012114989733059548
19972,0.012114989733059548
19973,0.9664082687338501
19974,0.012114989733059548
19975,0.9664082687338501
19976,0.039301310043668124
19977,0.012114989733059548
19978,0.012114989733059548
19979,0.7704918032786885
19980,0.18763796909492272
19981,0.012114989733059548
19982,0.012114989733059548
19983,0.7704918032786885
19984,0.3619047619047619
19985,0.039301310043668124
19986,0.012114989733059548
19987,1.0
19988,0.012114989733059548
19989,0.012114989733059548
19990,0.20394736842105263
19991,0.012114989733059548
19992,0.9664082687338501
19993,0.039301310043668124
19994,0.08217054263565891
19995,0.18763796909492272
19996,0.0594855305466238
19997,0.012114989733059548
19998,0.012114989733059548
19999,0.012114989733059548
20000,0.012114989733059548
20001,0.012114989733059548
20002,0.18763796909492272
20003,0.08217054263565891
20004,0.08217054263565891
20005,0.5698478561549101
20006,0.9664082687338501
20007,0.5698478561549101
20008,0.3619047619047619
20009,0.012114989733059548
20010,0.012114989733059548
20011,0.0594855305466238
20012,0.012114989733059548
20013,0.012114989733059548
20014,0.18763796909492272
20015,0.012114989733059548
20016,0.0594855305466238
20017,0.012114989733059548
20018,0.012114989733059548
20019,0.0594855305466238
20020,0.012114989733059548
20021,0.012114989733059548
20022,0.08217054263565891
20023,0.039301310043668124
20024,0.012114989733059548
20025,0.012114989733059548
20026,0.012114989733059548
20027,0.9664082687338501
20028,0.012114989733059548
20029,0.5698478561549101
20030,0.08217054263565891
20031,0.012114989733059548
20032,0.039301310043668124
20033,0.7704918032786885
20034,0.0594855305466238
20035,0.18763796909492272
20036,0.012114989733059548
20037,0.18763796909492272
20038,1.0
20039,0.3619047619047619
20040,0.012114989733059548
20041,0.012114989733059548
20042,0.012114989733059548
20043,0.012114989733059548
20044,0.012114989733059548
20045,0.5698478561549101
20046,0.5698478561549101
20047,1.0
20048,0.012114989733059548
20049,0.5698478561549101
20050,0.5698478561549101
20051,0.012114989733059548
20052,0.012114989733059548
20053,1.0
20054,0.012114989733059548
20055,0.18763796909492272
20056,0.012114989733059548
20057,0.039301310043668124
20058,0.3619047619047619
20059,0.18763796909492272
20060,0.012114989733059548
20061,0.012114989733059548
20062,0.039301310043668124
20063,0.012114989733059548
20064,0.012114989733059548
20065,0.3619047619047619
20066,0.039301310043668124
20067,0.039301310043668124
20068,0.039301310043668124
20069,0.7704918032786885
20070,0.0594855305466238
20071,0.0594855305466238
20072,0.18763796909492272
20073,0.18763796909492272
20074,0.012114989733059548
20075,0.012114989733059548
20076,0.5698478561549101
20077,0.18763796909492272
20078,0.0594855305466238
20079,0.012114989733059548
20080,0.039301310043668124
20081,0.5698478561549101
20082,0.039301310043668124
20083,0.18763796909492272
20084,0.9664082687338501
20085,0.012114989733059548
20086,0.012114989733059548
20087,0.012114989733059548
20088,0.012114989733059548
20089,0.012114989733059548
20090,0.20394736842105263
20091,0.3619047619047619
20092,0.012114989733059548
20093,0.18763796909492272
20094,0.3619047619047619
20095,0.3619047619047619
20096,0.3619047619047619
20097,0.5698478561549101
20098,0.012114989733059548
20099,0.012114989733059548
20100,0.9664082687338501
20101,0.3619047619047619
20102,0.039301310043668124
20103,0.012114989733059548
20104,0.5698478561549101
20105,0.012114989733059548
20106,0.012114989733059548
20107,0.5698478561549101
20108,0.012114989733059548
20109,1.0
20110,0.3619047619047619
20111,0.039301310043668124
20112,0.012114989733059548
20113,0.012114989733059548
20114,0.7704918032786885
20115,0.7704918032786885
20116,0.3619047619047619
20117,0.012114989733059548
20118,0.012114989733059548
20119,0.3619047619047619
20120,0.012114989733059548
20121,0.012114989733059548
20122,0.039301310043668124
20123,0.039301310043668124
20124,0.18763796909492272
20125,0.20394736842105263
20126,0.08217054263565891
20127,0.08217054263565891
20128,0.9664082687338501
20129,0.18763796909492272
20130,0.18763796909492272
20131,0.012114989733059548
20132,0.039301310043668124
20133,0.012114989733059548
20134,0.039301310043668124
20135,0.8596491228070176
20136,0.012114989733059548
20137,0.012114989733059548
20138,0.9664082687338501
20139,0.012114989733059548
20140,0.5698478561549101
20141,0.012114989733059548
20142,0.012114989733059548
20143,0.0594855305466238
20144,0.039301310043668124
20145,0.012114989733059548
20146,0.039301310043668124
20147,0.20394736842105263
20148,0.012114989733059548
20149,0.5698478561549101
20150,0.012114989733059548
20151,0.9664082687338501
20152,0.012114989733059548
20153,0.20394736842105263
20154,0.012114989733059548
20155,0.039301310043668124
20156,0.012114989733059548
20157,0.0594855305466238
20158,0.012114989733059548
20159,0.039301310043668124
20160,0.9664082687338501
20161,0.0594855305466238
20162,0.012114989733059548
20163,0.012114989733059548
20164,0.3619047619047619
20165,0.012114989733059548
20166,0.012114989733059548
20167,0.5698478561549101
20168,0.012114989733059548
20169,0.012114989733059548
20170,0.012114989733059548
20171,0.7704918032786885
20172,0.5698478561549101
20173,0.9664082687338501
20174,0.039301310043668124
20175,0.3619047619047619
20176,0.0594855305466238
20177,0.012114989733059548
20178,0.012114989733059548
20179,0.039301310043668124
20180,0.012114989733059548
20181,0.012114989733059548
20182,0.08217054263565891
20183,0.012114989733059548
20184,0.7704918032786885
20185,0.18763796909492272
20186,0.012114989733059548
20187,0.012114989733059548
20188,0.3619047619047619
20189,0.18763796909492272
20190,0.5698478561549101
20191,0.012114989733059548
20192,0.7704918032786885
20193,0.18763796909492272
20194,0.012114989733059548
20195,0.7704918032786885
20196,0.012114989733059548
20197,0.012114989733059548
20198,0.012114989733059548
20199,0.012114989733059548
20200,0.012114989733059548
20201,0.5698478561549101
20202,0.012114989733059548
20203,0.18763796909492272
20204,0.039301310043668124
20205,0.012114989733059548
20206,0.039301310043668124
20207,1.0
20208,0.012114989733059548
20209,0.012114989733059548
20210,0.012114989733059548
20211,0.012114989733059548
20212,0.9664082687338501
20213,0.012114989733059548
20214,0.20394736842105263
20215,0.3619047619047619
20216,0.012114989733059548
20217,0.012114989733059548
20218,0.08217054263565891
20219,0.9664082687338501
20220,0.18763796909492272
20221,0.3619047619047619
20222,0.012114989733059548
20223,0.18763796909492272
20224,0.039301310043668124
20225,0.18763796909492272
20226,0.012114989733059548
20227,0.20394736842105263
20228,0.9664082687338501
20229,0.039301310043668124
20230,0.012114989733059548
20231,0.5698478561549101
20232,0.5698478561549101
20233,0.0594855305466238
20234,0.012114989733059548
20235,0.08217054263565891
20236,0.20394736842105263
20237,0.5698478561549101
20238,0.20394736842105263
20239,0.012114989733059548
20240,0.012114989733059548
20241,0.012114989733059548
20242,0.012114989733059548
20243,0.012114989733059548
20244,0.012114989733059548
20245,0.5698478561549101
20246,0.9664082687338501
20247,0.012114989733059548
20248,0.012114989733059548
20249,0.3619047619047619
20250,0.039301310043668124
20251,0.012114989733059548
20252,0.012114989733059548
20253,0.012114989733059548
20254,0.039301310043668124
20255,0.3619047619047619
20256,0.7704918032786885
20257,0.7704918032786885
20258,0.18763796909492272
20259,0.20394736842105263
20260,0.012114989733059548
20261,0.18763796909492272
20262,0.039301310043668124
20263,1.0
20264,0.18763796909492272
20265,0.039301310043668124
20266,0.7704918032786885
20267,0.3619047619047619
20268,0.0594855305466238
20269,0.18763796909492272
20270,0.039301310043668124
20271,0.18763796909492272
20272,0.012114989733059548
20273,0.039301310043668124
20274,0.0594855305466238
20275,0.012114989733059548
20276,0.3619047619047619
20277,0.7704918032786885
20278,0.039301310043668124
20279,0.3619047619047619
20280,0.012114989733059548
20281,0.08217054263565891
20282,0.012114989733059548
20283,0.5698478561549101
20284,0.012114989733059548
20285,0.7704918032786885
20286,0.012114989733059548
20287,0.012114989733059548
20288,0.012114989733059548
20289,0.7704918032786885
20290,0.012114989733059548
20291,0.012114989733059548
20292,0.7704918032786885
20293,0.7704918032786885
20294,0.012114989733059548
20295,0.0594855305466238
20296,0.039301310043668124
20297,0.08217054263565891
20298,0.012114989733059548
20299,0.7704918032786885
20300,0.039301310043668124
20301,0.012114989733059548
20302,0.9664082687338501
20303,0.012114989733059548
20304,0.20394736842105263
20305,0.012114989733059548
20306,0.012114989733059548
20307,0.08217054263565891
20308,0.18763796909492272
20309,0.3619047619047619
20310,0.012114989733059548
20311,0.012114989733059548
20312,0.012114989733059548
20313,0.012114989733059548
20314,0.5698478561549101
20315,0.9664082687338501
20316,0.039301310043668124
20317,0.012114989733059548
20318,0.039301310043668124
20319,0.7704918032786885
20320,0.7704918032786885
20321,0.039301310043668124
20322,0.18763796909492272
20323,0.012114989733059548
20324,0.7704918032786885
20325,0.012114989733059548
20326,0.20394736842105263
20327,0.039301310043668124
20328,0.012114989733059548
20329,0.039301310043668124
20330,0.3619047619047619
20331,0.8933333333333333
20332,0.7704918032786885
20333,0.039301310043668124
20334,0.9664082687338501
20335,0.7704918032786885
20336,0.039301310043668124
20337,0.012114989733059548
20338,0.039301310043668124
20339,0.5698478561549101
20340,0.012114989733059548
20341,0.18763796909492272
20342,0.012114989733059548
20343,0.8596491228070176
20344,0.012114989733059548
20345,0.8596491228070176
20346,0.18763796909492272
20347,0.012114989733059548
20348,0.3619047619047619
20349,0.012114989733059548
20350,0.0594855305466238
20351,0.18763796909492272
20352,0.0594855305466238
20353,0.012114989733059548
20354,0.18763796909492272
20355,0.012114989733059548
20356,0.012114989733059548
20357,0.5698478561549101
20358,0.012114989733059548
20359,0.039301310043668124
20360,0.039301310043668124
20361,0.012114989733059548
20362,0.012114989733059548
20363,0.012114989733059548
20364,0.9664082687338501
20365,0.012114989733059548
20366,0.012114989733059548
20367,0.039301310043668124
20368,0.012114989733059548
20369,0.0594855305466238
20370,0.039301310043668124
20371,0.08217054263565891
20372,0.0594855305466238
20373,0.08217054263565891
20374,0.012114989733059548
20375,0.012114989733059548
20376,0.0594855305466238
20377,0.8933333333333333
20378,0.012114989733059548
20379,0.039301310043668124
20380,0.012114989733059548
20381,0.7704918032786885
20382,0.012114989733059548
20383,0.9664082687338501
20384,0.012114989733059548
20385,0.012114989733059548
20386,0.012114989733059548
20387,0.0594855305466238
20388,0.012114989733059548
20389,0.0594855305466238
20390,0.5698478561549101
20391,0.20394736842105263
20392,0.08217054263565891
20393,0.08217054263565891
20394,0.8933333333333333
20395,0.012114989733059548
20396,0.18763796909492272
20397,0.012114989733059548
20398,0.9664082687338501
20399,0.012114989733059548
20400,0.18763796909492272
20401,1.0
20402,0.9664082687338501
20403,0.012114989733059548
20404,0.012114989733059548
20405,0.012114989733059548
20406,0.039301310043668124
20407,0.3619047619047619
20408,0.5698478561549101
20409,0.5698478561549101
20410,0.5698478561549101
20411,0.039301310043668124
20412,0.012114989733059548
20413,0.039301310043668124
20414,0.9664082687338501
20415,0.7704918032786885
20416,0.012114989733059548
20417,0.012114989733059548
20418,0.012114989733059548
20419,0.012114989733059548
20420,0.012114989733059548
20421,0.20394736842105263
20422,0.012114989733059548
20423,0.039301310043668124
20424,0.0594855305466238
20425,0.012114989733059548
20426,0.7704918032786885
20427,0.012114989733059548
20428,0.9664082687338501
20429,0.18763796909492272
20430,0.012114989733059548
20431,0.012114989733059548
20432,0.18763796909492272
20433,0.012114989733059548
20434,0.039301310043668124
20435,0.012114989733059548
20436,0.012114989733059548
20437,0.7704918032786885
20438,0.7704918032786885
20439,0.039301310043668124
20440,0.012114989733059548
20441,0.039301310043668124
20442,0.012114989733059548
20443,0.20394736842105263
20444,0.20394736842105263
20445,0.18763796909492272
20446,0.012114989733059548
20447,0.7704918032786885
20448,0.08217054263565891
20449,0.8933333333333333
20450,0.7704918032786885
20451,0.9664082687338501
20452,0.08217054263565891
20453,0.012114989733059548
20454,0.039301310043668124
20455,0.012114989733059548
20456,0.012114989733059548
20457,0.012114989733059548
20458,0.3619047619047619
20459,0.7704918032786885
20460,0.5698478561549101
20461,0.012114989733059548
20462,0.012114989733059548
20463,0.3619047619047619
20464,0.012114989733059548
20465,0.012114989733059548
20466,0.012114989733059548
20467,0.7704918032786885
20468,0.039301310043668124
20469,0.3619047619047619
20470,0.012114989733059548
20471,0.039301310043668124
20472,0.0594855305466238
20473,0.012114989733059548
20474,0.012114989733059548
20475,0.012114989733059548
20476,0.18763796909492272
20477,0.8596491228070176
20478,0.012114989733059548
20479,0.5698478561549101
20480,0.18763796909492272
20481,0.3619047619047619
20482,0.5698478561549101
20483,0.012114989733059548
20484,0.012114989733059548
20485,0.012114989733059548
20486,0.08217054263565891
20487,0.3619047619047619
20488,0.012114989733059548
20489,0.8933333333333333
20490,1.0
20491,0.18763796909492272
20492,0.039301310043668124
20493,0.08217054263565891
20494,0.08217054263565891
20495,0.012114989733059548
20496,0.012114989733059548
20497,0.012114989733059548
20498,0.039301310043668124
20499,0.7704918032786885
20500,0.012114989733059548
20501,0.012114989733059548
20502,0.039301310043668124
20503,0.039301310043668124
20504,0.012114989733059548
20505,0.7704918032786885
20506,0.012114989733059548
20507,0.08217054263565891
20508,0.3619047619047619
20509,0.7704918032786885
20510,0.039301310043668124
20511,0.012114989733059548
20512,0.9664082687338501
20513,0.5698478561549101
20514,0.012114989733059548
20515,0.3619047619047619
20516,0.012114989733059548
20517,0.012114989733059548
20518,0.012114989733059548
20519,0.039301310043668124
20520,0.012114989733059548
20521,0.5698478561549101
20522,0.012114989733059548
20523,0.0594855305466238
20524,0.08217054263565891
20525,0.0594855305466238
20526,0.012114989733059548
20527,0.039301310043668124
20528,0.039301310043668124
20529,0.039301310043668124
20530,0.0594855305466238
20531,0.012114989733059548
20532,0.3619047619047619
20533,0.08217054263565891
20534,0.012114989733059548
20535,0.3619047619047619
20536,0.012114989733059548
20537,0.7704918032786885
20538,0.0594855305466238
20539,0.0594855305466238
20540,0.7704918032786885
20541,0.012114989733059548
20542,0.0594855305466238
20543,0.0594855305466238
20544,0.5698478561549101
20545,0.08217054263565891
20546,0.012114989733059548
20547,0.20394736842105263
20548,0.7704918032786885
20549,0.3619047619047619
20550,0.20394736842105263
20551,0.012114989733059548
20552,0.18763796909492272
20553,0.012114989733059548
20554,0.08217054263565891
20555,0.012114989733059548
20556,0.012114989733059548
20557,0.20394736842105263
20558,0.012114989733059548
20559,0.012114989733059548
20560,0.012114989733059548
20561,0.012114989733059548
20562,0.012114989733059548
20563,0.012114989733059548
20564,0.18763796909492272
20565,0.08217054263565891
20566,0.18763796909492272
20567,0.039301310043668124
20568,0.012114989733059548
20569,0.039301310043668124
20570,0.20394736842105263
20571,0.012114989733059548
20572,0.18763796909492272
20573,0.012114989733059548
20574,0.3619047619047619
20575,0.012114989733059548
20576,0.18763796909492272
20577,0.18763796909492272
20578,0.7704918032786885
20579,0.012114989733059548
20580,0.012114989733059548
20581,0.039301310043668124
20582,0.08217054263565891
20583,0.3619047619047619
20584,0.012114989733059548
20585,0.012114989733059548
20586,0.012114989733059548
20587,0.012114989733059548
20588,0.012114989733059548
20589,0.8933333333333333
20590,0.5698478561549101
20591,0.0594855305466238
20592,0.5698478561549101
20593,0.012114989733059548
20594,0.012114989733059548
20595,0.012114989733059548
20596,0.0594855305466238
20597,0.039301310043668124
20598,0.5698478561549101
20599,0.08217054263565891
20600,0.20394736842105263
20601,0.012114989733059548
20602,0.3619047619047619
20603,0.0594855305466238
20604,0.012114989733059548
20605,0.012114989733059548
20606,0.18763796909492272
20607,0.012114989733059548
20608,0.9664082687338501
20609,0.7704918032786885
20610,0.5698478561549101
20611,0.08217054263565891
20612,0.012114989733059548
20613,0.18763796909492272
20614,1.0
20615,0.5698478561549101
20616,0.039301310043668124
20617,0.012114989733059548
20618,0.039301310043668124
20619,0.012114989733059548
20620,0.18763796909492272
20621,0.012114989733059548
20622,0.012114989733059548
20623,0.012114989733059548
20624,0.3619047619047619
20625,0.039301310043668124
20626,0.012114989733059548
20627,0.012114989733059548
20628,0.3619047619047619
20629,0.5698478561549101
20630,0.039301310043668124
20631,0.012114989733059548
20632,0.08217054263565891
20633,0.012114989733059548
20634,0.5698478561549101
20635,0.012114989733059548
20636,0.012114989733059548
20637,0.18763796909492272
20638,0.039301310043668124
20639,0.039301310043668124
20640,0.5698478561549101
20641,0.18763796909492272
20642,0.012114989733059548
20643,0.039301310043668124
20644,0.3619047619047619
20645,0.039301310043668124
20646,0.012114989733059548
20647,0.039301310043668124
20648,0.18763796909492272
20649,0.012114989733059548
20650,0.08217054263565891
20651,0.20394736842105263
20652,0.039301310043668124
20653,0.5698478561549101
20654,0.5698478561549101
20655,0.012114989733059548
20656,0.5698478561549101
20657,0.20394736842105263
20658,0.012114989733059548
20659,0.7704918032786885
20660,0.20394736842105263
20661,0.012114989733059548
20662,0.012114989733059548
20663,0.18763796909492272
20664,0.012114989733059548
20665,0.012114989733059548
20666,0.08217054263565891
20667,0.012114989733059548
20668,0.012114989733059548
20669,0.08217054263565891
20670,1.0
20671,0.012114989733059548
20672,0.7704918032786885
20673,0.039301310043668124
20674,0.012114989733059548
20675,0.012114989733059548
20676,0.0594855305466238
20677,0.039301310043668124
20678,0.012114989733059548
20679,0.012114989733059548
20680,0.5698478561549101
20681,0.012114989733059548
20682,0.5698478561549101
20683,0.8933333333333333
20684,0.012114989733059548
20685,0.039301310043668124
20686,0.012114989733059548
20687,0.08217054263565891
20688,0.5698478561549101
20689,0.8596491228070176
20690,0.012114989733059548
20691,0.012114989733059548
20692,0.18763796909492272
20693,0.18763796909492272
20694,0.012114989733059548
20695,0.012114989733059548
20696,0.012114989733059548
20697,0.9664082687338501
20698,0.012114989733059548
20699,0.012114989733059548
20700,0.012114989733059548
20701,0.7704918032786885
20702,0.039301310043668124
20703,0.5698478561549101
20704,0.012114989733059548
20705,0.3619047619047619
20706,0.012114989733059548
20707,0.012114989733059548
20708,0.18763796909492272
20709,0.039301310043668124
20710,0.3619047619047619
20711,0.18763796909492272
20712,0.20394736842105263
20713,0.7704918032786885
20714,0.5698478561549101
20715,0.012114989733059548
20716,0.039301310043668124
20717,0.18763796909492272
20718,0.18763796909492272
20719,0.012114989733059548
20720,0.18763796909492272
20721,0.0594855305466238
20722,0.039301310043668124
20723,0.012114989733059548
20724,0.039301310043668124
20725,0.012114989733059548
20726,0.012114989733059548
20727,0.9664082687338501
20728,0.3619047619047619
20729,0.012114989733059548
20730,0.012114989733059548
20731,0.0594855305466238
20732,0.039301310043668124
20733,0.9664082687338501
20734,0.039301310043668124
20735,0.3619047619047619
20736,0.012114989733059548
20737,0.20394736842105263
20738,0.5698478561549101
20739,0.012114989733059548
20740,0.012114989733059548
20741,0.20394736842105263
20742,0.012114989733059548
20743,0.012114989733059548
20744,0.5698478561549101
20745,0.7704918032786885
20746,0.012114989733059548
20747,0.012114989733059548
20748,0.20394736842105263
20749,0.012114989733059548
20750,0.18763796909492272
20751,0.9664082687338501
20752,0.012114989733059548
20753,0.18763796909492272
20754,0.18763796909492272
20755,0.0594855305466238
20756,0.039301310043668124
20757,0.0594855305466238
20758,0.039301310043668124
20759,0.039301310043668124
20760,0.012114989733059548
20761,0.08217054263565891
20762,0.039301310043668124
20763,0.012114989733059548
20764,0.7704918032786885
20765,0.039301310043668124
20766,0.0594855305466238
20767,0.20394736842105263
20768,0.012114989733059548
20769,0.012114989733059548
20770,0.012114989733059548
20771,0.18763796909492272
20772,0.012114989733059548
20773,0.012114989733059548
20774,0.039301310043668124
20775,0.012114989733059548
20776,0.08217054263565891
20777,0.012114989733059548
20778,0.039301310043668124
20779,0.5698478561549101
20780,0.9664082687338501
20781,0.012114989733059548
20782,0.0594855305466238
20783,0.5698478561549101
20784,0.012114989733059548
20785,0.012114989733059548
20786,0.9664082687338501
20787,0.012114989733059548
20788,0.5698478561549101
20789,0.5698478561549101
20790,0.039301310043668124
20791,0.5698478561549101
20792,0.012114989733059548
20793,0.012114989733059548
20794,0.012114989733059548
20795,0.18763796909492272
20796,0.7704918032786885
20797,0.20394736842105263
20798,0.012114989733059548
20799,0.08217054263565891
20800,0.20394736842105263
20801,0.5698478561549101
20802,0.18763796909492272
20803,0.5698478561549101
20804,0.18763796909492272
20805,0.039301310043668124
20806,0.7704918032786885
20807,0.012114989733059548
20808,0.0594855305466238
20809,0.18763796909492272
20810,0.039301310043668124
20811,0.039301310043668124
20812,0.3619047619047619
20813,0.012114989733059548
20814,0.039301310043668124
20815,0.3619047619047619
20816,0.18763796909492272
20817,0.012114989733059548
20818,0.012114989733059548
20819,0.012114989733059548
20820,0.20394736842105263
20821,0.5698478561549101
20822,0.039301310043668124
20823,0.012114989733059548
20824,0.012114989733059548
20825,0.039301310043668124
20826,0.012114989733059548
20827,0.039301310043668124
20828,0.012114989733059548
20829,0.18763796909492272
20830,0.3619047619047619
20831,0.3619047619047619
20832,0.012114989733059548
20833,0.7704918032786885
20834,0.7704918032786885
20835,0.012114989733059548
20836,0.7704918032786885
20837,0.0594855305466238
20838,0.012114989733059548
20839,0.08217054263565891
20840,0.012114989733059548
20841,0.18763796909492272
20842,0.5698478561549101
20843,0.039301310043668124
20844,0.012114989733059548
20845,0.7704918032786885
20846,0.012114989733059548
20847,0.039301310043668124
20848,0.012114989733059548
20849,0.012114989733059548
20850,0.039301310043668124
20851,0.0594855305466238
20852,0.9664082687338501
20853,0.3619047619047619
20854,0.012114989733059548
20855,0.3619047619047619
20856,0.3619047619047619
20857,0.7704918032786885
20858,0.9664082687338501
20859,0.08217054263565891
20860,0.039301310043668124
20861,0.012114989733059548
20862,0.039301310043668124
20863,0.3619047619047619
20864,0.012114989733059548
20865,0.039301310043668124
20866,0.012114989733059548
20867,0.012114989733059548
20868,0.7704918032786885
20869,0.012114989733059548
20870,0.012114989733059548
20871,0.012114989733059548
20872,0.012114989733059548
20873,0.039301310043668124
20874,0.8596491228070176
20875,0.5698478561549101
20876,0.5698478561549101
20877,0.039301310043668124
20878,0.039301310043668124
20879,0.012114989733059548
20880,0.012114989733059548
20881,0.039301310043668124
20882,0.5698478561549101
20883,0.039301310043668124
20884,0.012114989733059548
20885,0.039301310043668124
20886,0.3619047619047619
20887,0.012114989733059548
20888,0.5698478561549101
20889,0.039301310043668124
20890,0.18763796909492272
20891,0.039301310043668124
20892,0.18763796909492272
20893,0.3619047619047619
20894,0.012114989733059548
20895,0.039301310043668124
20896,0.5698478561549101
20897,0.012114989733059548
20898,0.3619047619047619
20899,0.20394736842105263
20900,0.039301310043668124
20901,0.012114989733059548
20902,0.039301310043668124
20903,0.5698478561549101
20904,0.012114989733059548
20905,0.012114989733059548
20906,0.18763796909492272
20907,0.012114989733059548
20908,0.012114989733059548
20909,0.012114989733059548
20910,0.20394736842105263
20911,0.5698478561549101
20912,0.012114989733059548
20913,0.9664082687338501
20914,0.7704918032786885
20915,0.0594855305466238
20916,0.012114989733059548
20917,0.039301310043668124
20918,0.039301310043668124
20919,0.012114989733059548
20920,0.039301310043668124
20921,0.012114989733059548
20922,0.7704918032786885
20923,0.012114989733059548
20924,0.9664082687338501
20925,0.039301310043668124
20926,1.0
20927,0.0594855305466238
20928,0.039301310043668124
20929,0.5698478561549101
20930,0.012114989733059548
20931,0.012114989733059548
20932,0.012114989733059548
20933,0.012114989733059548
20934,0.08217054263565891
20935,0.039301310043668124
20936,0.7704918032786885
20937,0.012114989733059548
20938,0.012114989733059548
20939,0.012114989733059548
20940,0.18763796909492272
20941,0.012114989733059548
20942,0.012114989733059548
20943,0.08217054263565891
20944,0.5698478561549101
20945,0.08217054263565891
20946,0.9664082687338501
20947,0.012114989733059548
20948,0.039301310043668124
20949,0.18763796909492272
20950,0.0594855305466238
20951,0.039301310043668124
20952,0.5698478561549101
20953,0.3619047619047619
20954,0.039301310043668124
20955,0.08217054263565891
20956,0.012114989733059548
20957,0.3619047619047619
20958,0.0594855305466238
20959,0.5698478561549101
20960,0.18763796909492272
20961,0.012114989733059548
20962,0.039301310043668124
20963,0.012114989733059548
20964,0.039301310043668124
20965,0.012114989733059548
20966,0.3619047619047619
20967,0.18763796909492272
20968,0.039301310043668124
20969,0.012114989733059548
20970,0.012114989733059548
20971,0.012114989733059548
20972,0.012114989733059548
20973,0.012114989733059548
20974,0.012114989733059548
20975,0.18763796909492272
20976,0.012114989733059548
20977,0.3619047619047619
20978,0.18763796909492272
20979,0.039301310043668124
20980,0.7704918032786885
20981,0.039301310043668124
20982,0.012114989733059548
20983,0.012114989733059548
20984,0.012114989733059548
20985,0.012114989733059548
20986,0.20394736842105263
20987,0.9664082687338501
20988,0.7704918032786885
20989,0.18763796909492272
20990,0.7704918032786885
20991,1.0
20992,0.18763796909492272
20993,0.012114989733059548
20994,0.012114989733059548
20995,0.08217054263565891
20996,0.039301310043668124
20997,0.18763796909492272
20998,0.039301310043668124
20999,0.012114989733059548
21000,0.9664082687338501
21001,0.012114989733059548
21002,0.7704918032786885
21003,0.012114989733059548
21004,0.039301310043668124
21005,0.012114989733059548
21006,0.7704918032786885
21007,0.012114989733059548
21008,0.012114989733059548
21009,0.0594855305466238
21010,0.7704918032786885
21011,0.012114989733059548
21012,0.039301310043668124
21013,0.012114989733059548
21014,0.18763796909492272
21015,0.18763796909492272
21016,0.18763796909492272
21017,0.012114989733059548
21018,0.012114989733059548
21019,0.012114989733059548
21020,0.039301310043668124
21021,0.039301310043668124
21022,0.7704918032786885
21023,0.08217054263565891
21024,0.3619047619047619
21025,0.039301310043668124
21026,0.18763796909492272
21027,0.9664082687338501
21028,0.5698478561549101
21029,0.012114989733059548
21030,0.18763796909492272
21031,0.5698478561549101
21032,0.012114989733059548
21033,0.7704918032786885
21034,0.8933333333333333
21035,0.012114989733059548
21036,0.7704918032786885
21037,0.18763796909492272
21038,0.012114989733059548
21039,0.7704918032786885
21040,0.012114989733059548
21041,0.18763796909492272
21042,0.20394736842105263
21043,0.012114989733059548
21044,0.5698478561549101
21045,0.012114989733059548
21046,0.039301310043668124
21047,0.7704918032786885
21048,0.08217054263565891
21049,0.9664082687338501
21050,0.012114989733059548
21051,0.3619047619047619
21052,0.012114989733059548
21053,0.08217054263565891
21054,0.8596491228070176
21055,0.012114989733059548
21056,0.039301310043668124
21057,0.9664082687338501
21058,0.012114989733059548
21059,0.5698478561549101
21060,0.7704918032786885
21061,0.039301310043668124
21062,0.012114989733059548
21063,0.039301310043668124
21064,0.5698478561549101
21065,0.18763796909492272
21066,0.012114989733059548
21067,0.012114989733059548
21068,0.039301310043668124
21069,0.039301310043668124
21070,0.012114989733059548
21071,0.5698478561549101
21072,0.012114989733059548
21073,0.20394736842105263
21074,0.012114989733059548
21075,0.012114989733059548
21076,0.012114989733059548
21077,0.039301310043668124
21078,0.18763796909492272
21079,0.7704918032786885
21080,0.012114989733059548
21081,1.0
21082,0.012114989733059548
21083,0.039301310043668124
21084,0.5698478561549101
21085,0.012114989733059548
21086,0.08217054263565891
21087,0.3619047619047619
21088,0.18763796909492272
21089,0.039301310043668124
21090,0.0594855305466238
21091,0.012114989733059548
21092,0.18763796909492272
21093,0.012114989733059548
21094,0.012114989733059548
21095,0.3619047619047619
21096,0.012114989733059548
21097,0.039301310043668124
21098,0.0594855305466238
21099,0.039301310043668124
21100,0.039301310043668124
21101,0.012114989733059548
21102,0.012114989733059548
21103,0.039301310043668124
21104,0.3619047619047619
21105,0.012114989733059548
21106,0.5698478561549101
21107,0.012114989733059548
21108,0.18763796909492272
21109,0.9664082687338501
21110,0.5698478561549101
21111,1.0
21112,0.012114989733059548
21113,0.012114989733059548
21114,0.9664082687338501
21115,0.039301310043668124
21116,0.9664082687338501
21117,0.18763796909492272
21118,0.012114989733059548
21119,0.7704918032786885
21120,0.012114989733059548
21121,0.08217054263565891
21122,0.0594855305466238
21123,0.20394736842105263
21124,0.012114989733059548
21125,0.039301310043668124
21126,0.012114989733059548
21127,0.012114989733059548
21128,0.012114989733059548
21129,0.039301310043668124
21130,0.7704918032786885
21131,0.5698478561549101
21132,0.08217054263565891
21133,0.039301310043668124
21134,0.012114989733059548
21135,0.7704918032786885
21136,0.0594855305466238
21137,0.012114989733059548
21138,0.012114989733059548
21139,0.012114989733059548
21140,0.5698478561549101
21141,0.012114989733059548
21142,0.012114989733059548
21143,0.039301310043668124
21144,0.012114989733059548
21145,0.012114989733059548
21146,0.20394736842105263
21147,0.039301310043668124
21148,0.18763796909492272
21149,0.012114989733059548
21150,0.012114989733059548
21151,0.7704918032786885
21152,0.012114989733059548
21153,0.039301310043668124
21154,0.012114989733059548
21155,0.012114989733059548
21156,0.5698478561549101
21157,0.20394736842105263
21158,0.3619047619047619
21159,0.012114989733059548
21160,0.012114989733059548
21161,0.012114989733059548
21162,0.012114989733059548
21163,0.5698478561549101
21164,0.012114989733059548
21165,0.18763796909492272
21166,0.9664082687338501
21167,0.08217054263565891
21168,0.012114989733059548
21169,0.7704918032786885
21170,0.3619047619047619
21171,0.18763796909492272
21172,0.18763796909492272
21173,0.012114989733059548
21174,1.0
21175,0.18763796909492272
21176,0.012114989733059548
21177,0.5698478561549101
21178,0.3619047619047619
21179,0.012114989733059548
21180,0.8596491228070176
21181,0.08217054263565891
21182,0.012114989733059548
21183,0.0594855305466238
21184,0.5698478561549101
21185,0.18763796909492272
21186,0.012114989733059548
21187,0.012114989733059548
21188,0.012114989733059548
21189,0.012114989733059548
21190,0.012114989733059548
21191,0.7704918032786885
21192,0.08217054263565891
21193,0.20394736842105263
21194,1.0
21195,0.039301310043668124
21196,0.18763796909492272
21197,0.012114989733059548
21198,0.012114989733059548
21199,0.3619047619047619
21200,0.012114989733059548
21201,0.039301310043668124
21202,0.012114989733059548
21203,0.3619047619047619
21204,0.012114989733059548
21205,0.012114989733059548
21206,0.9664082687338501
21207,0.012114989733059548
21208,0.039301310043668124
21209,0.7704918032786885
21210,0.20394736842105263
21211,0.9664082687338501
21212,0.012114989733059548
21213,0.7704918032786885
21214,0.18763796909492272
21215,0.08217054263565891
21216,0.5698478561549101
21217,0.18763796909492272
21218,0.012114989733059548
21219,0.012114989733059548
21220,0.039301310043668124
21221,0.012114989733059548
21222,0.012114989733059548
21223,0.0594855305466238
21224,0.7704918032786885
21225,0.012114989733059548
21226,0.3619047619047619
21227,0.012114989733059548
21228,0.7704918032786885
21229,0.7704918032786885
21230,0.039301310043668124
21231,0.7704918032786885
21232,0.3619047619047619
21233,0.3619047619047619
21234,0.039301310043668124
21235,0.3619047619047619
21236,0.7704918032786885
21237,0.012114989733059548
21238,0.012114989733059548
21239,0.012114989733059548
21240,0.012114989733059548
21241,0.3619047619047619
21242,0.7704918032786885
21243,0.3619047619047619
21244,0.012114989733059548
21245,0.9664082687338501
21246,0.012114989733059548
21247,0.012114989733059548
21248,0.3619047619047619
21249,0.9664082687338501
21250,0.012114989733059548
21251,0.012114989733059548
21252,0.039301310043668124
21253,0.012114989733059548
21254,0.012114989733059548
21255,0.3619047619047619
21256,0.039301310043668124
21257,0.5698478561549101
21258,0.18763796909492272
21259,0.039301310043668124
21260,0.18763796909492272
21261,0.012114989733059548
21262,0.012114989733059548
21263,0.039301310043668124
21264,0.012114989733059548
21265,0.012114989733059548
21266,0.012114989733059548
21267,0.0594855305466238
21268,0.9664082687338501
21269,0.3619047619047619
21270,0.18763796909492272
21271,0.3619047619047619
21272,0.08217054263565891
21273,0.012114989733059548
21274,0.012114989733059548
21275,0.0594855305466238
21276,0.012114989733059548
21277,0.012114989733059548
21278,0.5698478561549101
21279,0.20394736842105263
21280,0.18763796909492272
21281,0.012114989733059548
21282,0.18763796909492272
21283,0.039301310043668124
21284,0.9664082687338501
21285,0.012114989733059548
21286,0.5698478561549101
21287,0.012114989733059548
21288,0.012114989733059548
21289,0.012114989733059548
21290,0.3619047619047619
21291,0.012114989733059548
21292,1.0
21293,0.012114989733059548
21294,0.18763796909492272
21295,0.20394736842105263
21296,0.012114989733059548
21297,1.0
21298,0.3619047619047619
21299,0.5698478561549101
21300,0.012114989733059548
21301,0.7704918032786885
21302,0.9664082687338501
21303,0.012114989733059548
21304,0.012114989733059548
21305,0.0594855305466238
21306,0.012114989733059548
21307,0.012114989733059548
21308,0.3619047619047619
21309,0.08217054263565891
21310,0.012114989733059548
21311,0.20394736842105263
21312,0.5698478561549101
21313,0.012114989733059548
21314,0.18763796909492272
21315,0.18763796909492272
21316,0.18763796909492272
21317,0.3619047619047619
21318,0.9664082687338501
21319,0.012114989733059548
21320,0.012114989733059548
21321,0.012114989733059548
21322,0.012114989733059548
21323,0.9664082687338501
21324,0.012114989733059548
21325,0.012114989733059548
21326,0.3619047619047619
21327,0.012114989733059548
21328,0.012114989733059548
21329,0.0594855305466238
21330,0.012114989733059548
21331,0.012114989733059548
21332,0.08217054263565891
21333,0.012114989733059548
21334,0.7704918032786885
21335,0.3619047619047619
21336,0.012114989733059548
21337,0.3619047619047619
21338,0.7704918032786885
21339,0.18763796909492272
21340,0.012114989733059548
21341,0.012114989733059548
21342,0.08217054263565891
21343,0.012114989733059548
21344,0.012114989733059548
21345,0.012114989733059548
21346,0.012114989733059548
21347,0.08217054263565891
21348,1.0
21349,0.012114989733059548
21350,0.039301310043668124
21351,0.7704918032786885
21352,0.012114989733059548
21353,0.7704918032786885
21354,0.012114989733059548
21355,0.012114989733059548
21356,0.012114989733059548
21357,0.012114989733059548
21358,0.5698478561549101
21359,0.7704918032786885
21360,0.20394736842105263
21361,1.0
21362,0.012114989733059548
21363,0.18763796909492272
21364,0.012114989733059548
21365,0.039301310043668124
21366,0.012114989733059548
21367,0.8596491228070176
21368,0.9664082687338501
21369,0.012114989733059548
21370,0.7704918032786885
21371,0.9664082687338501
21372,0.012114989733059548
21373,0.012114989733059548
21374,0.0594855305466238
21375,0.012114989733059548
21376,0.5698478561549101
21377,0.08217054263565891
21378,0.9664082687338501
21379,0.08217054263565891
21380,0.3619047619047619
21381,0.012114989733059548
21382,0.20394736842105263
21383,0.012114989733059548
21384,0.012114989733059548
21385,0.3619047619047619
21386,0.9664082687338501
21387,0.3619047619047619
21388,0.18763796909492272
21389,0.012114989733059548
21390,0.012114989733059548
21391,0.012114989733059548
21392,0.012114989733059548
21393,0.012114989733059548
21394,0.039301310043668124
21395,0.5698478561549101
21396,0.18763796909492272
21397,0.7704918032786885
21398,0.012114989733059548
21399,0.18763796909492272
21400,0.7704918032786885
21401,0.012114989733059548
21402,0.012114989733059548
21403,0.08217054263565891
21404,0.0594855305466238
21405,0.012114989733059548
21406,0.012114989733059548
21407,0.012114989733059548
21408,0.012114989733059548
21409,0.012114989733059548
21410,0.18763796909492272
21411,0.18763796909492272
21412,0.0594855305466238
21413,0.012114989733059548
21414,0.012114989733059548
21415,0.012114989733059548
21416,0.18763796909492272
21417,0.039301310043668124
21418,0.012114989733059548
21419,0.012114989733059548
21420,0.012114989733059548
21421,0.18763796909492272
21422,0.08217054263565891
21423,0.012114989733059548
21424,0.18763796909492272
21425,0.3619047619047619
21426,0.18763796909492272
21427,0.012114989733059548
21428,0.039301310043668124
21429,0.5698478561549101
21430,0.012114989733059548
21431,0.039301310043668124
21432,0.20394736842105263
21433,0.012114989733059548
21434,0.012114989733059548
21435,0.012114989733059548
21436,0.039301310043668124
21437,0.039301310043668124
21438,0.012114989733059548
21439,0.039301310043668124
21440,0.012114989733059548
21441,0.039301310043668124
21442,0.012114989733059548
21443,0.039301310043668124
21444,0.012114989733059548
21445,0.18763796909492272
21446,0.012114989733059548
21447,0.012114989733059548
21448,0.18763796909492272
21449,0.039301310043668124
21450,0.039301310043668124
21451,0.3619047619047619
21452,0.3619047619047619
21453,0.18763796909492272
21454,0.012114989733059548
21455,0.7704918032786885
21456,0.08217054263565891
21457,0.012114989733059548
21458,0.20394736842105263
21459,0.039301310043668124
21460,0.012114989733059548
21461,0.012114989733059548
21462,0.7704918032786885
21463,0.012114989733059548
21464,0.039301310043668124
21465,0.3619047619047619
21466,0.0594855305466238
21467,0.7704918032786885
21468,0.012114989733059548
21469,0.012114989733059548
21470,0.20394736842105263
21471,0.0594855305466238
21472,0.7704918032786885
21473,0.012114989733059548
21474,0.20394736842105263
21475,0.012114989733059548
21476,0.012114989733059548
21477,0.012114989733059548
21478,0.012114989733059548
21479,0.7704918032786885
21480,0.012114989733059548
21481,0.012114989733059548
21482,0.012114989733059548
21483,0.5698478561549101
21484,0.012114989733059548
21485,0.0594855305466238
21486,0.012114989733059548
21487,0.08217054263565891
21488,0.20394736842105263
21489,0.012114989733059548
21490,0.012114989733059548
21491,0.012114989733059548
21492,0.012114989733059548
21493,0.20394736842105263
21494,0.039301310043668124
21495,0.18763796909492272
21496,0.012114989733059548
21497,0.012114989733059548
21498,0.08217054263565891
21499,0.5698478561549101
21500,0.18763796909492272
21501,0.012114989733059548
21502,0.18763796909492272
21503,0.0594855305466238
21504,0.0594855305466238
21505,0.3619047619047619
21506,0.20394736842105263
21507,0.012114989733059548
21508,0.7704918032786885
21509,0.012114989733059548
21510,0.5698478561549101
21511,0.3619047619047619
21512,0.012114989733059548
21513,0.20394736842105263
21514,0.0594855305466238
21515,0.20394736842105263
21516,0.039301310043668124
21517,0.18763796909492272
21518,0.012114989733059548
21519,0.012114989733059548
21520,0.012114989733059548
21521,0.012114989733059548
21522,0.012114989733059548
21523,0.039301310043668124
21524,0.012114989733059548
21525,0.039301310043668124
21526,0.5698478561549101
21527,0.012114989733059548
21528,0.012114989733059548
21529,0.012114989733059548
21530,0.20394736842105263
21531,0.039301310043668124
21532,0.5698478561549101
21533,0.012114989733059548
21534,0.039301310043668124
21535,0.08217054263565891
21536,0.7704918032786885
21537,0.039301310043668124
21538,0.012114989733059548
21539,0.5698478561549101
21540,0.012114989733059548
21541,0.08217054263565891
21542,0.18763796909492272
21543,0.5698478561549101
21544,0.039301310043668124
21545,0.9664082687338501
21546,0.18763796909492272
21547,0.012114989733059548
21548,0.012114989733059548
21549,0.039301310043668124
21550,0.9664082687338501
21551,0.18763796909492272
21552,0.012114989733059548
21553,0.012114989733059548
21554,0.012114989733059548
21555,0.18763796909492272
21556,0.18763796909492272
21557,0.012114989733059548
21558,0.18763796909492272
21559,0.5698478561549101
21560,0.012114989733059548
21561,0.012114989733059548
21562,0.0594855305466238
21563,0.012114989733059548
21564,0.012114989733059548
21565,0.012114989733059548
21566,0.039301310043668124
21567,0.012114989733059548
21568,0.3619047619047619
21569,0.012114989733059548
21570,0.7704918032786885
21571,0.039301310043668124
21572,0.20394736842105263
21573,0.039301310043668124
21574,0.012114989733059548
21575,0.7704918032786885
21576,0.3619047619047619
21577,0.20394736842105263
21578,0.039301310043668124
21579,0.039301310043668124
21580,0.012114989733059548
21581,0.3619047619047619
21582,0.039301310043668124
21583,0.20394736842105263
21584,0.012114989733059548
21585,0.18763796909492272
21586,0.7704918032786885
21587,0.012114989733059548
21588,0.7704918032786885
21589,0.039301310043668124
21590,0.039301310043668124
21591,0.039301310043668124
21592,0.0594855305466238
21593,0.7704918032786885
21594,0.012114989733059548
21595,0.012114989733059548
21596,0.18763796909492272
21597,0.0594855305466238
21598,0.7704918032786885
21599,0.012114989733059548
21600,0.3619047619047619
21601,0.0594855305466238
21602,0.20394736842105263
21603,0.5698478561549101
21604,0.012114989733059548
21605,0.08217054263565891
21606,0.012114989733059548
21607,0.012114989733059548
21608,0.20394736842105263
21609,0.18763796909492272
21610,0.20394736842105263
21611,0.18763796909492272
21612,0.012114989733059548
21613,0.0594855305466238
21614,0.18763796909492272
21615,0.012114989733059548
21616,0.039301310043668124
21617,0.3619047619047619
21618,0.012114989733059548
21619,0.7704918032786885
21620,0.012114989733059548
21621,0.012114989733059548
21622,0.3619047619047619
21623,0.3619047619047619
21624,0.20394736842105263
21625,0.20394736842105263
21626,0.039301310043668124
21627,0.20394736842105263
21628,0.039301310043668124
21629,0.039301310043668124
21630,0.012114989733059548
21631,0.012114989733059548
21632,0.5698478561549101
21633,0.08217054263565891
21634,0.039301310043668124
21635,0.012114989733059548
21636,0.18763796909492272
21637,0.039301310043668124
21638,0.012114989733059548
21639,1.0
21640,0.7704918032786885
21641,0.039301310043668124
21642,0.0594855305466238
21643,0.039301310043668124
21644,0.039301310043668124
21645,0.012114989733059548
21646,0.18763796909492272
21647,0.012114989733059548
21648,1.0
21649,0.18763796909492272
21650,0.039301310043668124
21651,0.3619047619047619
21652,0.012114989733059548
21653,0.3619047619047619
21654,0.012114989733059548
21655,0.012114989733059548
21656,0.039301310043668124
21657,0.08217054263565891
21658,0.012114989733059548
21659,0.012114989733059548
21660,0.20394736842105263
21661,0.039301310043668124
21662,0.039301310043668124
21663,0.20394736842105263
21664,0.039301310043668124
21665,0.012114989733059548
21666,0.039301310043668124
21667,0.012114989733059548
21668,0.012114989733059548
21669,0.012114989733059548
21670,0.5698478561549101
21671,0.012114989733059548
21672,0.039301310043668124
21673,0.20394736842105263
21674,0.039301310043668124
21675,0.7704918032786885
21676,0.039301310043668124
21677,0.012114989733059548
21678,0.08217054263565891
21679,0.012114989733059548
21680,0.18763796909492272
21681,0.012114989733059548
21682,0.012114989733059548
21683,0.08217054263565891
21684,0.7704918032786885
21685,0.5698478561549101
21686,0.012114989733059548
21687,0.012114989733059548
21688,0.012114989733059548
21689,0.3619047619047619
21690,0.5698478561549101
21691,0.039301310043668124
21692,0.3619047619047619
21693,0.012114989733059548
21694,0.5698478561549101
21695,0.0594855305466238
21696,0.012114989733059548
21697,0.039301310043668124
21698,0.012114989733059548
21699,0.0594855305466238
21700,0.3619047619047619
21701,0.039301310043668124
21702,0.18763796909492272
21703,0.012114989733059548
21704,0.0594855305466238
21705,0.18763796909492272
21706,0.18763796909492272
21707,0.012114989733059548
21708,0.012114989733059548
21709,0.20394736842105263
21710,0.012114989733059548
21711,0.08217054263565891
21712,0.039301310043668124
21713,0.8596491228070176
21714,0.5698478561549101
21715,0.012114989733059548
21716,0.7704918032786885
21717,0.012114989733059548
21718,0.18763796909492272
21719,0.9664082687338501
21720,0.3619047619047619
21721,0.039301310043668124
21722,0.039301310043668124
21723,0.012114989733059548
21724,0.8596491228070176
21725,0.039301310043668124
21726,0.5698478561549101
21727,0.012114989733059548
21728,0.012114989733059548
21729,0.039301310043668124
21730,0.012114989733059548
21731,0.7704918032786885
21732,0.012114989733059548
21733,0.012114989733059548
21734,0.20394736842105263
21735,0.3619047619047619
21736,0.7704918032786885
21737,0.012114989733059548
21738,0.0594855305466238
21739,0.20394736842105263
21740,0.7704918032786885
21741,0.012114989733059548
21742,0.012114989733059548
21743,0.5698478561549101
21744,0.20394736842105263
21745,0.20394736842105263
21746,0.20394736842105263
21747,0.3619047619047619
21748,0.012114989733059548
21749,0.012114989733059548
21750,0.012114989733059548
21751,0.012114989733059548
21752,0.039301310043668124
21753,0.08217054263565891
21754,0.9664082687338501
21755,0.012114989733059548
21756,0.039301310043668124
21757,0.012114989733059548
21758,0.7704918032786885
21759,0.012114989733059548
21760,0.039301310043668124
21761,0.7704918032786885
21762,0.08217054263565891
21763,0.012114989733059548
21764,0.9664082687338501
21765,0.039301310043668124
21766,0.9664082687338501
21767,0.039301310043668124
21768,0.9664082687338501
21769,0.039301310043668124
21770,0.039301310043668124
21771,0.0594855305466238
21772,0.012114989733059548
21773,0.012114989733059548
21774,0.012114989733059548
21775,0.08217054263565891
21776,0.20394736842105263
21777,0.039301310043668124
21778,0.0594855305466238
21779,0.012114989733059548
21780,0.7704918032786885
21781,0.012114989733059548
21782,0.5698478561549101
21783,0.012114989733059548
21784,0.012114989733059548
21785,0.08217054263565891
21786,0.18763796909492272
21787,0.012114989733059548
21788,0.012114989733059548
21789,0.3619047619047619
21790,0.012114989733059548
21791,0.012114989733059548
21792,0.3619047619047619
21793,0.5698478561549101
21794,0.18763796909492272
21795,0.012114989733059548
21796,0.3619047619047619
21797,0.9664082687338501
21798,0.20394736842105263
21799,1.0
21800,0.039301310043668124
21801,0.039301310043668124
21802,0.012114989733059548
21803,0.20394736842105263
21804,0.08217054263565891
21805,0.7704918032786885
21806,0.5698478561549101
21807,0.012114989733059548
21808,1.0
21809,0.5698478561549101
21810,0.012114989733059548
21811,0.9664082687338501
21812,0.012114989733059548
21813,0.012114989733059548
21814,0.7704918032786885
21815,0.5698478561549101
21816,1.0
21817,0.3619047619047619
21818,0.7704918032786885
21819,0.012114989733059548
21820,0.012114989733059548
21821,0.18763796909492272
21822,0.039301310043668124
21823,0.012114989733059548
21824,0.012114989733059548
21825,0.012114989733059548
21826,0.012114989733059548
21827,0.7704918032786885
21828,1.0
21829,0.012114989733059548
21830,0.0594855305466238
21831,0.08217054263565891
21832,0.039301310043668124
21833,0.18763796909492272
21834,0.7704918032786885
21835,0.18763796909492272
21836,0.7704918032786885
21837,0.039301310043668124
21838,0.012114989733059548
21839,0.20394736842105263
21840,0.012114989733059548
21841,0.039301310043668124
21842,0.3619047619047619
21843,0.08217054263565891
21844,0.039301310043668124
21845,0.012114989733059548
21846,0.012114989733059548
21847,0.012114989733059548
21848,0.012114989733059548
21849,1.0
21850,0.012114989733059548
21851,0.18763796909492272
21852,0.9664082687338501
21853,0.039301310043668124
21854,0.012114989733059548
21855,0.012114989733059548
21856,0.012114989733059548
21857,0.012114989733059548
21858,0.08217054263565891
21859,0.0594855305466238
21860,0.039301310043668124
21861,0.012114989733059548
21862,0.012114989733059548
21863,0.012114989733059548
21864,0.012114989733059548
21865,0.012114989733059548
21866,0.7704918032786885
21867,0.012114989733059548
21868,0.012114989733059548
21869,0.18763796909492272
21870,0.012114989733059548
21871,0.039301310043668124
21872,0.012114989733059548
21873,0.5698478561549101
21874,0.039301310043668124
21875,0.012114989733059548
21876,0.5698478561549101
21877,0.08217054263565891
21878,0.039301310043668124
21879,0.8933333333333333
21880,0.012114989733059548
21881,0.18763796909492272
21882,0.039301310043668124
21883,0.012114989733059548
21884,0.7704918032786885
21885,0.012114989733059548
21886,0.012114989733059548
21887,0.7704918032786885
21888,0.039301310043668124
21889,0.012114989733059548
21890,0.7704918032786885
21891,0.0594855305466238
21892,0.5698478561549101
21893,0.08217054263565891
21894,0.9664082687338501
21895,0.039301310043668124
21896,0.0594855305466238
21897,0.012114989733059548
21898,0.3619047619047619
21899,0.20394736842105263
21900,0.012114989733059548
21901,0.012114989733059548
21902,0.012114989733059548
21903,0.012114989733059548
21904,0.039301310043668124
21905,0.012114989733059548
21906,0.18763796909492272
21907,0.08217054263565891
21908,0.20394736842105263
21909,0.7704918032786885
21910,0.0594855305466238
21911,0.012114989733059548
21912,0.012114989733059548
21913,0.012114989733059548
21914,0.012114989733059548
21915,0.012114989733059548
21916,0.039301310043668124
21917,0.012114989733059548
21918,0.039301310043668124
21919,0.18763796909492272
21920,0.5698478561549101
21921,0.18763796909492272
21922,0.039301310043668124
21923,0.5698478561549101
21924,0.012114989733059548
21925,0.18763796909492272
21926,0.012114989733059548
21927,0.039301310043668124
21928,0.0594855305466238
21929,0.08217054263565891
21930,0.012114989733059548
21931,0.039301310043668124
21932,0.7704918032786885
21933,0.012114989733059548
21934,0.08217054263565891
21935,0.012114989733059548
21936,0.9664082687338501
21937,0.012114989733059548
21938,0.012114989733059548
21939,0.012114989733059548
21940,0.012114989733059548
21941,0.012114989733059548
21942,0.039301310043668124
21943,0.012114989733059548
21944,0.012114989733059548
21945,0.012114989733059548
21946,0.012114989733059548
21947,0.012114989733059548
21948,0.012114989733059548
21949,0.012114989733059548
21950,0.039301310043668124
21951,0.012114989733059548
21952,0.012114989733059548
21953,0.5698478561549101
21954,0.3619047619047619
21955,0.3619047619047619
21956,0.3619047619047619
21957,0.08217054263565891
21958,0.012114989733059548
21959,0.7704918032786885
21960,0.08217054263565891
21961,0.012114989733059548
21962,0.012114989733059548
21963,0.3619047619047619
21964,0.18763796909492272
21965,0.012114989733059548
21966,0.3619047619047619
21967,0.012114989733059548
21968,0.039301310043668124
21969,0.012114989733059548
21970,1.0
21971,0.7704918032786885
21972,0.18763796909492272
21973,0.18763796909492272
21974,0.7704918032786885
21975,0.039301310043668124
21976,0.012114989733059548
21977,0.012114989733059548
21978,0.039301310043668124
21979,0.012114989733059548
21980,0.012114989733059548
21981,0.18763796909492272
21982,0.5698478561549101
21983,0.039301310043668124
21984,0.3619047619047619
21985,1.0
21986,1.0
21987,0.9664082687338501
21988,0.012114989733059548
21989,0.08217054263565891
21990,0.3619047619047619
21991,0.012114989733059548
21992,0.012114989733059548
21993,0.012114989733059548
21994,0.012114989733059548
21995,0.039301310043668124
21996,0.18763796909492272
21997,0.012114989733059548
21998,0.5698478561549101
21999,0.3619047619047619
22000,0.012114989733059548
22001,0.5698478561549101
22002,0.7704918032786885
22003,0.012114989733059548
22004,0.012114989733059548
22005,0.18763796909492272
22006,0.9664082687338501
22007,0.039301310043668124
22008,0.039301310043668124
22009,0.012114989733059548
22010,0.3619047619047619
22011,0.7704918032786885
22012,0.012114989733059548
22013,0.039301310043668124
22014,0.012114989733059548
22015,0.0594855305466238
22016,0.012114989733059548
22017,0.039301310043668124
22018,0.039301310043668124
22019,0.08217054263565891
22020,0.20394736842105263
22021,0.039301310043668124
22022,0.3619047619047619
22023,0.18763796909492272
22024,0.012114989733059548
22025,0.012114989733059548
22026,0.8933333333333333
22027,0.20394736842105263
22028,0.5698478561549101
22029,0.012114989733059548
22030,0.012114989733059548
22031,0.012114989733059548
22032,0.20394736842105263
22033,0.039301310043668124
22034,0.3619047619047619
22035,0.18763796909492272
22036,0.18763796909492272
22037,0.18763796909492272
22038,0.012114989733059548
22039,0.039301310043668124
22040,0.08217054263565891
22041,0.18763796909492272
22042,0.012114989733059548
22043,0.012114989733059548
22044,0.0594855305466238
22045,0.08217054263565891
22046,0.012114989733059548
22047,0.039301310043668124
22048,0.039301310043668124
22049,0.0594855305466238
22050,0.012114989733059548
22051,0.012114989733059548
22052,0.012114989733059548
22053,0.012114989733059548
22054,0.012114989733059548
22055,0.18763796909492272
22056,0.3619047619047619
22057,0.3619047619047619
22058,0.012114989733059548
22059,0.5698478561549101
22060,0.012114989733059548
22061,0.18763796909492272
22062,0.039301310043668124
22063,0.18763796909492272
22064,0.0594855305466238
22065,0.012114989733059548
22066,0.3619047619047619
22067,0.08217054263565891
22068,0.012114989733059548
22069,0.012114989733059548
22070,0.18763796909492272
22071,0.012114989733059548
22072,0.039301310043668124
22073,0.012114989733059548
22074,0.3619047619047619
22075,1.0
22076,0.012114989733059548
22077,0.08217054263565891
22078,0.08217054263565891
22079,0.012114989733059548
22080,0.039301310043668124
22081,0.012114989733059548
22082,1.0
22083,0.7704918032786885
22084,0.012114989733059548
22085,0.8933333333333333
22086,0.012114989733059548
22087,0.012114989733059548
22088,0.012114989733059548
22089,0.012114989733059548
22090,0.012114989733059548
22091,0.012114989733059548
22092,0.012114989733059548
22093,0.20394736842105263
22094,0.08217054263565891
22095,0.012114989733059548
22096,0.012114989733059548
22097,0.5698478561549101
22098,0.5698478561549101
22099,0.012114989733059548
22100,0.012114989733059548
22101,0.012114989733059548
22102,0.0594855305466238
22103,0.5698478561549101
22104,0.012114989733059548
22105,0.012114989733059548
22106,0.012114989733059548
22107,0.039301310043668124
22108,0.7704918032786885
22109,0.039301310043668124
22110,0.012114989733059548
22111,0.20394736842105263
22112,0.012114989733059548
22113,0.9664082687338501
22114,0.08217054263565891
22115,0.3619047619047619
22116,0.012114989733059548
22117,0.18763796909492272
22118,0.012114989733059548
22119,0.012114989733059548
22120,0.012114989733059548
22121,0.3619047619047619
22122,0.18763796909492272
22123,0.7704918032786885
22124,0.0594855305466238
22125,0.039301310043668124
22126,0.5698478561549101
22127,0.7704918032786885
22128,0.08217054263565891
22129,0.0594855305466238
22130,0.012114989733059548
22131,0.039301310043668124
22132,0.0594855305466238
22133,0.012114989733059548
22134,0.0594855305466238
22135,0.18763796909492272
22136,0.012114989733059548
22137,0.7704918032786885
22138,0.20394736842105263
22139,0.3619047619047619
22140,0.3619047619047619
22141,0.012114989733059548
22142,0.18763796909492272
22143,0.18763796909492272
22144,0.039301310043668124
22145,0.9664082687338501
22146,0.012114989733059548
22147,0.039301310043668124
22148,0.012114989733059548
22149,0.012114989733059548
22150,0.012114989733059548
22151,0.5698478561549101
22152,0.012114989733059548
22153,0.012114989733059548
22154,0.039301310043668124
22155,0.012114989733059548
22156,0.0594855305466238
22157,0.012114989733059548
22158,0.20394736842105263
22159,0.5698478561549101
22160,0.012114989733059548
22161,0.012114989733059548
22162,0.08217054263565891
22163,0.012114989733059548
22164,0.039301310043668124
22165,0.012114989733059548
22166,0.039301310043668124
22167,0.3619047619047619
22168,0.08217054263565891
22169,0.18763796909492272
22170,0.012114989733059548
22171,0.3619047619047619
22172,0.039301310043668124
22173,0.012114989733059548
22174,0.7704918032786885
22175,0.012114989733059548
22176,0.012114989733059548
22177,0.5698478561549101
22178,0.0594855305466238
22179,0.012114989733059548
22180,0.012114989733059548
22181,0.012114989733059548
22182,0.012114989733059548
22183,0.7704918032786885
22184,0.18763796909492272
22185,0.039301310043668124
22186,0.9664082687338501
22187,0.7704918032786885
22188,0.012114989733059548
22189,0.5698478561549101
22190,0.012114989733059548
22191,0.7704918032786885
22192,0.039301310043668124
22193,0.3619047619047619
22194,0.012114989733059548
22195,0.012114989733059548
22196,0.039301310043668124
22197,0.08217054263565891
22198,0.20394736842105263
22199,0.012114989733059548
22200,0.7704918032786885
22201,0.039301310043668124
22202,0.012114989733059548
22203,0.012114989733059548
22204,0.012114989733059548
22205,0.08217054263565891
22206,0.0594855305466238
22207,0.5698478561549101
22208,0.012114989733059548
22209,0.20394736842105263
22210,0.012114989733059548
22211,0.7704918032786885
22212,0.012114989733059548
22213,0.039301310043668124
22214,0.012114989733059548
22215,0.012114989733059548
22216,0.5698478561549101
22217,0.012114989733059548
22218,0.0594855305466238
22219,0.012114989733059548
22220,0.7704918032786885
22221,0.012114989733059548
22222,0.012114989733059548
22223,0.3619047619047619
22224,0.039301310043668124
22225,0.012114989733059548
22226,0.012114989733059548
22227,0.012114989733059548
22228,0.7704918032786885
22229,0.08217054263565891
22230,0.7704918032786885
22231,0.3619047619047619
22232,0.20394736842105263
22233,0.012114989733059548
22234,0.039301310043668124
22235,0.012114989733059548
22236,0.18763796909492272
22237,0.012114989733059548
22238,0.7704918032786885
22239,0.012114989733059548
22240,0.012114989733059548
22241,0.012114989733059548
22242,0.012114989733059548
22243,0.012114989733059548
22244,0.012114989733059548
22245,0.0594855305466238
22246,0.3619047619047619
22247,0.012114989733059548
22248,0.08217054263565891
22249,0.039301310043668124
22250,0.08217054263565891
22251,0.012114989733059548
22252,0.7704918032786885
22253,0.0594855305466238
22254,0.012114989733059548
22255,0.012114989733059548
22256,0.039301310043668124
22257,0.18763796909492272
22258,0.039301310043668124
22259,0.012114989733059548
22260,0.012114989733059548
22261,0.012114989733059548
22262,0.18763796909492272
22263,0.9664082687338501
22264,0.012114989733059548
22265,0.012114989733059548
22266,0.012114989733059548
22267,0.012114989733059548
22268,0.7704918032786885
22269,0.012114989733059548
22270,0.012114989733059548
22271,0.012114989733059548
22272,0.039301310043668124
22273,0.20394736842105263
22274,0.012114989733059548
22275,0.20394736842105263
22276,0.5698478561549101
22277,0.7704918032786885
22278,0.5698478561549101
22279,0.012114989733059548
22280,0.7704918032786885
22281,0.18763796909492272
22282,0.5698478561549101
22283,0.7704918032786885
22284,0.039301310043668124
22285,0.012114989733059548
22286,0.012114989733059548
22287,0.039301310043668124
22288,0.18763796909492272
22289,0.012114989733059548
22290,0.012114989733059548
22291,0.0594855305466238
22292,0.20394736842105263
22293,1.0
22294,0.039301310043668124
22295,0.18763796909492272
22296,0.7704918032786885
22297,0.7704918032786885
22298,0.9664082687338501
22299,0.012114989733059548
22300,0.0594855305466238
22301,0.012114989733059548
22302,0.039301310043668124
22303,0.7704918032786885
22304,0.039301310043668124
22305,0.0594855305466238
22306,0.08217054263565891
22307,0.012114989733059548
22308,0.20394736842105263
22309,0.18763796909492272
22310,0.7704918032786885
22311,0.039301310043668124
22312,0.8933333333333333
22313,0.012114989733059548
22314,0.012114989733059548
22315,0.012114989733059548
22316,0.20394736842105263
22317,0.3619047619047619
22318,0.9664082687338501
22319,0.20394736842105263
22320,0.18763796909492272
22321,0.012114989733059548
22322,0.08217054263565891
22323,0.012114989733059548
22324,0.0594855305466238
22325,0.0594855305466238
22326,0.5698478561549101
22327,0.20394736842105263
22328,0.012114989733059548
22329,0.3619047619047619
22330,0.20394736842105263
22331,0.20394736842105263
22332,0.039301310043668124
22333,0.039301310043668124
22334,0.18763796909492272
22335,0.20394736842105263
22336,0.3619047619047619
22337,0.012114989733059548
22338,0.039301310043668124
22339,0.0594855305466238
22340,0.18763796909492272
22341,0.012114989733059548
22342,0.039301310043668124
22343,0.012114989733059548
22344,0.20394736842105263
22345,0.012114989733059548
22346,0.3619047619047619
22347,0.7704918032786885
22348,0.7704918032786885
22349,0.9664082687338501
22350,0.20394736842105263
22351,0.20394736842105263
22352,0.039301310043668124
22353,0.012114989733059548
22354,0.039301310043668124
22355,0.039301310043668124
22356,0.5698478561549101
22357,0.012114989733059548
22358,0.0594855305466238
22359,0.012114989733059548
22360,0.3619047619047619
22361,0.012114989733059548
22362,0.012114989733059548
22363,0.5698478561549101
22364,0.012114989733059548
22365,0.08217054263565891
22366,0.039301310043668124
22367,0.20394736842105263
22368,0.08217054263565891
22369,0.012114989733059548
22370,0.012114989733059548
22371,0.9664082687338501
22372,0.5698478561549101
22373,0.039301310043668124
22374,0.8933333333333333
22375,0.3619047619047619
22376,0.5698478561549101
22377,0.012114989733059548
22378,0.20394736842105263
22379,0.7704918032786885
22380,0.012114989733059548
22381,0.9664082687338501
22382,0.0594855305466238
22383,0.9664082687338501
22384,0.039301310043668124
22385,0.3619047619047619
22386,0.08217054263565891
22387,0.9664082687338501
22388,0.012114989733059548
22389,0.18763796909492272
22390,0.012114989733059548
22391,0.012114989733059548
22392,0.08217054263565891
22393,0.7704918032786885
22394,0.9664082687338501
22395,0.039301310043668124
22396,0.039301310043668124
22397,0.7704918032786885
22398,0.012114989733059548
22399,0.7704918032786885
22400,0.7704918032786885
22401,0.3619047619047619
22402,0.039301310043668124
22403,0.039301310043668124
22404,0.012114989733059548
22405,0.3619047619047619
22406,0.012114989733059548
22407,0.012114989733059548
22408,0.012114989733059548
22409,0.3619047619047619
22410,0.039301310043668124
22411,0.5698478561549101
22412,0.3619047619047619
22413,0.012114989733059548
22414,0.039301310043668124
22415,0.3619047619047619
22416,0.012114989733059548
22417,0.18763796909492272
22418,0.20394736842105263
22419,0.039301310043668124
22420,0.3619047619047619
22421,0.7704918032786885
22422,0.20394736842105263
22423,0.012114989733059548
22424,0.012114989733059548
22425,0.7704918032786885
22426,0.18763796909492272
22427,0.012114989733059548
22428,0.18763796909492272
22429,0.039301310043668124
22430,1.0
22431,0.012114989733059548
22432,0.5698478561549101
22433,0.039301310043668124
22434,0.0594855305466238
22435,0.039301310043668124
22436,0.5698478561549101
22437,0.012114989733059548
22438,0.18763796909492272
22439,0.012114989733059548
22440,0.012114989733059548
22441,0.012114989733059548
22442,0.18763796909492272
22443,0.012114989733059548
22444,0.012114989733059548
22445,0.012114989733059548
22446,0.0594855305466238
22447,0.012114989733059548
22448,0.5698478561549101
22449,0.012114989733059548
22450,0.3619047619047619
22451,0.18763796909492272
22452,0.5698478561549101
22453,0.012114989733059548
22454,0.039301310043668124
22455,0.012114989733059548
22456,0.9664082687338501
22457,0.18763796909492272
22458,0.012114989733059548
22459,0.039301310043668124
22460,0.012114989733059548
22461,0.012114989733059548
22462,0.0594855305466238
22463,0.012114989733059548
22464,0.5698478561549101
22465,0.5698478561549101
22466,0.0594855305466238
22467,0.012114989733059548
22468,0.012114989733059548
22469,0.012114989733059548
22470,0.3619047619047619
22471,0.5698478561549101
22472,0.7704918032786885
22473,0.012114989733059548
22474,0.012114989733059548
22475,0.08217054263565891
22476,0.012114989733059548
22477,0.012114989733059548
22478,0.20394736842105263
22479,0.012114989733059548
22480,0.18763796909492272
22481,0.18763796909492272
22482,0.0594855305466238
22483,0.012114989733059548
22484,0.039301310043668124
22485,0.012114989733059548
22486,0.5698478561549101
22487,0.7704918032786885
22488,0.9664082687338501
22489,1.0
22490,0.08217054263565891
22491,0.012114989733059548
22492,0.18763796909492272
22493,0.039301310043668124
22494,0.08217054263565891
22495,0.20394736842105263
22496,0.012114989733059548
22497,0.012114989733059548
22498,0.20394736842105263
22499,0.012114989733059548
22500,0.012114989733059548
22501,0.012114989733059548
22502,0.039301310043668124
22503,0.012114989733059548
22504,0.08217054263565891
22505,0.012114989733059548
22506,0.9664082687338501
22507,0.5698478561549101
22508,0.012114989733059548
22509,0.7704918032786885
22510,0.0594855305466238
22511,0.5698478561549101
22512,0.039301310043668124
22513,0.012114989733059548
22514,0.039301310043668124
22515,0.3619047619047619
22516,0.012114989733059548
22517,0.7704918032786885
22518,0.0594855305466238
22519,0.012114989733059548
22520,0.9664082687338501
22521,0.012114989733059548
22522,0.0594855305466238
22523,0.18763796909492272
22524,0.20394736842105263
22525,0.08217054263565891
22526,0.08217054263565891
22527,0.9664082687338501
22528,0.039301310043668124
22529,0.9664082687338501
22530,0.3619047619047619
22531,0.18763796909492272
22532,0.3619047619047619
22533,0.08217054263565891
22534,0.18763796909492272
22535,0.3619047619047619
22536,0.8596491228070176
22537,0.012114989733059548
22538,0.012114989733059548
22539,0.039301310043668124
22540,0.012114989733059548
22541,0.0594855305466238
22542,0.012114989733059548
22543,0.039301310043668124
22544,0.18763796909492272
22545,0.012114989733059548
22546,0.20394736842105263
22547,0.012114989733059548
22548,0.5698478561549101
22549,0.012114989733059548
22550,0.5698478561549101
22551,0.3619047619047619
22552,0.3619047619047619
22553,0.012114989733059548
22554,0.20394736842105263
22555,0.039301310043668124
22556,0.012114989733059548
22557,0.039301310043668124
22558,0.18763796909492272
22559,0.039301310043668124
22560,0.20394736842105263
22561,0.08217054263565891
22562,0.012114989733059548
22563,0.039301310043668124
22564,0.9664082687338501
22565,0.039301310043668124
22566,0.5698478561549101
22567,0.012114989733059548
22568,0.20394736842105263
22569,0.0594855305466238
22570,0.012114989733059548
22571,0.039301310043668124
22572,0.012114989733059548
22573,0.18763796909492272
22574,0.012114989733059548
22575,0.08217054263565891
22576,0.7704918032786885
22577,0.20394736842105263
22578,0.5698478561549101
22579,0.012114989733059548
22580,0.5698478561549101
22581,0.012114989733059548
22582,0.5698478561549101
22583,0.039301310043668124
22584,0.9664082687338501
22585,0.012114989733059548
22586,0.012114989733059548
22587,0.012114989733059548
22588,0.0594855305466238
22589,0.08217054263565891
22590,0.9664082687338501
22591,0.0594855305466238
22592,0.012114989733059548
22593,0.012114989733059548
22594,0.039301310043668124
22595,0.5698478561549101
22596,0.08217054263565891
22597,0.18763796909492272
22598,0.7704918032786885
22599,0.039301310043668124
22600,0.012114989733059548
22601,0.18763796909492272
22602,0.012114989733059548
22603,0.9664082687338501
22604,0.012114989733059548
22605,0.012114989733059548
22606,0.039301310043668124
22607,0.039301310043668124
22608,0.7704918032786885
22609,0.012114989733059548
22610,0.012114989733059548
22611,0.012114989733059548
22612,0.7704918032786885
22613,0.039301310043668124
22614,0.7704918032786885
22615,0.012114989733059548
22616,0.7704918032786885
22617,0.012114989733059548
22618,0.012114989733059548
22619,0.9664082687338501
22620,0.9664082687338501
22621,0.012114989733059548
22622,0.012114989733059548
22623,0.08217054263565891
22624,0.18763796909492272
22625,0.012114989733059548
22626,0.039301310043668124
22627,0.9664082687338501
22628,0.18763796909492272
22629,0.20394736842105263
22630,0.7704918032786885
22631,0.012114989733059548
22632,0.7704918032786885
22633,0.08217054263565891
22634,0.7704918032786885
22635,0.08217054263565891
22636,0.039301310043668124
22637,0.7704918032786885
22638,0.18763796909492272
22639,0.039301310043668124
22640,0.3619047619047619
22641,0.18763796909492272
22642,0.012114989733059548
22643,0.012114989733059548
22644,0.012114989733059548
22645,0.0594855305466238
22646,0.012114989733059548
22647,0.3619047619047619
22648,0.039301310043668124
22649,0.9664082687338501
22650,0.012114989733059548
22651,0.012114989733059548
22652,0.012114989733059548
22653,0.08217054263565891
22654,0.3619047619047619
22655,0.0594855305466238
22656,0.3619047619047619
22657,0.012114989733059548
22658,0.012114989733059548
22659,0.5698478561549101
22660,0.012114989733059548
22661,0.08217054263565891
22662,0.7704918032786885
22663,0.18763796909492272
22664,0.012114989733059548
22665,0.039301310043668124
22666,0.012114989733059548
22667,0.08217054263565891
22668,0.0594855305466238
22669,0.012114989733059548
22670,0.012114989733059548
22671,0.012114989733059548
22672,0.039301310043668124
22673,0.012114989733059548
22674,0.012114989733059548
22675,0.3619047619047619
22676,0.012114989733059548
22677,0.8933333333333333
22678,0.012114989733059548
22679,0.012114989733059548
22680,0.039301310043668124
22681,0.012114989733059548
22682,0.012114989733059548
22683,0.0594855305466238
22684,0.012114989733059548
22685,0.20394736842105263
22686,0.8933333333333333
22687,0.039301310043668124
22688,0.012114989733059548
22689,0.039301310043668124
22690,0.012114989733059548
22691,0.039301310043668124
22692,0.9664082687338501
22693,0.3619047619047619
22694,0.7704918032786885
22695,0.3619047619047619
22696,0.18763796909492272
22697,0.039301310043668124
22698,0.012114989733059548
22699,0.012114989733059548
22700,0.012114989733059548
22701,0.7704918032786885
22702,0.012114989733059548
22703,0.08217054263565891
22704,0.012114989733059548
22705,0.012114989733059548
22706,0.20394736842105263
22707,0.0594855305466238
22708,0.012114989733059548
22709,0.012114989733059548
22710,0.7704918032786885
22711,0.20394736842105263
22712,0.012114989733059548
22713,0.7704918032786885
22714,0.039301310043668124
22715,0.20394736842105263
22716,0.012114989733059548
22717,0.18763796909492272
22718,0.012114989733059548
22719,0.0594855305466238
22720,0.012114989733059548
22721,0.08217054263565891
22722,0.5698478561549101
22723,0.012114989733059548
22724,0.039301310043668124
22725,0.039301310043668124
22726,0.08217054263565891
22727,0.012114989733059548
22728,0.039301310043668124
22729,0.012114989733059548
22730,0.012114989733059548
22731,0.0594855305466238
22732,0.039301310043668124
22733,0.5698478561549101
22734,0.012114989733059548
22735,0.012114989733059548
22736,0.08217054263565891
22737,0.039301310043668124
22738,0.012114989733059548
22739,0.012114989733059548
22740,0.012114989733059548
22741,0.012114989733059548
22742,0.012114989733059548
22743,0.012114989733059548
22744,0.012114989733059548
22745,0.0594855305466238
22746,0.08217054263565891
22747,0.012114989733059548
22748,0.20394736842105263
22749,0.039301310043668124
22750,0.012114989733059548
22751,0.012114989733059548
22752,0.012114989733059548
22753,0.3619047619047619
22754,0.18763796909492272
22755,0.5698478561549101
22756,0.012114989733059548
22757,0.012114989733059548
22758,0.5698478561549101
22759,0.012114989733059548
22760,0.012114989733059548
22761,0.039301310043668124
22762,0.012114989733059548
22763,0.7704918032786885
22764,0.012114989733059548
22765,0.9664082687338501
22766,0.18763796909492272
22767,0.08217054263565891
22768,0.20394736842105263
22769,0.012114989733059548
22770,0.3619047619047619
22771,0.039301310043668124
22772,0.0594855305466238
22773,0.7704918032786885
22774,0.3619047619047619
22775,0.012114989733059548
22776,0.5698478561549101
22777,0.012114989733059548
22778,0.039301310043668124
22779,0.012114989733059548
22780,0.18763796909492272
22781,0.3619047619047619
22782,0.012114989733059548
22783,0.012114989733059548
22784,0.012114989733059548
22785,0.012114989733059548
22786,0.039301310043668124
22787,0.20394736842105263
22788,0.012114989733059548
22789,0.5698478561549101
22790,0.18763796909492272
22791,0.012114989733059548
22792,0.0594855305466238
22793,0.012114989733059548
22794,0.012114989733059548
22795,0.039301310043668124
22796,0.3619047619047619
22797,0.012114989733059548
22798,0.012114989733059548
22799,0.18763796909492272
22800,0.039301310043668124
22801,0.012114989733059548
22802,0.08217054263565891
22803,0.012114989733059548
22804,0.039301310043668124
22805,0.012114989733059548
22806,0.012114989733059548
22807,0.012114989733059548
22808,0.039301310043668124
22809,0.3619047619047619
22810,0.039301310043668124
22811,0.012114989733059548
22812,0.012114989733059548
22813,0.012114989733059548
22814,0.7704918032786885
22815,0.3619047619047619
22816,0.039301310043668124
22817,0.012114989733059548
22818,0.039301310043668124
22819,0.039301310043668124
22820,0.0594855305466238
22821,0.012114989733059548
22822,0.3619047619047619
22823,0.012114989733059548
22824,0.012114989733059548
22825,0.012114989733059548
22826,0.20394736842105263
22827,0.08217054263565891
22828,0.039301310043668124
22829,0.012114989733059548
22830,0.012114989733059548
22831,0.012114989733059548
22832,0.0594855305466238
22833,0.3619047619047619
22834,0.7704918032786885
22835,0.9664082687338501
22836,0.08217054263565891
22837,0.039301310043668124
22838,0.039301310043668124
22839,0.7704918032786885
22840,0.8596491228070176
22841,0.012114989733059548
22842,0.012114989733059548
22843,0.012114989733059548
22844,0.039301310043668124
22845,0.5698478561549101
22846,0.7704918032786885
22847,0.012114989733059548
22848,0.7704918032786885
22849,0.012114989733059548
22850,0.012114989733059548
22851,0.3619047619047619
22852,0.012114989733059548
22853,0.3619047619047619
22854,0.039301310043668124
22855,0.039301310043668124
22856,0.039301310043668124
22857,0.7704918032786885
22858,0.9664082687338501
22859,0.012114989733059548
22860,0.012114989733059548
22861,0.012114989733059548
22862,1.0
22863,0.012114989733059548
22864,0.039301310043668124
22865,0.039301310043668124
22866,0.18763796909492272
22867,0.012114989733059548
22868,0.039301310043668124
22869,0.7704918032786885
22870,0.012114989733059548
22871,0.0594855305466238
22872,0.012114989733059548
22873,0.012114989733059548
22874,0.08217054263565891
22875,0.039301310043668124
22876,0.8596491228070176
22877,0.9664082687338501
22878,0.012114989733059548
22879,0.08217054263565891
22880,0.9664082687338501
22881,0.18763796909492272
22882,0.3619047619047619
22883,0.039301310043668124
22884,0.039301310043668124
22885,0.7704918032786885
22886,0.039301310043668124
22887,0.08217054263565891
22888,0.039301310043668124
22889,0.012114989733059548
22890,0.039301310043668124
22891,0.012114989733059548
22892,0.039301310043668124
22893,0.039301310043668124
22894,0.3619047619047619
22895,0.08217054263565891
22896,0.5698478561549101
22897,0.0594855305466238
22898,0.18763796909492272
22899,0.7704918032786885
22900,0.012114989733059548
22901,0.0594855305466238
22902,0.012114989733059548
22903,0.7704918032786885
22904,0.20394736842105263
22905,0.18763796909492272
22906,0.039301310043668124
22907,0.039301310043668124
22908,0.012114989733059548
22909,0.08217054263565891
22910,0.039301310043668124
22911,0.039301310043668124
22912,0.039301310043668124
22913,0.012114989733059548
22914,0.012114989733059548
22915,0.039301310043668124
22916,0.012114989733059548
22917,0.012114989733059548
22918,0.012114989733059548
22919,0.9664082687338501
22920,0.012114989733059548
22921,0.7704918032786885
22922,0.5698478561549101
22923,0.20394736842105263
22924,0.012114989733059548
22925,0.012114989733059548
22926,0.012114989733059548
22927,0.012114989733059548
22928,0.012114989733059548
22929,0.08217054263565891
22930,0.08217054263565891
22931,0.012114989733059548
22932,0.012114989733059548
22933,0.7704918032786885
22934,0.012114989733059548
22935,0.012114989733059548
22936,0.5698478561549101
22937,0.0594855305466238
22938,0.039301310043668124
22939,0.039301310043668124
22940,0.012114989733059548
22941,0.9664082687338501
22942,0.012114989733059548
22943,0.012114989733059548
22944,0.012114989733059548
22945,0.039301310043668124
22946,0.012114989733059548
22947,0.039301310043668124
22948,0.012114989733059548
22949,0.20394736842105263
22950,0.012114989733059548
22951,0.012114989733059548
22952,0.20394736842105263
22953,0.7704918032786885
22954,0.012114989733059548
22955,0.012114989733059548
22956,0.5698478561549101
22957,0.012114989733059548
22958,0.0594855305466238
22959,0.012114989733059548
22960,0.039301310043668124
22961,0.012114989733059548
22962,0.5698478561549101
22963,0.039301310043668124
22964,0.012114989733059548
22965,0.012114989733059548
22966,0.08217054263565891
22967,0.012114989733059548
22968,0.7704918032786885
22969,0.012114989733059548
22970,0.039301310043668124
22971,0.012114989733059548
22972,0.012114989733059548
22973,0.012114989733059548
22974,0.20394736842105263
22975,0.0594855305466238
22976,0.012114989733059548
22977,0.012114989733059548
22978,0.012114989733059548
22979,0.7704918032786885
22980,0.3619047619047619
22981,0.012114989733059548
22982,0.5698478561549101
22983,0.039301310043668124
22984,0.0594855305466238
22985,0.012114989733059548
22986,0.012114989733059548
22987,0.012114989733059548
22988,0.18763796909492272
22989,0.5698478561549101
22990,0.012114989733059548
22991,0.039301310043668124
22992,0.039301310043668124
22993,0.012114989733059548
22994,0.012114989733059548
22995,0.012114989733059548
22996,0.012114989733059548
22997,0.012114989733059548
22998,0.012114989733059548
22999,0.012114989733059548
23000,0.012114989733059548
23001,0.3619047619047619
23002,0.8596491228070176
23003,0.08217054263565891
23004,0.3619047619047619
23005,0.012114989733059548
23006,0.012114989733059548
23007,0.20394736842105263
23008,0.039301310043668124
23009,0.9664082687338501
23010,0.012114989733059548
23011,0.012114989733059548
23012,0.18763796909492272
23013,0.9664082687338501
23014,0.012114989733059548
23015,0.3619047619047619
23016,0.039301310043668124
23017,1.0
23018,0.18763796909492272
23019,0.012114989733059548
23020,0.012114989733059548
23021,0.9664082687338501
23022,0.012114989733059548
23023,0.18763796909492272
23024,0.7704918032786885
23025,0.18763796909492272
23026,0.039301310043668124
23027,0.08217054263565891
23028,0.039301310043668124
23029,0.20394736842105263
23030,0.18763796909492272
23031,0.20394736842105263
23032,0.18763796909492272
23033,0.0594855305466238
23034,0.012114989733059548
23035,0.012114989733059548
23036,0.039301310043668124
23037,0.3619047619047619
23038,0.012114989733059548
23039,0.20394736842105263
23040,0.9664082687338501
23041,0.012114989733059548
23042,0.0594855305466238
23043,0.039301310043668124
23044,0.012114989733059548
23045,1.0
23046,0.039301310043668124
23047,0.012114989733059548
23048,0.012114989733059548
23049,0.0594855305466238
23050,1.0
23051,0.08217054263565891
23052,0.039301310043668124
23053,0.012114989733059548
23054,0.012114989733059548
23055,0.9664082687338501
23056,0.012114989733059548
23057,0.5698478561549101
23058,0.08217054263565891
23059,0.012114989733059548
23060,0.012114989733059548
23061,0.039301310043668124
23062,0.08217054263565891
23063,0.18763796909492272
23064,0.7704918032786885
23065,0.039301310043668124
23066,0.5698478561549101
23067,0.3619047619047619
23068,0.5698478561549101
23069,0.012114989733059548
23070,0.012114989733059548
23071,0.7704918032786885
23072,0.18763796909492272
23073,0.5698478561549101
23074,0.012114989733059548
23075,0.0594855305466238
23076,0.012114989733059548
23077,0.039301310043668124
23078,0.012114989733059548
23079,0.039301310043668124
23080,0.012114989733059548
23081,0.039301310043668124
23082,0.012114989733059548
23083,0.012114989733059548
23084,0.20394736842105263
23085,0.0594855305466238
23086,0.012114989733059548
23087,0.7704918032786885
23088,0.039301310043668124
23089,0.18763796909492272
23090,0.012114989733059548
23091,0.039301310043668124
23092,0.012114989733059548
23093,0.18763796909492272
23094,0.012114989733059548
23095,0.012114989733059548
23096,0.08217054263565891
23097,0.08217054263565891
23098,0.18763796909492272
23099,0.0594855305466238
23100,0.012114989733059548
23101,0.7704918032786885
23102,0.012114989733059548
23103,0.0594855305466238
23104,0.012114989733059548
23105,0.18763796909492272
23106,0.012114989733059548
23107,0.012114989733059548
23108,0.012114989733059548
23109,0.5698478561549101
23110,0.0594855305466238
23111,0.012114989733059548
23112,0.039301310043668124
23113,0.039301310043668124
23114,0.012114989733059548
23115,0.5698478561549101
23116,0.039301310043668124
23117,0.7704918032786885
23118,0.012114989733059548
23119,0.012114989733059548
23120,0.012114989733059548
23121,0.012114989733059548
23122,0.012114989733059548
23123,0.039301310043668124
23124,0.9664082687338501
23125,0.0594855305466238
23126,0.3619047619047619
23127,0.012114989733059548
23128,0.039301310043668124
23129,0.9664082687338501
23130,0.012114989733059548
23131,0.039301310043668124
23132,0.012114989733059548
23133,0.039301310043668124
23134,0.5698478561549101
23135,0.7704918032786885
23136,0.039301310043668124
23137,0.3619047619047619
23138,0.18763796909492272
23139,0.012114989733059548
23140,0.3619047619047619
23141,0.039301310043668124
23142,0.7704918032786885
23143,0.012114989733059548
23144,0.7704918032786885
23145,0.012114989733059548
23146,0.5698478561549101
23147,0.0594855305466238
23148,0.012114989733059548
23149,0.012114989733059548
23150,0.08217054263565891
23151,0.012114989733059548
23152,0.012114989733059548
23153,0.18763796909492272
23154,0.7704918032786885
23155,0.039301310043668124
23156,0.012114989733059548
23157,0.012114989733059548
23158,0.3619047619047619
23159,0.039301310043668124
23160,0.3619047619047619
23161,0.0594855305466238
23162,0.9664082687338501
23163,0.20394736842105263
23164,0.012114989733059548
23165,0.012114989733059548
23166,1.0
23167,0.08217054263565891
23168,0.7704918032786885
23169,0.3619047619047619
23170,0.012114989733059548
23171,0.7704918032786885
23172,0.039301310043668124
23173,0.012114989733059548
23174,0.0594855305466238
23175,0.012114989733059548
23176,0.3619047619047619
23177,0.20394736842105263
23178,0.9664082687338501
23179,0.012114989733059548
23180,0.012114989733059548
23181,0.20394736842105263
23182,0.18763796909492272
23183,0.7704918032786885
23184,0.039301310043668124
23185,0.08217054263565891
23186,0.012114989733059548
23187,0.9664082687338501
23188,0.012114989733059548
23189,0.08217054263565891
23190,0.012114989733059548
23191,0.012114989733059548
23192,0.0594855305466238
23193,0.012114989733059548
23194,0.012114989733059548
23195,0.18763796909492272
23196,0.012114989733059548
23197,0.20394736842105263
23198,0.012114989733059548
23199,0.039301310043668124
23200,0.7704918032786885
23201,0.012114989733059548
23202,0.5698478561549101
23203,0.18763796909492272
23204,0.012114989733059548
23205,0.0594855305466238
23206,0.7704918032786885
23207,0.08217054263565891
23208,0.8933333333333333
23209,0.012114989733059548
23210,0.8596491228070176
23211,0.18763796909492272
23212,0.039301310043668124
23213,0.20394736842105263
23214,0.012114989733059548
23215,0.012114989733059548
23216,0.039301310043668124
23217,0.5698478561549101
23218,0.3619047619047619
23219,0.012114989733059548
23220,0.08217054263565891
23221,0.08217054263565891
23222,0.012114989733059548
23223,0.039301310043668124
23224,0.7704918032786885
23225,0.012114989733059548
23226,0.039301310043668124
23227,0.012114989733059548
23228,0.012114989733059548
23229,0.039301310043668124
23230,0.20394736842105263
23231,0.3619047619047619
23232,0.012114989733059548
23233,0.012114989733059548
23234,0.0594855305466238
23235,0.5698478561549101
23236,0.18763796909492272
23237,0.012114989733059548
23238,0.08217054263565891
23239,0.012114989733059548
23240,0.7704918032786885
23241,0.012114989733059548
23242,0.012114989733059548
23243,0.5698478561549101
23244,0.08217054263565891
23245,0.9664082687338501
23246,0.7704918032786885
23247,0.18763796909492272
23248,0.012114989733059548
23249,0.08217054263565891
23250,0.7704918032786885
23251,0.012114989733059548
23252,0.039301310043668124
23253,0.039301310043668124
23254,0.012114989733059548
23255,0.012114989733059548
23256,0.012114989733059548
23257,0.012114989733059548
23258,0.18763796909492272
23259,0.039301310043668124
23260,0.9664082687338501
23261,0.7704918032786885
23262,0.039301310043668124
23263,0.20394736842105263
23264,0.039301310043668124
23265,0.012114989733059548
23266,0.08217054263565891
23267,0.039301310043668124
23268,0.7704918032786885
23269,0.012114989733059548
23270,0.7704918032786885
23271,0.039301310043668124
23272,0.012114989733059548
23273,0.3619047619047619
23274,0.039301310043668124
23275,0.012114989733059548
23276,1.0
23277,0.18763796909492272
23278,0.039301310043668124
23279,0.5698478561549101
23280,0.5698478561549101
23281,0.039301310043668124
23282,1.0
23283,0.012114989733059548
23284,0.5698478561549101
23285,0.012114989733059548
23286,0.012114989733059548
23287,0.18763796909492272
23288,0.012114989733059548
23289,0.039301310043668124
23290,0.0594855305466238
23291,0.039301310043668124
23292,0.20394736842105263
23293,0.012114989733059548
23294,0.3619047619047619
23295,0.012114989733059548
23296,0.3619047619047619
23297,0.18763796909492272
23298,0.18763796909492272
23299,0.012114989733059548
23300,0.012114989733059548
23301,0.3619047619047619
23302,0.7704918032786885
23303,0.5698478561549101
23304,0.7704918032786885
23305,0.3619047619047619
23306,0.5698478561549101
23307,0.012114989733059548
23308,0.5698478561549101
23309,0.5698478561549101
23310,0.012114989733059548
23311,0.7704918032786885
23312,0.18763796909492272
23313,0.012114989733059548
23314,0.039301310043668124
23315,0.012114989733059548
23316,0.5698478561549101
23317,0.3619047619047619
23318,0.012114989733059548
23319,0.18763796909492272
23320,0.3619047619047619
23321,0.18763796909492272
23322,0.5698478561549101
23323,0.012114989733059548
23324,0.20394736842105263
23325,0.012114989733059548
23326,0.012114989733059548
23327,0.012114989733059548
23328,1.0
23329,0.20394736842105263
23330,0.012114989733059548
23331,0.012114989733059548
23332,0.18763796909492272
23333,0.039301310043668124
23334,0.0594855305466238
23335,0.20394736842105263
23336,0.012114989733059548
23337,0.039301310043668124
23338,0.7704918032786885
23339,0.5698478561549101
23340,0.18763796909492272
23341,0.08217054263565891
23342,0.039301310043668124
23343,0.039301310043668124
23344,0.012114989733059548
23345,0.18763796909492272
23346,0.5698478561549101
23347,0.20394736842105263
23348,0.012114989733059548
23349,0.012114989733059548
23350,0.3619047619047619
23351,0.9664082687338501
23352,0.012114989733059548
23353,0.012114989733059548
23354,0.5698478561549101
23355,0.3619047619047619
23356,0.012114989733059548
23357,0.039301310043668124
23358,0.7704918032786885
23359,0.012114989733059548
23360,0.0594855305466238
23361,0.0594855305466238
23362,0.0594855305466238
23363,0.20394736842105263
23364,0.039301310043668124
23365,0.7704918032786885
23366,0.012114989733059548
23367,0.0594855305466238
23368,0.039301310043668124
23369,0.20394736842105263
23370,0.18763796909492272
23371,0.039301310043668124
23372,0.039301310043668124
23373,0.012114989733059548
23374,0.039301310043668124
23375,0.0594855305466238
23376,1.0
23377,0.012114989733059548
23378,1.0
23379,0.3619047619047619
23380,0.012114989733059548
23381,0.039301310043668124
23382,0.012114989733059548
23383,0.20394736842105263
23384,0.012114989733059548
23385,0.18763796909492272
23386,0.039301310043668124
23387,0.5698478561549101
23388,0.7704918032786885
23389,0.18763796909492272
23390,0.9664082687338501
23391,0.012114989733059548
23392,0.012114989733059548
23393,0.0594855305466238
23394,0.18763796909492272
23395,0.012114989733059548
23396,0.20394736842105263
23397,0.3619047619047619
23398,0.08217054263565891
23399,0.08217054263565891
23400,0.20394736842105263
23401,0.012114989733059548
23402,0.0594855305466238
23403,0.3619047619047619
23404,0.039301310043668124
23405,0.5698478561549101
23406,0.9664082687338501
23407,0.012114989733059548
23408,0.0594855305466238
23409,0.0594855305466238
23410,0.012114989733059548
23411,0.039301310043668124
23412,0.18763796909492272
23413,0.012114989733059548
23414,0.0594855305466238
23415,0.012114989733059548
23416,0.0594855305466238
23417,0.012114989733059548
23418,0.012114989733059548
23419,0.012114989733059548
23420,0.012114989733059548
23421,0.5698478561549101
23422,0.3619047619047619
23423,0.012114989733059548
23424,0.0594855305466238
23425,0.5698478561549101
23426,0.012114989733059548
23427,0.012114989733059548
23428,0.012114989733059548
23429,0.012114989733059548
23430,0.039301310043668124
23431,0.3619047619047619
23432,0.012114989733059548
23433,0.3619047619047619
23434,0.039301310043668124
23435,0.0594855305466238
23436,0.3619047619047619
23437,0.08217054263565891
23438,0.18763796909492272
23439,0.20394736842105263
23440,0.039301310043668124
23441,0.012114989733059548
23442,0.5698478561549101
23443,0.012114989733059548
23444,0.08217054263565891
23445,0.012114989733059548
23446,0.039301310043668124
23447,0.012114989733059548
23448,0.7704918032786885
23449,0.039301310043668124
23450,0.012114989733059548
23451,0.012114989733059548
23452,0.012114989733059548
23453,0.5698478561549101
23454,0.9664082687338501
23455,0.012114989733059548
23456,0.012114989733059548
23457,0.9664082687338501
23458,0.18763796909492272
23459,0.039301310043668124
23460,0.012114989733059548
23461,0.18763796909492272
23462,0.012114989733059548
23463,0.3619047619047619
23464,0.012114989733059548
23465,0.3619047619047619
23466,0.0594855305466238
23467,0.012114989733059548
23468,0.039301310043668124
23469,0.012114989733059548
23470,0.039301310043668124
23471,0.012114989733059548
23472,0.7704918032786885
23473,0.7704918032786885
23474,0.08217054263565891
23475,0.012114989733059548
23476,0.7704918032786885
23477,0.5698478561549101
23478,0.08217054263565891
23479,0.039301310043668124
23480,0.012114989733059548
23481,0.039301310043668124
23482,0.08217054263565891
23483,0.012114989733059548
23484,0.9664082687338501
23485,0.012114989733059548
23486,0.012114989733059548
23487,0.012114989733059548
23488,0.012114989733059548
23489,0.012114989733059548
23490,0.039301310043668124
23491,0.012114989733059548
23492,0.5698478561549101
23493,0.012114989733059548
23494,0.08217054263565891
23495,0.08217054263565891
23496,0.012114989733059548
23497,0.7704918032786885
23498,0.0594855305466238
23499,0.012114989733059548
23500,0.012114989733059548
23501,0.012114989733059548
23502,0.012114989733059548
23503,0.039301310043668124
23504,0.7704918032786885
23505,0.012114989733059548
23506,0.0594855305466238
23507,0.0594855305466238
23508,0.0594855305466238
23509,0.039301310043668124
23510,0.012114989733059548
23511,0.3619047619047619
23512,0.7704918032786885
23513,0.012114989733059548
23514,1.0
23515,0.18763796909492272
23516,0.012114989733059548
23517,0.012114989733059548
23518,0.012114989733059548
23519,0.012114989733059548
23520,0.3619047619047619
23521,0.7704918032786885
23522,0.039301310043668124
23523,0.039301310043668124
23524,0.012114989733059548
23525,0.7704918032786885
23526,0.7704918032786885
23527,0.18763796909492272
23528,0.08217054263565891
23529,0.039301310043668124
23530,0.5698478561549101
23531,0.5698478561549101
23532,0.012114989733059548
23533,0.039301310043668124
23534,0.012114989733059548
23535,0.039301310043668124
23536,0.012114989733059548
23537,0.012114989733059548
23538,0.5698478561549101
23539,0.012114989733059548
23540,0.18763796909492272
23541,0.012114989733059548
23542,0.18763796909492272
23543,0.012114989733059548
23544,0.012114989733059548
23545,0.08217054263565891
23546,0.8933333333333333
23547,0.012114989733059548
23548,0.0594855305466238
23549,0.012114989733059548
23550,0.5698478561549101
23551,0.012114989733059548
23552,0.012114989733059548
23553,0.5698478561549101
23554,0.012114989733059548
23555,1.0
23556,0.0594855305466238
23557,0.039301310043668124
23558,0.012114989733059548
23559,0.039301310043668124
23560,0.012114989733059548
23561,0.9664082687338501
23562,0.012114989733059548
23563,0.039301310043668124
23564,0.012114989733059548
23565,0.18763796909492272
23566,0.039301310043668124
23567,0.3619047619047619
23568,0.08217054263565891
23569,0.5698478561549101
23570,0.7704918032786885
23571,0.7704918032786885
23572,0.012114989733059548
23573,0.012114989733059548
23574,0.012114989733059548
23575,0.012114989733059548
23576,0.012114989733059548
23577,0.012114989733059548
23578,0.012114989733059548
23579,0.5698478561549101
23580,0.3619047619047619
23581,0.039301310043668124
23582,0.012114989733059548
23583,0.012114989733059548
23584,0.012114989733059548
23585,0.012114989733059548
23586,0.039301310043668124
23587,0.012114989733059548
23588,0.012114989733059548
23589,0.18763796909492272
23590,0.012114989733059548
23591,0.039301310043668124
23592,0.012114989733059548
23593,0.012114989733059548
23594,0.039301310043668124
23595,0.7704918032786885
23596,0.3619047619047619
23597,1.0
23598,0.18763796909492272
23599,0.012114989733059548
23600,0.039301310043668124
23601,0.08217054263565891
23602,0.18763796909492272
23603,0.012114989733059548
23604,0.039301310043668124
23605,0.012114989733059548
23606,0.8596491228070176
23607,0.8596491228070176
23608,0.012114989733059548
23609,0.20394736842105263
23610,0.039301310043668124
23611,0.012114989733059548
23612,0.08217054263565891
23613,0.18763796909492272
23614,0.012114989733059548
23615,0.5698478561549101
23616,0.18763796909492272
23617,0.012114989733059548
23618,0.9664082687338501
23619,0.012114989733059548
23620,0.012114989733059548
23621,0.18763796909492272
23622,0.08217054263565891
23623,0.012114989733059548
23624,0.3619047619047619
23625,0.9664082687338501
23626,0.012114989733059548
23627,0.0594855305466238
23628,0.012114989733059548
23629,0.012114989733059548
23630,0.08217054263565891
23631,1.0
23632,0.012114989733059548
23633,0.9664082687338501
23634,0.012114989733059548
23635,0.039301310043668124
23636,0.20394736842105263
23637,0.012114989733059548
23638,0.3619047619047619
23639,0.012114989733059548
23640,0.012114989733059548
23641,0.012114989733059548
23642,0.0594855305466238
23643,0.18763796909492272
23644,0.039301310043668124
23645,0.012114989733059548
23646,0.3619047619047619
23647,0.012114989733059548
23648,0.18763796909492272
23649,0.18763796909492272
23650,0.7704918032786885
23651,0.012114989733059548
23652,0.012114989733059548
23653,0.9664082687338501
23654,0.012114989733059548
23655,0.3619047619047619
23656,0.039301310043668124
23657,0.20394736842105263
23658,0.3619047619047619
23659,0.012114989733059548
23660,0.039301310043668124
23661,0.039301310043668124
23662,0.039301310043668124
23663,0.012114989733059548
23664,0.9664082687338501
23665,0.012114989733059548
23666,0.012114989733059548
23667,0.039301310043668124
23668,0.012114989733059548
23669,0.7704918032786885
23670,0.0594855305466238
23671,0.20394736842105263
23672,0.08217054263565891
23673,0.012114989733059548
23674,0.8596491228070176
23675,0.18763796909492272
23676,0.012114989733059548
23677,0.20394736842105263
23678,0.7704918032786885
23679,0.08217054263565891
23680,0.012114989733059548
23681,0.18763796909492272
23682,0.012114989733059548
23683,0.3619047619047619
23684,0.012114989733059548
23685,0.5698478561549101
23686,0.039301310043668124
23687,0.7704918032786885
23688,0.012114989733059548
23689,0.20394736842105263
23690,0.3619047619047619
23691,0.5698478561549101
23692,0.012114989733059548
23693,1.0
23694,0.9664082687338501
23695,0.012114989733059548
23696,0.3619047619047619
23697,0.0594855305466238
23698,0.3619047619047619
23699,0.0594855305466238
23700,0.3619047619047619
23701,0.012114989733059548
23702,0.7704918032786885
23703,0.012114989733059548
23704,0.3619047619047619
23705,0.012114989733059548
23706,0.012114989733059548
23707,0.08217054263565891
23708,0.08217054263565891
23709,0.039301310043668124
23710,0.012114989733059548
23711,0.08217054263565891
23712,0.012114989733059548
23713,0.3619047619047619
23714,0.8596491228070176
23715,0.9664082687338501
23716,0.012114989733059548
23717,0.20394736842105263
23718,0.012114989733059548
23719,0.0594855305466238
23720,0.3619047619047619
23721,0.012114989733059548
23722,0.012114989733059548
23723,1.0
23724,0.0594855305466238
23725,0.012114989733059548
23726,0.012114989733059548
23727,0.18763796909492272
23728,0.3619047619047619
23729,0.012114989733059548
23730,0.7704918032786885
23731,0.08217054263565891
23732,0.012114989733059548
23733,0.012114989733059548
23734,0.7704918032786885
23735,0.012114989733059548
23736,0.012114989733059548
23737,0.012114989733059548
23738,0.3619047619047619
23739,0.0594855305466238
23740,0.012114989733059548
23741,0.5698478561549101
23742,0.08217054263565891
23743,0.012114989733059548
23744,0.012114989733059548
23745,0.9664082687338501
23746,0.012114989733059548
23747,0.039301310043668124
23748,0.9664082687338501
23749,0.3619047619047619
23750,0.3619047619047619
23751,0.08217054263565891
23752,0.9664082687338501
23753,0.012114989733059548
23754,0.012114989733059548
23755,0.18763796909492272
23756,0.08217054263565891
23757,0.039301310043668124
23758,0.012114989733059548
23759,0.18763796909492272
23760,0.012114989733059548
23761,0.012114989733059548
23762,0.012114989733059548
23763,0.7704918032786885
23764,0.012114989733059548
23765,0.0594855305466238
23766,0.012114989733059548
23767,0.012114989733059548
23768,0.7704918032786885
23769,0.039301310043668124
23770,0.18763796909492272
23771,0.012114989733059548
23772,0.039301310043668124
23773,0.012114989733059548
23774,0.5698478561549101
23775,0.5698478561549101
23776,0.012114989733059548
23777,0.039301310043668124
23778,0.9664082687338501
23779,0.039301310043668124
23780,0.9664082687338501
23781,0.0594855305466238
23782,0.08217054263565891
23783,0.012114989733059548
23784,0.012114989733059548
23785,0.012114989733059548
23786,0.5698478561549101
23787,0.18763796909492272
23788,0.18763796909492272
23789,0.039301310043668124
23790,0.5698478561549101
23791,0.012114989733059548
23792,0.012114989733059548
23793,0.012114989733059548
23794,0.012114989733059548
23795,0.012114989733059548
23796,0.012114989733059548
23797,0.7704918032786885
23798,0.012114989733059548
23799,0.5698478561549101
23800,0.039301310043668124
23801,0.18763796909492272
23802,0.039301310043668124
23803,0.7704918032786885
23804,0.0594855305466238
23805,0.7704918032786885
23806,0.5698478561549101
23807,0.18763796909492272
23808,0.012114989733059548
23809,0.5698478561549101
23810,0.012114989733059548
23811,0.3619047619047619
23812,0.7704918032786885
23813,0.18763796909492272
23814,0.012114989733059548
23815,0.012114989733059548
23816,0.039301310043668124
23817,0.7704918032786885
23818,0.012114989733059548
23819,0.039301310043668124
23820,0.012114989733059548
23821,0.012114989733059548
23822,0.012114989733059548
23823,0.039301310043668124
23824,0.012114989733059548
23825,0.039301310043668124
23826,0.3619047619047619
23827,0.18763796909492272
23828,0.012114989733059548
23829,0.0594855305466238
23830,0.039301310043668124
23831,0.0594855305466238
23832,0.9664082687338501
23833,0.012114989733059548
23834,0.012114989733059548
23835,0.012114989733059548
23836,0.0594855305466238
23837,0.20394736842105263
23838,0.039301310043668124
23839,0.012114989733059548
23840,0.039301310043668124
23841,0.7704918032786885
23842,0.3619047619047619
23843,0.012114989733059548
23844,0.3619047619047619
23845,0.3619047619047619
23846,0.012114989733059548
23847,0.012114989733059548
23848,0.012114989733059548
23849,0.7704918032786885
23850,0.012114989733059548
23851,0.3619047619047619
23852,0.012114989733059548
23853,0.012114989733059548
23854,0.5698478561549101
23855,0.08217054263565891
23856,0.0594855305466238
23857,0.18763796909492272
23858,0.18763796909492272
23859,0.012114989733059548
23860,0.012114989733059548
23861,0.0594855305466238
23862,0.012114989733059548
23863,0.012114989733059548
23864,0.012114989733059548
23865,0.08217054263565891
23866,0.0594855305466238
23867,0.9664082687338501
23868,0.08217054263565891
23869,0.012114989733059548
23870,0.012114989733059548
23871,0.5698478561549101
23872,0.20394736842105263
23873,0.012114989733059548
23874,0.7704918032786885
23875,0.012114989733059548
23876,0.20394736842105263
23877,0.0594855305466238
23878,0.9664082687338501
23879,0.08217054263565891
23880,0.012114989733059548
23881,0.7704918032786885
23882,0.7704918032786885
23883,0.18763796909492272
23884,0.012114989733059548
23885,0.9664082687338501
23886,0.012114989733059548
23887,0.012114989733059548
23888,0.18763796909492272
23889,0.20394736842105263
23890,0.012114989733059548
23891,0.012114989733059548
23892,0.18763796909492272
23893,0.012114989733059548
23894,0.18763796909492272
23895,0.012114989733059548
23896,0.3619047619047619
23897,0.039301310043668124
23898,0.012114989733059548
23899,0.039301310043668124
23900,0.012114989733059548
23901,0.0594855305466238
23902,0.012114989733059548
23903,0.012114989733059548
23904,0.20394736842105263
23905,0.039301310043668124
23906,0.0594855305466238
23907,0.012114989733059548
23908,0.012114989733059548
23909,0.012114989733059548
23910,0.012114989733059548
23911,0.012114989733059548
23912,0.08217054263565891
23913,0.012114989733059548
23914,0.012114989733059548
23915,0.012114989733059548
23916,0.3619047619047619
23917,0.012114989733059548
23918,0.5698478561549101
23919,0.012114989733059548
23920,0.3619047619047619
23921,0.012114989733059548
23922,0.012114989733059548
23923,0.7704918032786885
23924,0.012114989733059548
23925,1.0
23926,0.012114989733059548
23927,0.3619047619047619
23928,0.0594855305466238
23929,0.20394736842105263
23930,0.0594855305466238
23931,0.012114989733059548
23932,0.0594855305466238
23933,0.20394736842105263
23934,0.039301310043668124
23935,0.039301310043668124
23936,0.012114989733059548
23937,0.039301310043668124
23938,0.012114989733059548
23939,0.5698478561549101
23940,0.039301310043668124
23941,0.7704918032786885
23942,0.0594855305466238
23943,0.012114989733059548
23944,0.18763796909492272
23945,0.08217054263565891
23946,0.012114989733059548
23947,0.039301310043668124
23948,0.5698478561549101
23949,0.012114989733059548
23950,0.012114989733059548
23951,0.012114989733059548
23952,0.039301310043668124
23953,0.012114989733059548
23954,0.08217054263565891
23955,0.0594855305466238
23956,0.08217054263565891
23957,0.012114989733059548
23958,0.7704918032786885
23959,0.012114989733059548
23960,0.08217054263565891
23961,0.039301310043668124
23962,0.012114989733059548
23963,0.3619047619047619
23964,0.08217054263565891
23965,0.0594855305466238
23966,0.012114989733059548
23967,0.012114989733059548
23968,0.012114989733059548
23969,0.012114989733059548
23970,0.7704918032786885
23971,0.012114989733059548
23972,0.012114989733059548
23973,0.012114989733059548
23974,0.5698478561549101
23975,0.9664082687338501
23976,0.012114989733059548
23977,0.9664082687338501
23978,0.012114989733059548
23979,0.18763796909492272
23980,0.3619047619047619
23981,0.012114989733059548
23982,0.08217054263565891
23983,0.9664082687338501
23984,0.20394736842105263
23985,0.012114989733059548
23986,0.3619047619047619
23987,0.18763796909492272
23988,0.012114989733059548
23989,0.039301310043668124
23990,0.039301310043668124
23991,0.7704918032786885
23992,0.039301310043668124
23993,0.012114989733059548
23994,0.3619047619047619
23995,0.18763796909492272
23996,0.3619047619047619
23997,0.039301310043668124
23998,0.9664082687338501
23999,0.039301310043668124
24000,0.012114989733059548
24001,0.012114989733059548
24002,0.012114989733059548
24003,0.08217054263565891
24004,0.18763796909492272
24005,0.3619047619047619
24006,0.18763796909492272
24007,0.012114989733059548
24008,0.012114989733059548
24009,0.012114989733059548
24010,0.012114989733059548
24011,0.012114989733059548
24012,0.012114989733059548
24013,0.5698478561549101
24014,0.8933333333333333
24015,0.20394736842105263
24016,0.012114989733059548
24017,0.3619047619047619
24018,0.012114989733059548
24019,0.012114989733059548
24020,0.012114989733059548
24021,0.039301310043668124
24022,0.0594855305466238
24023,0.9664082687338501
24024,0.3619047619047619
24025,0.012114989733059548
24026,0.012114989733059548
24027,0.012114989733059548
24028,0.012114989733059548
24029,0.3619047619047619
24030,0.012114989733059548
24031,0.012114989733059548
24032,0.039301310043668124
24033,0.012114989733059548
24034,0.08217054263565891
24035,0.012114989733059548
24036,0.039301310043668124
24037,0.012114989733059548
24038,0.3619047619047619
24039,0.7704918032786885
24040,0.012114989733059548
24041,0.7704918032786885
24042,0.20394736842105263
24043,0.08217054263565891
24044,0.5698478561549101
24045,1.0
24046,0.5698478561549101
24047,0.012114989733059548
24048,0.18763796909492272
24049,0.18763796909492272
24050,0.08217054263565891
24051,0.012114989733059548
24052,0.012114989733059548
24053,0.20394736842105263
24054,0.012114989733059548
24055,0.7704918032786885
24056,0.012114989733059548
24057,0.08217054263565891
24058,0.039301310043668124
24059,0.7704918032786885
24060,0.7704918032786885
24061,0.012114989733059548
24062,0.0594855305466238
24063,0.20394736842105263
24064,0.012114989733059548
24065,0.012114989733059548
24066,0.0594855305466238
24067,0.012114989733059548
24068,0.08217054263565891
24069,0.012114989733059548
24070,0.08217054263565891
24071,0.08217054263565891
24072,0.18763796909492272
24073,0.7704918032786885
24074,0.0594855305466238
24075,0.9664082687338501
24076,0.039301310043668124
24077,0.3619047619047619
24078,0.012114989733059548
24079,0.7704918032786885
24080,0.08217054263565891
24081,0.012114989733059548
24082,0.7704918032786885
24083,0.7704918032786885
24084,0.012114989733059548
24085,0.5698478561549101
24086,0.012114989733059548
24087,0.039301310043668124
24088,0.0594855305466238
24089,0.5698478561549101
24090,0.3619047619047619
24091,0.08217054263565891
24092,0.012114989733059548
24093,0.039301310043668124
24094,0.18763796909492272
24095,0.012114989733059548
24096,0.18763796909492272
24097,0.18763796909492272
24098,0.18763796909492272
24099,0.3619047619047619
24100,0.012114989733059548
24101,0.0594855305466238
24102,0.012114989733059548
24103,1.0
24104,0.039301310043668124
24105,0.08217054263565891
24106,0.0594855305466238
24107,0.012114989733059548
24108,0.012114989733059548
24109,0.7704918032786885
24110,0.7704918032786885
24111,0.8933333333333333
24112,0.18763796909492272
24113,0.012114989733059548
24114,0.012114989733059548
24115,0.012114989733059548
24116,0.9664082687338501
24117,0.18763796909492272
24118,0.012114989733059548
24119,0.18763796909492272
24120,0.039301310043668124
24121,0.18763796909492272
24122,0.012114989733059548
24123,0.012114989733059548
24124,0.039301310043668124
24125,0.012114989733059548
24126,0.012114989733059548
24127,0.012114989733059548
24128,0.012114989733059548
24129,0.012114989733059548
24130,0.20394736842105263
24131,0.039301310043668124
24132,0.012114989733059548
24133,0.039301310043668124
24134,0.9664082687338501
24135,0.3619047619047619
24136,0.08217054263565891
24137,0.012114989733059548
24138,0.012114989733059548
24139,0.012114989733059548
24140,0.012114989733059548
24141,0.9664082687338501
24142,0.08217054263565891
24143,1.0
24144,0.5698478561549101
24145,0.012114989733059548
24146,0.08217054263565891
24147,0.039301310043668124
24148,0.039301310043668124
24149,0.012114989733059548
24150,0.039301310043668124
24151,0.18763796909492272
24152,0.5698478561549101
24153,0.0594855305466238
24154,0.08217054263565891
24155,0.3619047619047619
24156,0.18763796909492272
24157,0.012114989733059548
24158,0.08217054263565891
24159,0.0594855305466238
24160,0.039301310043668124
24161,0.9664082687338501
24162,0.0594855305466238
24163,0.0594855305466238
24164,0.039301310043668124
24165,0.012114989733059548
24166,0.039301310043668124
24167,0.7704918032786885
24168,0.0594855305466238
24169,0.012114989733059548
24170,0.012114989733059548
24171,0.039301310043668124
24172,0.012114989733059548
24173,0.012114989733059548
24174,0.7704918032786885
24175,0.039301310043668124
24176,0.012114989733059548
24177,0.18763796909492272
24178,0.9664082687338501
24179,0.039301310043668124
24180,0.18763796909492272
24181,0.039301310043668124
24182,0.012114989733059548
24183,0.012114989733059548
24184,0.3619047619047619
24185,0.7704918032786885
24186,0.012114989733059548
24187,0.012114989733059548
24188,0.012114989733059548
24189,0.039301310043668124
24190,0.18763796909492272
24191,0.012114989733059548
24192,0.9664082687338501
24193,0.012114989733059548
24194,0.012114989733059548
24195,0.012114989733059548
24196,0.012114989733059548
24197,0.3619047619047619
24198,0.012114989733059548
24199,0.7704918032786885
24200,0.039301310043668124
24201,0.012114989733059548
24202,0.039301310043668124
24203,0.20394736842105263
24204,0.012114989733059548
24205,0.039301310043668124
24206,0.18763796909492272
24207,0.20394736842105263
24208,0.012114989733059548
24209,0.039301310043668124
24210,0.012114989733059548
24211,0.039301310043668124
24212,0.012114989733059548
24213,0.18763796909492272
24214,0.012114989733059548
24215,0.039301310043668124
24216,0.039301310043668124
24217,0.012114989733059548
24218,0.20394736842105263
24219,0.3619047619047619
24220,0.012114989733059548
24221,0.3619047619047619
24222,0.039301310043668124
24223,0.039301310043668124
24224,0.039301310043668124
24225,0.18763796909492272
24226,0.18763796909492272
24227,0.012114989733059548
24228,0.012114989733059548
24229,0.08217054263565891
24230,0.3619047619047619
24231,0.012114989733059548
24232,0.012114989733059548
24233,0.012114989733059548
24234,0.012114989733059548
24235,0.18763796909492272
24236,0.5698478561549101
24237,0.18763796909492272
24238,0.039301310043668124
24239,0.3619047619047619
24240,0.012114989733059548
24241,0.08217054263565891
24242,0.012114989733059548
24243,0.18763796909492272
24244,0.0594855305466238
24245,0.012114989733059548
24246,0.039301310043668124
24247,0.039301310043668124
24248,0.0594855305466238
24249,0.012114989733059548
24250,0.012114989733059548
24251,0.012114989733059548
24252,0.012114989733059548
24253,0.039301310043668124
24254,0.7704918032786885
24255,0.012114989733059548
24256,0.012114989733059548
24257,0.012114989733059548
24258,0.18763796909492272
24259,0.0594855305466238
24260,0.039301310043668124
24261,0.08217054263565891
24262,0.039301310043668124
24263,0.5698478561549101
24264,0.012114989733059548
24265,0.20394736842105263
24266,0.012114989733059548
24267,0.0594855305466238
24268,0.012114989733059548
24269,0.039301310043668124
24270,0.7704918032786885
24271,0.012114989733059548
24272,0.012114989733059548
24273,0.012114989733059548
24274,0.039301310043668124
24275,0.7704918032786885
24276,0.08217054263565891
24277,0.18763796909492272
24278,0.0594855305466238
24279,0.012114989733059548
24280,0.08217054263565891
24281,0.012114989733059548
24282,0.039301310043668124
24283,0.039301310043668124
24284,0.012114989733059548
24285,0.012114989733059548
24286,0.3619047619047619
24287,0.5698478561549101
24288,0.3619047619047619
24289,0.012114989733059548
24290,0.039301310043668124
24291,0.012114989733059548
24292,0.012114989733059548
24293,0.08217054263565891
24294,0.18763796909492272
24295,0.0594855305466238
24296,0.012114989733059548
24297,0.012114989733059548
24298,0.3619047619047619
24299,0.039301310043668124
24300,0.012114989733059548
24301,0.3619047619047619
24302,0.012114989733059548
24303,0.012114989733059548
24304,0.012114989733059548
24305,0.012114989733059548
24306,0.012114989733059548
24307,0.7704918032786885
24308,0.5698478561549101
24309,0.039301310043668124
24310,0.012114989733059548
24311,0.039301310043668124
24312,0.012114989733059548
24313,0.012114989733059548
24314,0.012114989733059548
24315,0.012114989733059548
24316,0.012114989733059548
24317,0.3619047619047619
24318,0.7704918032786885
24319,0.5698478561549101
24320,0.012114989733059548
24321,0.039301310043668124
24322,0.039301310043668124
24323,0.039301310043668124
24324,0.012114989733059548
24325,0.9664082687338501
24326,1.0
24327,0.039301310043668124
24328,0.012114989733059548
24329,0.012114989733059548
24330,0.5698478561549101
24331,0.012114989733059548
24332,0.012114989733059548
24333,0.012114989733059548
24334,0.18763796909492272
24335,0.039301310043668124
24336,1.0
24337,0.18763796909492272
24338,0.5698478561549101
24339,0.3619047619047619
24340,0.012114989733059548
24341,0.18763796909492272
24342,0.08217054263565891
24343,0.012114989733059548
24344,0.012114989733059548
24345,0.18763796909492272
24346,0.012114989733059548
24347,0.18763796909492272
24348,0.012114989733059548
24349,0.7704918032786885
24350,0.0594855305466238
24351,0.012114989733059548
24352,0.20394736842105263
24353,0.012114989733059548
24354,0.039301310043668124
24355,0.039301310043668124
24356,0.012114989733059548
24357,0.012114989733059548
24358,0.012114989733059548
24359,0.039301310043668124
24360,0.012114989733059548
24361,0.18763796909492272
24362,0.012114989733059548
24363,0.7704918032786885
24364,0.18763796909492272
24365,0.012114989733059548
24366,0.012114989733059548
24367,0.039301310043668124
24368,0.3619047619047619
24369,0.012114989733059548
24370,0.012114989733059548
24371,0.039301310043668124
24372,0.012114989733059548
24373,0.9664082687338501
24374,0.18763796909492272
24375,0.7704918032786885
24376,0.039301310043668124
24377,0.012114989733059548
24378,0.012114989733059548
24379,0.5698478561549101
24380,0.7704918032786885
24381,0.8933333333333333
24382,0.012114989733059548
24383,0.039301310043668124
24384,0.5698478561549101
24385,0.012114989733059548
24386,0.039301310043668124
24387,0.5698478561549101
24388,0.012114989733059548
24389,0.012114989733059548
24390,0.039301310043668124
24391,0.5698478561549101
24392,0.18763796909492272
24393,0.039301310043668124
24394,0.039301310043668124
24395,0.012114989733059548
24396,0.7704918032786885
24397,0.012114989733059548
24398,0.012114989733059548
24399,0.012114989733059548
24400,0.0594855305466238
24401,0.012114989733059548
24402,0.012114989733059548
24403,1.0
24404,0.012114989733059548
24405,0.0594855305466238
24406,0.012114989733059548
24407,0.5698478561549101
24408,0.7704918032786885
24409,0.0594855305466238
24410,0.5698478561549101
24411,0.012114989733059548
24412,0.039301310043668124
24413,0.012114989733059548
24414,0.012114989733059548
24415,0.012114989733059548
24416,0.012114989733059548
24417,0.012114989733059548
24418,0.7704918032786885
24419,0.0594855305466238
24420,0.012114989733059548
24421,0.012114989733059548
24422,0.3619047619047619
24423,0.012114989733059548
24424,0.012114989733059548
24425,0.08217054263565891
24426,0.5698478561549101
24427,0.012114989733059548
24428,0.18763796909492272
24429,0.3619047619047619
24430,0.08217054263565891
24431,0.0594855305466238
24432,0.012114989733059548
24433,0.012114989733059548
24434,0.012114989733059548
24435,0.18763796909492272
24436,0.039301310043668124
24437,0.7704918032786885
24438,0.012114989733059548
24439,0.012114989733059548
24440,0.012114989733059548
24441,0.012114989733059548
24442,0.039301310043668124
24443,0.5698478561549101
24444,0.18763796909492272
24445,0.7704918032786885
24446,0.18763796909492272
24447,0.7704918032786885
24448,0.012114989733059548
24449,0.18763796909492272
24450,0.012114989733059548
24451,0.08217054263565891
24452,0.7704918032786885
24453,0.039301310043668124
24454,0.012114989733059548
24455,0.08217054263565891
24456,0.039301310043668124
24457,0.039301310043668124
24458,0.012114989733059548
24459,0.039301310043668124
24460,0.012114989733059548
24461,0.012114989733059548
24462,0.5698478561549101
24463,0.012114989733059548
24464,0.3619047619047619
24465,0.3619047619047619
24466,0.7704918032786885
24467,0.039301310043668124
24468,0.012114989733059548
24469,0.012114989733059548
24470,0.012114989733059548
24471,0.8933333333333333
24472,0.20394736842105263
24473,0.5698478561549101
24474,0.039301310043668124
24475,0.012114989733059548
24476,0.012114989733059548
24477,0.08217054263565891
24478,0.18763796909492272
24479,0.012114989733059548
24480,0.012114989733059548
24481,0.012114989733059548
24482,0.5698478561549101
24483,0.0594855305466238
24484,0.012114989733059548
24485,0.012114989733059548
24486,0.012114989733059548
24487,0.039301310043668124
24488,0.3619047619047619
24489,0.0594855305466238
24490,0.012114989733059548
24491,0.7704918032786885
24492,0.039301310043668124
24493,0.012114989733059548
24494,0.039301310043668124
24495,0.012114989733059548
24496,0.012114989733059548
24497,0.0594855305466238
24498,0.18763796909492272
24499,0.012114989733059548
24500,0.012114989733059548
24501,0.18763796909492272
24502,0.012114989733059548
24503,0.012114989733059548
24504,0.012114989733059548
24505,0.012114989733059548
24506,0.08217054263565891
24507,0.012114989733059548
24508,0.012114989733059548
24509,0.20394736842105263
24510,0.3619047619047619
24511,0.3619047619047619
24512,0.3619047619047619
24513,0.012114989733059548
24514,0.5698478561549101
24515,0.039301310043668124
24516,0.0594855305466238
24517,0.012114989733059548
24518,0.9664082687338501
24519,0.9664082687338501
24520,0.012114989733059548
24521,0.039301310043668124
24522,0.012114989733059548
24523,0.5698478561549101
24524,0.08217054263565891
24525,0.039301310043668124
24526,0.012114989733059548
24527,0.012114989733059548
24528,0.039301310043668124
24529,0.012114989733059548
24530,0.012114989733059548
24531,0.012114989733059548
24532,0.9664082687338501
24533,0.7704918032786885
24534,0.3619047619047619
24535,0.18763796909492272
24536,0.7704918032786885
24537,0.039301310043668124
24538,0.20394736842105263
24539,0.20394736842105263
24540,0.7704918032786885
24541,0.0594855305466238
24542,0.039301310043668124
24543,0.08217054263565891
24544,0.20394736842105263
24545,0.012114989733059548
24546,0.039301310043668124
24547,0.0594855305466238
24548,0.9664082687338501
24549,0.039301310043668124
24550,0.012114989733059548
24551,0.012114989733059548
24552,0.012114989733059548
24553,0.012114989733059548
24554,0.08217054263565891
24555,0.012114989733059548
24556,0.012114989733059548
24557,0.0594855305466238
24558,0.9664082687338501
24559,0.18763796909492272
24560,0.7704918032786885
24561,0.3619047619047619
24562,0.9664082687338501
24563,0.012114989733059548
24564,0.012114989733059548
24565,0.0594855305466238
24566,0.0594855305466238
24567,0.012114989733059548
24568,0.5698478561549101
24569,0.012114989733059548
24570,0.20394736842105263
24571,0.012114989733059548
24572,0.039301310043668124
24573,0.012114989733059548
24574,0.012114989733059548
24575,0.0594855305466238
24576,0.9664082687338501
24577,0.012114989733059548
24578,0.012114989733059548
24579,0.7704918032786885
24580,0.012114989733059548
24581,0.9664082687338501
24582,0.7704918032786885
24583,0.7704918032786885
24584,0.7704918032786885
24585,0.012114989733059548
24586,0.012114989733059548
24587,0.5698478561549101
24588,0.0594855305466238
24589,0.039301310043668124
24590,0.039301310043668124
24591,0.012114989733059548
24592,0.3619047619047619
24593,0.08217054263565891
24594,0.5698478561549101
24595,0.012114989733059548
24596,0.9664082687338501
24597,0.012114989733059548
24598,0.012114989733059548
24599,0.012114989733059548
24600,0.20394736842105263
24601,0.0594855305466238
24602,0.012114989733059548
24603,0.012114989733059548
24604,0.012114989733059548
24605,0.012114989733059548
24606,0.7704918032786885
24607,0.012114989733059548
24608,0.0594855305466238
24609,0.039301310043668124
24610,0.012114989733059548
24611,0.012114989733059548
24612,0.5698478561549101
24613,0.039301310043668124
24614,0.012114989733059548
24615,0.18763796909492272
24616,0.7704918032786885
24617,0.039301310043668124
24618,0.7704918032786885
24619,0.18763796909492272
24620,0.20394736842105263
24621,0.5698478561549101
24622,0.012114989733059548
24623,0.18763796909492272
24624,0.012114989733059548
24625,0.8933333333333333
24626,0.3619047619047619
24627,0.012114989733059548
24628,0.18763796909492272
24629,0.039301310043668124
24630,0.20394736842105263
24631,0.012114989733059548
24632,0.012114989733059548
24633,0.012114989733059548
24634,0.5698478561549101
24635,0.039301310043668124
24636,0.039301310043668124
24637,0.20394736842105263
24638,0.012114989733059548
24639,0.039301310043668124
24640,0.012114989733059548
24641,0.7704918032786885
24642,0.8933333333333333
24643,0.012114989733059548
24644,0.039301310043668124
24645,0.3619047619047619
24646,0.3619047619047619
24647,0.039301310043668124
24648,0.5698478561549101
24649,0.012114989733059548
24650,0.012114989733059548
24651,0.039301310043668124
24652,0.20394736842105263
24653,0.039301310043668124
24654,0.9664082687338501
24655,0.0594855305466238
24656,0.012114989733059548
24657,0.7704918032786885
24658,0.7704918032786885
24659,0.012114989733059548
24660,0.012114989733059548
24661,0.20394736842105263
24662,0.5698478561549101
24663,0.012114989733059548
24664,0.039301310043668124
24665,0.0594855305466238
24666,0.012114989733059548
24667,0.039301310043668124
24668,0.5698478561549101
24669,0.3619047619047619
24670,0.3619047619047619
24671,0.9664082687338501
24672,0.18763796909492272
24673,0.012114989733059548
24674,0.08217054263565891
24675,0.012114989733059548
24676,0.012114989733059548
24677,0.7704918032786885
24678,0.9664082687338501
24679,0.08217054263565891
24680,0.7704918032786885
24681,0.012114989733059548
24682,0.012114989733059548
24683,0.20394736842105263
24684,0.9664082687338501
24685,0.20394736842105263
24686,0.08217054263565891
24687,0.18763796909492272
24688,0.5698478561549101
24689,0.5698478561549101
24690,0.012114989733059548
24691,0.012114989733059548
24692,0.9664082687338501
24693,0.5698478561549101
24694,0.08217054263565891
24695,0.039301310043668124
24696,0.5698478561549101
24697,0.012114989733059548
24698,0.012114989733059548
24699,0.7704918032786885
24700,0.039301310043668124
24701,0.012114989733059548
24702,0.18763796909492272
24703,0.012114989733059548
24704,0.012114989733059548
24705,0.039301310043668124
24706,0.3619047619047619
24707,0.5698478561549101
24708,0.012114989733059548
24709,0.039301310043668124
24710,0.012114989733059548
24711,0.08217054263565891
24712,0.20394736842105263
24713,0.18763796909492272
24714,0.18763796909492272
24715,0.20394736842105263
24716,0.5698478561549101
24717,0.08217054263565891
24718,0.012114989733059548
24719,0.18763796909492272
24720,0.039301310043668124
24721,0.039301310043668124
24722,0.012114989733059548
24723,0.012114989733059548
24724,0.039301310043668124
24725,0.5698478561549101
24726,0.18763796909492272
24727,0.012114989733059548
24728,0.5698478561549101
24729,0.012114989733059548
24730,0.012114989733059548
24731,0.039301310043668124
24732,0.039301310043668124
24733,0.039301310043668124
24734,0.20394736842105263
24735,0.012114989733059548
24736,0.18763796909492272
24737,0.012114989733059548
24738,0.18763796909492272
24739,0.012114989733059548
24740,0.18763796909492272
24741,0.0594855305466238
24742,0.5698478561549101
24743,0.012114989733059548
24744,0.039301310043668124
24745,0.18763796909492272
24746,0.0594855305466238
24747,0.08217054263565891
24748,0.5698478561549101
24749,0.012114989733059548
24750,0.3619047619047619
24751,0.039301310043668124
24752,0.012114989733059548
24753,0.20394736842105263
24754,0.20394736842105263
24755,0.012114989733059548
24756,0.012114989733059548
24757,0.20394736842105263
24758,0.012114989733059548
24759,0.012114989733059548
24760,0.012114989733059548
24761,0.012114989733059548
24762,0.3619047619047619
24763,0.08217054263565891
24764,0.012114989733059548
24765,0.012114989733059548
24766,0.012114989733059548
24767,0.039301310043668124
24768,0.0594855305466238
24769,0.012114989733059548
24770,0.012114989733059548
24771,0.012114989733059548
24772,0.18763796909492272
24773,0.039301310043668124
24774,0.039301310043668124
24775,0.012114989733059548
24776,0.039301310043668124
24777,0.0594855305466238
24778,0.3619047619047619
24779,0.012114989733059548
24780,0.012114989733059548
24781,0.012114989733059548
24782,0.7704918032786885
24783,0.3619047619047619
24784,0.039301310043668124
24785,0.20394736842105263
24786,0.039301310043668124
24787,0.012114989733059548
24788,0.5698478561549101
24789,0.0594855305466238
24790,0.012114989733059548
24791,0.18763796909492272
24792,0.012114989733059548
24793,0.20394736842105263
24794,0.012114989733059548
24795,0.012114989733059548
24796,0.9664082687338501
24797,0.012114989733059548
24798,0.012114989733059548
24799,0.08217054263565891
24800,0.0594855305466238
24801,0.012114989733059548
24802,0.3619047619047619
24803,0.012114989733059548
24804,0.012114989733059548
24805,0.18763796909492272
24806,0.012114989733059548
24807,0.0594855305466238
24808,0.012114989733059548
24809,0.039301310043668124
24810,0.012114989733059548
24811,0.012114989733059548
24812,0.012114989733059548
24813,0.039301310043668124
24814,0.18763796909492272
24815,0.012114989733059548
24816,0.012114989733059548
24817,0.20394736842105263
24818,0.0594855305466238
24819,0.5698478561549101
24820,0.7704918032786885
24821,0.012114989733059548
24822,0.08217054263565891
24823,0.18763796909492272
24824,0.039301310043668124
24825,0.012114989733059548
24826,0.3619047619047619
24827,0.012114989733059548
24828,0.0594855305466238
24829,0.012114989733059548
24830,0.18763796909492272
24831,0.012114989733059548
24832,0.012114989733059548
24833,0.18763796909492272
24834,0.039301310043668124
24835,0.08217054263565891
24836,0.039301310043668124
24837,0.012114989733059548
24838,0.5698478561549101
24839,0.039301310043668124
24840,0.9664082687338501
24841,0.9664082687338501
24842,0.012114989733059548
24843,0.039301310043668124
24844,0.012114989733059548
24845,0.012114989733059548
24846,0.012114989733059548
24847,0.5698478561549101
24848,0.012114989733059548
24849,0.012114989733059548
24850,0.012114989733059548
24851,0.3619047619047619
24852,0.039301310043668124
24853,0.08217054263565891
24854,0.012114989733059548
24855,0.9664082687338501
24856,0.012114989733059548
24857,0.012114989733059548
24858,0.18763796909492272
24859,0.039301310043668124
24860,0.039301310043668124
24861,0.3619047619047619
24862,0.012114989733059548
24863,0.3619047619047619
24864,0.012114989733059548
24865,0.18763796909492272
24866,1.0
24867,0.5698478561549101
24868,0.039301310043668124
24869,0.08217054263565891
24870,0.5698478561549101
24871,0.18763796909492272
24872,0.012114989733059548
24873,0.012114989733059548
24874,0.18763796909492272
24875,0.08217054263565891
24876,0.039301310043668124
24877,0.20394736842105263
24878,0.012114989733059548
24879,0.039301310043668124
24880,0.08217054263565891
24881,0.08217054263565891
24882,0.0594855305466238
24883,0.3619047619047619
24884,0.18763796909492272
24885,0.039301310043668124
24886,0.18763796909492272
24887,0.012114989733059548
24888,0.012114989733059548
24889,0.5698478561549101
24890,0.012114989733059548
24891,0.0594855305466238
24892,0.012114989733059548
24893,0.3619047619047619
24894,0.039301310043668124
24895,0.9664082687338501
24896,0.9664082687338501
24897,0.012114989733059548
24898,0.9664082687338501
24899,0.012114989733059548
24900,0.20394736842105263
24901,0.039301310043668124
24902,0.5698478561549101
24903,0.012114989733059548
24904,0.039301310043668124
24905,0.5698478561549101
24906,0.039301310043668124
24907,0.5698478561549101
24908,0.5698478561549101
24909,0.012114989733059548
24910,0.012114989733059548
24911,0.012114989733059548
24912,0.3619047619047619
24913,0.08217054263565891
24914,0.012114989733059548
24915,0.08217054263565891
24916,0.5698478561549101
24917,0.012114989733059548
24918,0.5698478561549101
24919,0.012114989733059548
24920,0.039301310043668124
24921,0.5698478561549101
24922,0.012114989733059548
24923,0.18763796909492272
24924,0.012114989733059548
24925,0.012114989733059548
24926,0.012114989733059548
24927,0.3619047619047619
24928,0.08217054263565891
24929,0.039301310043668124
24930,0.3619047619047619
24931,0.9664082687338501
24932,0.012114989733059548
24933,0.08217054263565891
24934,0.012114989733059548
24935,0.012114989733059548
24936,0.3619047619047619
24937,0.7704918032786885
24938,0.9664082687338501
24939,0.039301310043668124
24940,0.012114989733059548
24941,0.20394736842105263
24942,0.012114989733059548
24943,0.012114989733059548
24944,0.012114989733059548
24945,0.012114989733059548
24946,0.012114989733059548
24947,0.039301310043668124
24948,0.012114989733059548
24949,0.012114989733059548
24950,0.08217054263565891
24951,0.20394736842105263
24952,0.039301310043668124
24953,0.012114989733059548
24954,0.039301310043668124
24955,0.08217054263565891
24956,0.039301310043668124
24957,0.012114989733059548
24958,0.012114989733059548
24959,0.18763796909492272
24960,0.3619047619047619
24961,0.039301310043668124
24962,0.012114989733059548
24963,0.012114989733059548
24964,0.012114989733059548
24965,0.012114989733059548
24966,0.7704918032786885
24967,0.012114989733059548
24968,0.039301310043668124
24969,0.7704918032786885
24970,0.7704918032786885
24971,0.0594855305466238
24972,0.08217054263565891
24973,0.012114989733059548
24974,0.012114989733059548
24975,0.3619047619047619
24976,0.3619047619047619
24977,0.012114989733059548
24978,0.012114989733059548
24979,0.039301310043668124
24980,0.012114989733059548
24981,0.3619047619047619
24982,0.012114989733059548
24983,0.012114989733059548
24984,0.012114989733059548
24985,0.7704918032786885
24986,0.7704918032786885
24987,0.18763796909492272
24988,0.012114989733059548
24989,0.3619047619047619
24990,0.9664082687338501
24991,0.039301310043668124
24992,0.012114989733059548
24993,0.08217054263565891
24994,1.0
24995,0.012114989733059548
24996,0.012114989733059548
24997,0.012114989733059548
24998,0.039301310043668124
24999,0.18763796909492272
