id,Exited
15000,0.06926851052752728
15001,0.03334859834839722
15002,0.1537802469514092
15003,0.19862425621532076
15004,0.05409379838020587
15005,0.1679621801894831
15006,0.13706805912956388
15007,0.12132781800516838
15008,0.03613281500813742
15009,0.06119742094569515
15010,0.11812763517391382
15011,0.9739679247955935
15012,0.12833808628610677
15013,0.19073355719644683
15014,0.2317031198594567
15015,0.029425216862201706
15016,0.04634615367001256
15017,0.04978239512470694
15018,0.4311219263254871
15019,0.04910839899090154
15020,0.01716489428434967
15021,0.004886317416869944
15022,0.9636243269857129
15023,0.2680716748132496
15024,0.07550960457699475
15025,0.7748439327066758
15026,0.7033569327822896
15027,0.04838663478131581
15028,0.07839423698882073
15029,0.6618572887871704
15030,0.32901551083841685
15031,0.30863202012172913
15032,0.1189724348246547
15033,0.23691985497752457
15034,0.6260615543805367
15035,0.12352379036887583
15036,0.025504493253423768
15037,0.7187937706889136
15038,0.1376005369375195
15039,0.04794925394011331
15040,0.3149386319690911
15041,0.017070167573628506
15042,0.0237137109952362
15043,0.05176344821006128
15044,0.009523420927983875
15045,0.08398773230990737
15046,0.2882094801248607
15047,0.8364724635156473
15048,0.011817902122447899
15049,0.5161313145185177
15050,0.12326672143820827
15051,0.05665202513457628
15052,0.020296406615447966
15053,0.44412183771197106
15054,0.3229372738662787
15055,0.06326156575505908
15056,0.012474798997666788
15057,0.9284136353686531
15058,0.6371670274825139
15059,0.21582624790728117
15060,0.014000270950818024
15061,0.014183754927371619
15062,0.8107737733687594
15063,0.5223817556017586
15064,0.013469248695915191
15065,0.08158600530506453
15066,0.03550395175648238
15067,0.8918148053137753
15068,0.7750117374430923
15069,0.08874886967949437
15070,0.8811341956479576
15071,0.060304535150318535
15072,0.5897675408032355
15073,0.5551409762344075
15074,0.05947716038644029
15075,0.019556069586616993
15076,0.0058303666513194
15077,0.06457546661785216
15078,0.0088809293881541
15079,0.03974498550134327
15080,0.6755284560541368
15081,0.07331541015417521
15082,0.1721375714295769
15083,0.0951953785762957
15084,0.016529872881381358
15085,0.008391706736097954
15086,0.5500979157571368
15087,0.004966679749938152
15088,0.06024281451381704
15089,0.02953008096805205
15090,0.03296794682461486
15091,0.0643573052612427
15092,0.0071828788359025895
15093,0.16978442218966106
15094,0.04668157500893931
15095,0.031243274894497464
15096,0.2863735065766593
15097,0.004803676403516723
15098,0.035870402007813516
15099,0.11642042405465074
15100,0.0037016744574517348
15101,0.6692018199245255
15102,0.42885947806910185
15103,0.15792691341188136
15104,0.2888598819517789
15105,0.2881275484984132
15106,0.08340318240084768
15107,0.9439175285214111
15108,0.06178919261555416
15109,0.028585997281287315
15110,0.2599153429612211
15111,0.11287106190567493
15112,0.3228716624662515
15113,0.06590059055701687
15114,0.046814343648191044
15115,0.13834972729934594
15116,0.02814239321734982
15117,0.1784307860997166
15118,0.1200801208961862
15119,0.2259974715753808
15120,0.06763938815148988
15121,0.20109338151073392
15122,0.07559588956454508
15123,0.07898983409664338
15124,0.47167185811364054
15125,0.033133610601354876
15126,0.7192272246966958
15127,0.004966325967832223
15128,0.11794882428809057
15129,0.047016169398138394
15130,0.004167244611219666
15131,0.8394352895649403
15132,0.01657210862046429
15133,0.13004212160711104
15134,0.015300936223057917
15135,0.49112708957055606
15136,0.4644075435385784
15137,0.2788295488007783
15138,0.0296586705745427
15139,0.02488422318947255
15140,0.04630976021365251
15141,0.7772881775234413
15142,0.015102760075814212
15143,0.8708212472023347
15144,0.30253142363200847
15145,0.08797010230931772
15146,0.020715809056443872
15147,0.7331033675953554
15148,0.062106641001566265
15149,0.9508313100066242
15150,0.06480422560134075
15151,0.4339635456629336
15152,0.07237047366313185
15153,0.16435539269765817
15154,0.7435357256362909
15155,0.22367189819600986
15156,0.0209160937357135
15157,0.246357878396174
15158,0.28496163048534984
15159,0.29095042308595315
15160,0.41282599101442874
15161,0.002706660906478672
15162,0.008787742513426533
15163,0.03209072853844739
15164,0.006605307108447259
15165,0.14425755278083
15166,0.9759121639609647
15167,0.19293956967117665
15168,0.14180388144365152
15169,0.060152669349198884
15170,0.26298022848488795
15171,0.020877946378442723
15172,0.10897990835084949
15173,0.8834293211269572
15174,0.7298898010246636
15175,0.24417916462482764
15176,0.014900779215178421
15177,0.11490795684010034
15178,0.10600850307225439
15179,0.0444354760811879
15180,0.5787352046852563
15181,0.9747030619663534
15182,0.20640217696940868
15183,0.9061459423622089
15184,0.029421638006106705
15185,0.38871714721462075
15186,0.09351495921857786
15187,0.03682773145608563
15188,0.029002069373169456
15189,0.024184904792511744
15190,0.05579787866026962
15191,0.04805431194040745
15192,0.3725140572132481
15193,0.1378198538235504
15194,0.6481910677464915
15195,0.24282915034407224
15196,0.20704768499648346
15197,0.0033652160612434308
15198,0.5323324712095369
15199,0.17195687503936366
15200,0.27241042834559265
15201,0.04583313496319804
15202,0.003533038662548753
15203,0.009679701502447527
15204,0.011328218928365202
15205,0.20990819192892243
15206,0.17785577164809072
15207,0.3176036594059479
15208,0.05205749444772289
15209,0.16871548877865242
15210,0.024285960856271847
15211,0.14545767066303317
15212,0.5209430704351495
15213,0.043195411253715524
15214,0.04110439454253611
15215,0.09617815128980027
15216,0.4333598263885711
15217,0.030875174582296234
15218,0.10830763768931548
15219,0.07386055440865547
15220,0.08523242359297493
15221,0.05846920573120218
15222,0.053767464524354255
15223,0.0661835483241003
15224,0.06661303507885541
15225,0.570581612095402
15226,0.4115739587388499
15227,0.012511221537258673
15228,0.4936159785221699
15229,0.07438206057415002
15230,0.8545340451695091
15231,0.9891642388568906
15232,0.03903688540770291
15233,0.16555844566594635
15234,0.5315401734653279
15235,0.026159621651502967
15236,0.13315595485088377
15237,0.18740156531781316
15238,0.026403669145953178
15239,0.05708458665311937
15240,0.2602658284546347
15241,0.06699528090400311
15242,0.2949123671939474
15243,0.642968331951474
15244,0.07199726576567865
15245,0.9119152661953038
15246,0.0692542672808529
15247,0.3618365478842807
15248,0.26472828596319165
15249,0.037545098279700734
15250,0.026480722859462503
15251,0.06486454422984914
15252,0.1286862943430507
15253,0.1696705293122728
15254,0.028752270037106967
15255,0.03679863944589657
15256,0.019098474039534654
15257,0.03504190383475453
15258,0.7402125022558463
15259,0.09969474205513726
15260,0.005177803638834435
15261,0.05852718451342801
15262,0.0578617601005117
15263,0.9569230185332873
15264,0.20380358173305177
15265,0.14773274447327128
15266,0.009735171522413625
15267,0.2518071936918363
15268,0.021781217851130755
15269,0.058716012002738016
15270,0.15107935295178127
15271,0.2198976745536398
15272,0.1282622272097345
15273,0.009422207807246057
15274,0.8986205862835293
15275,0.6766047034051652
15276,0.1242251959865505
15277,0.020957134487443893
15278,0.03611722053191688
15279,0.15875699029279572
15280,0.9122201121521168
15281,0.12239011739900062
15282,0.2981953215005759
15283,0.7930281113816988
15284,0.0341824506173445
15285,0.7990158183735628
15286,0.003928225796404113
15287,0.08118664036510359
15288,0.054774105857053376
15289,0.036252272727849
15290,0.0027143507633680336
15291,0.051360222841006865
15292,0.04114343128545544
15293,0.9799984068093761
15294,0.05844086250914766
15295,0.04825910217072648
15296,0.07259830665647743
15297,0.02139098820313429
15298,0.006841874430369737
15299,0.009020039754130758
15300,0.055241894844377915
15301,0.701881190350839
15302,0.3073361576102256
15303,0.029515815310762646
15304,0.05594809114324692
15305,0.06739536668489697
15306,0.016667278068973876
15307,0.7369023413549619
15308,0.003803383827659469
15309,0.12075202444945529
15310,0.4985348108181302
15311,0.2166814231382989
15312,0.04149994546704057
15313,0.03473524133703194
15314,0.009696961743533317
15315,0.027230689699688688
15316,0.09276616439996381
15317,0.08672357172143039
15318,0.3250686095899533
15319,0.005014808166022563
15320,0.01672070694908702
15321,0.050678142345146476
15322,0.3085362035537231
15323,0.004470979748408914
15324,0.7829259192639447
15325,0.005672365051929533
15326,0.11310333798661683
15327,0.25732154772157334
15328,0.053605822251301484
15329,0.00705656382443148
15330,0.010865651800754253
15331,0.03656468187797668
15332,0.013969421705197051
15333,0.013901349898699018
15334,0.22727030085794508
15335,0.0418437637291466
15336,0.14723761401937285
15337,0.2224079012744518
15338,0.28745966833597164
15339,0.016522608837056616
15340,0.03359404319370939
15341,0.007636795153069991
15342,0.8274639428719343
15343,0.0663264739333582
15344,0.12582707504397497
15345,0.23247044565301053
15346,0.8684244127904412
15347,0.2220975128376081
15348,0.037481785677062805
15349,0.07869615713087937
15350,0.02818062103305443
15351,0.042155470434756176
15352,0.07751343028859795
15353,0.2857896057611541
15354,0.03295741780728605
15355,0.06670769938259467
15356,0.5747640283537188
15357,0.04391522372857413
15358,0.22783625277009734
15359,0.002477613288243129
15360,0.0682221872200122
15361,0.019420579634903543
15362,0.04611768774057594
15363,0.07490870028565458
15364,0.14190525187295464
15365,0.4455025016254648
15366,0.6431525282977472
15367,0.7455099850145981
15368,0.00909879532325871
15369,0.10820488690958414
15370,0.8272965220133695
15371,0.06853099627587313
15372,0.073657923061715
15373,0.1374783456595933
15374,0.2446196953698369
15375,0.008691407137514161
15376,0.08338678113399868
15377,0.4990778969592725
15378,0.36403237669835536
15379,0.7668909969644665
15380,0.9019084905073114
15381,0.007290628824040046
15382,0.01837339963709658
15383,0.016445563230127563
15384,0.8481984727171616
15385,0.16385403402112336
15386,0.10594707192863155
15387,0.16516935964149182
15388,0.06914597656205279
15389,0.20813302961899546
15390,0.2674846374071956
15391,0.22199269817880993
15392,0.013239970305538402
15393,0.01261153479146676
15394,0.01474229341208819
15395,0.03497691891834671
15396,0.17181828056058637
15397,0.029561617677576854
15398,0.056190616625076774
15399,0.07439512812782778
15400,0.2743762115948062
15401,0.029444310285436683
15402,0.03326669050456569
15403,0.030185977905406912
15404,0.6605899463787237
15405,0.09946232108069541
15406,0.28573487606924647
15407,0.2266940918712629
15408,0.012379847954331823
15409,0.704999587919512
15410,0.4258220550607012
15411,0.025086814768285365
15412,0.07641405746665064
15413,0.5213537282125531
15414,0.971879337837273
15415,0.06002235481217277
15416,0.031663797819345606
15417,0.1277923619177024
15418,0.08933515304318371
15419,0.44304959387881665
15420,0.05573647777865191
15421,0.01383886138324204
15422,0.33072491923608577
15423,0.2671855988928618
15424,0.027747195415551387
15425,0.8364194035022235
15426,0.5449532403441658
15427,0.03672947810935311
15428,0.19137053793320413
15429,0.1409466517922594
15430,0.0022162504844624176
15431,0.07353535370339652
15432,0.12533895211573906
15433,0.011912349244677795
15434,0.029231634964610686
15435,0.008841430601743272
15436,0.06893009338267425
15437,0.2826175351342381
15438,0.11343862829758909
15439,0.0681957348101021
15440,0.027712667408024916
15441,0.022564906731053373
15442,0.6414455681969505
15443,0.6538208048751586
15444,0.01696024803888064
15445,0.029511533536883638
15446,0.18159153947165219
15447,0.06131272344424206
15448,0.7714568194817262
15449,0.060547269356592014
15450,0.07797931807533019
15451,0.0859817858952093
15452,0.4147668170333934
15453,0.09417742525022012
15454,0.06635515365967988
15455,0.7825908586603681
15456,0.09377673622237745
15457,0.018051419203346356
15458,0.21474527609984384
15459,0.574812272324584
15460,0.9056751355465571
15461,0.05762100101886265
15462,0.24804573065823518
15463,0.05542157324659144
15464,0.7508390763801137
15465,0.43292809612587035
15466,0.02820305679788408
15467,0.7092943218771289
15468,0.01858683803492104
15469,0.014672795666443706
15470,0.012867043229726122
15471,0.010890737905696923
15472,0.08320515710650822
15473,0.31049502978833904
15474,0.16392902521577293
15475,0.32583333034583334
15476,0.4816074282680084
15477,0.26518818253793647
15478,0.01892051703962972
15479,0.09260384114856948
15480,0.8061993990363115
15481,0.9642188038845212
15482,0.15656644357238106
15483,0.9277877464789673
15484,0.06171166235260532
15485,0.2699793385681972
15486,0.02322709718436036
15487,0.8474432997643581
15488,0.059472143919959884
15489,0.15504728169802118
15490,0.8251102343103817
15491,0.6160035286211657
15492,0.5237366982623394
15493,0.08365604159410239
15494,0.06308771546896629
15495,0.3436819232727066
15496,0.08957987494357367
15497,0.014214625735739736
15498,0.9563295925431277
15499,0.18590848042089578
15500,0.030665248085518838
15501,0.004601538096080479
15502,0.156082205143312
15503,0.954657302572881
15504,0.021015749114385557
15505,0.1688998275267817
15506,0.14139035345868833
15507,0.0035265146510235876
15508,0.29429810397161527
15509,0.025862120223958195
15510,0.07732043092531439
15511,0.006612171367098475
15512,0.015462244850654913
15513,0.047369189910789436
15514,0.04082171980149282
15515,0.016175557850239265
15516,0.24354196902025668
15517,0.2596000700341037
15518,0.024647746686043775
15519,0.1658510757145111
15520,0.22075130237756302
15521,0.14878338660701357
15522,0.035160227685435405
15523,0.014666657378282573
15524,0.13914302788280924
15525,0.00456553920833678
15526,0.024065107724228187
15527,0.1043637379585123
15528,0.013971840183215466
15529,0.22772252817679173
15530,0.011946405408065124
15531,0.08429010762456952
15532,0.046669802426255576
15533,0.23269067404341684
15534,0.025548479710233912
15535,0.06523228420825992
15536,0.2523144472767867
15537,0.1591645598183662
15538,0.08224883331035915
15539,0.08654452935099267
15540,0.0789585639545459
15541,0.21281263988039395
15542,0.024651922699035194
15543,0.023165616628355704
15544,0.07909193195062084
15545,0.08648446953120392
15546,0.46929900739571095
15547,0.2654315938362424
15548,0.02443534683406141
15549,0.6625468623214348
15550,0.021241738533199862
15551,0.04577432761472815
15552,0.05140802296132381
15553,0.028560281674940596
15554,0.16581069205074633
15555,0.02249341212180289
15556,0.030746871799555025
15557,0.07248501671803836
15558,0.08675632224406164
15559,0.03988053108144561
15560,0.08225443027635165
15561,0.15588037373760896
15562,0.02384045965783327
15563,0.0863664928708228
15564,0.13478052148200695
15565,0.2769033663889125
15566,0.019622021628077885
15567,0.04794108191405444
15568,0.01685428585744041
15569,0.01605478354157876
15570,0.2534030762431966
15571,0.5186410368479826
15572,0.8064467282982218
15573,0.06816036146328616
15574,0.04027601576860126
15575,0.03372884686927738
15576,0.1548711543293236
15577,0.4049302422361079
15578,0.9181297058364661
15579,0.46854727290871495
15580,0.04105910899251944
15581,0.0365334427885758
15582,0.08790977741877828
15583,0.04056656455096759
15584,0.2567875844828835
15585,0.026965116872884803
15586,0.003484058968824896
15587,0.0277400811837323
15588,0.10259347085637475
15589,0.02383362937555438
15590,0.10032353038009596
15591,0.16184525326052074
15592,0.032307379695484174
15593,0.981052114371852
15594,0.3534234299708188
15595,0.01998586812391021
15596,0.7713357219772946
15597,0.5922616854320799
15598,0.2146351610474967
15599,0.09935661123002955
15600,0.4742354218956237
15601,0.3303336022518614
15602,0.02641768560020485
15603,0.03954801295748942
15604,0.166236533947161
15605,0.1448908765848063
15606,0.016258466280680638
15607,0.05184506136934149
15608,0.08458525958604189
15609,0.14203237008937558
15610,0.9034380080293497
15611,0.0029284807302322907
15612,0.18494991073123385
15613,0.14277485471749266
15614,0.04583410388907863
15615,0.2196802132370993
15616,0.007228992139655346
15617,0.841804830394889
15618,0.23654615473477053
15619,0.027887525942191967
15620,0.2598873674929032
15621,0.053255902401028246
15622,0.06306127881314745
15623,0.25246741818477936
15624,0.09246212751368679
15625,0.8871202250506622
15626,0.06994298673126723
15627,0.5610196310466646
15628,0.08319789425262773
15629,0.2831883991877633
15630,0.007343353944478308
15631,0.19395953735027835
15632,0.035235294543014044
15633,0.007803258625398803
15634,0.054512447208317855
15635,0.20897627416923503
15636,0.05051331042877684
15637,0.08067643920823492
15638,0.16824378792658093
15639,0.43680740312235156
15640,0.33726981329115946
15641,0.9577773189357083
15642,0.30996766146561455
15643,0.10296748150583031
15644,0.15136369898405327
15645,0.10196366593838084
15646,0.021795215661177012
15647,0.031240322171364215
15648,0.17527988021075988
15649,0.06737116768128372
15650,0.029151042967280206
15651,0.0701406299593337
15652,0.01566704154976503
15653,0.418349471137308
15654,0.06854476634295946
15655,0.5825691443671702
15656,0.37483792007590716
15657,0.49707078308261626
15658,0.00557548952537652
15659,0.22425614121698764
15660,0.07290689625294104
15661,0.29297818848268525
15662,0.018986987260588138
15663,0.11679608896531057
15664,0.16545075722784014
15665,0.3323705992503252
15666,0.03788203727227686
15667,0.0878380949713793
15668,0.005243343440798948
15669,0.3383598301820275
15670,0.8090902328632886
15671,0.8952822169851328
15672,0.01282021397284597
15673,0.17643324427233562
15674,0.1126041453387398
15675,0.5944753653551246
15676,0.010243899472607721
15677,0.41701942947740395
15678,0.017496908862930472
15679,0.0526463644977854
15680,0.05495456924238393
15681,0.016361167457036554
15682,0.02014901394609679
15683,0.04077965813252686
15684,0.06938362147190319
15685,0.0532068140832274
15686,0.5467952461754702
15687,0.02101243810366161
15688,0.5141532659221502
15689,0.3024032442839679
15690,0.3069949798231611
15691,0.02341745448391243
15692,0.10859618336690091
15693,0.3160610199060609
15694,0.005727450085298785
15695,0.0674421368935132
15696,0.10387571380633318
15697,0.07474956877701093
15698,0.24345365094638258
15699,0.019651714370983543
15700,0.01615294387329301
15701,0.22436315816946273
15702,0.07574540351706378
15703,0.21609165482194842
15704,0.00889172606009116
15705,0.9058948756242409
15706,0.17218250183190711
15707,0.057743406652343676
15708,0.5390376919963582
15709,0.005510034915497383
15710,0.7884333863438773
15711,0.42068871601408886
15712,0.023471217437173
15713,0.009791446613566386
15714,0.028928610083981416
15715,0.6053140158684
15716,0.04594493529154698
15717,0.05618627866311664
15718,0.016950482704070857
15719,0.04270981955392314
15720,0.36188433293303507
15721,0.03043454105823755
15722,0.003910846962147164
15723,0.02905000293402727
15724,0.06490659093114641
15725,0.09072106460993418
15726,0.07063724802017186
15727,0.08526778456298145
15728,0.015229332808979387
15729,0.7694750236209706
15730,0.09153005004200339
15731,0.010766821580609662
15732,0.9133389662143515
15733,0.4951744943781597
15734,0.17786525370855294
15735,0.4618719953844898
15736,0.0666846874676254
15737,0.46767568759089057
15738,0.03041984150560899
15739,0.020499349890049017
15740,0.2588637057065192
15741,0.6259267845592643
15742,0.7035399934417002
15743,0.485608513201665
15744,0.02330532351090625
15745,0.022300625650217426
15746,0.18229739116513183
15747,0.4934080647694887
15748,0.2926344086220984
15749,0.015017020033763769
15750,0.06377133678738381
15751,0.012908405724424097
15752,0.4126619582272938
15753,0.0912301712754121
15754,0.02215829198659549
15755,0.16401602857553893
15756,0.014914712656593583
15757,0.019021138409237588
15758,0.01508138731597037
15759,0.038982607846826285
15760,0.30674947223402027
15761,0.14446013539201571
15762,0.6743224048801981
15763,0.07140894472271639
15764,0.08696179616270751
15765,0.23665197833690993
15766,0.14162177798797698
15767,0.009822450092586515
15768,0.0591253401445356
15769,0.033644332209781413
15770,0.1008058950376537
15771,0.04770815804982028
15772,0.01610317255239163
15773,0.19612917025626794
15774,0.08756914736206341
15775,0.007323454006172276
15776,0.186580886104862
15777,0.6442805858385473
15778,0.8478310274138346
15779,0.09313455433834131
15780,0.584099362802142
15781,0.06356820966230703
15782,0.07745056806800063
15783,0.009155707626587647
15784,0.0676824216704539
15785,0.07705794284528647
15786,0.05931315456240624
15787,0.013443316667862804
15788,0.5042559016253694
15789,0.48026995181308396
15790,0.08917634872675356
15791,0.024282572643161072
15792,0.8753704951938214
15793,0.019249664548607968
15794,0.02349958823560131
15795,0.18850801138396878
15796,0.020569427863017114
15797,0.14225754500727344
15798,0.9575611186202861
15799,0.06239220987722869
15800,0.32030461397648197
15801,0.5167270189535634
15802,0.5738714435835769
15803,0.19886523692938823
15804,0.04785038509317283
15805,0.09588329786899596
15806,0.02444708192173118
15807,0.6797020577379063
15808,0.3682567202416702
15809,0.035720614231431025
15810,0.8431416508782712
15811,0.942461201016106
15812,0.078824074669723
15813,0.013505313616009687
15814,0.011779346774145516
15815,0.09129104756957486
15816,0.29701195249934353
15817,0.14256479073455508
15818,0.04679311718319577
15819,0.1611441374188897
15820,0.046003044007922635
15821,0.6004919845983736
15822,0.1927062759435484
15823,0.5765633513039253
15824,0.012504231467877634
15825,0.014185369103854003
15826,0.02056249710250842
15827,0.04642509760277606
15828,0.013014357120899742
15829,0.373061778718518
15830,0.853765932793065
15831,0.1631362017917799
15832,0.2296181676906826
15833,0.6303722574055891
15834,0.04710920064432201
15835,0.014134365853486975
15836,0.01145284482765351
15837,0.1311216489861849
15838,0.006433525344034615
15839,0.00256295214310314
15840,0.013976356554102214
15841,0.03596653170566216
15842,0.276224730852845
15843,0.10088030374446973
15844,0.10404325385350363
15845,0.4570668522258346
15846,0.345976404280869
15847,0.09597446428657493
15848,0.08469025014379526
15849,0.04071021607315309
15850,0.0054283512769278015
15851,0.1129460170534672
15852,0.05281818527431226
15853,0.22576941806673004
15854,0.011284908634197087
15855,0.12427412455966846
15856,0.03188742378148336
15857,0.2132740131086263
15858,0.037058920448501766
15859,0.956179709783064
15860,0.04198550883774882
15861,0.41362655155580347
15862,0.04648172190523148
15863,0.10538604004804412
15864,0.6951650138219546
15865,0.26219080725960153
15866,0.0411433045175982
15867,0.17106559841476135
15868,0.02832066512130768
15869,0.0777688400314756
15870,0.04117944283246979
15871,0.051730891474316025
15872,0.01786880532655174
15873,0.3177105692549047
15874,0.003287943499638659
15875,0.11239171462040914
15876,0.025689983776829205
15877,0.013667360507055694
15878,0.235254541373298
15879,0.5450502698700248
15880,0.06392080207517636
15881,0.026461486988589526
15882,0.06871290535892163
15883,0.013560318200875224
15884,0.2269816411938783
15885,0.07386833595257052
15886,0.28328701388487215
15887,0.13584581020232928
15888,0.21599935668998893
15889,0.06472548766981295
15890,0.04742167117312515
15891,0.8861520325684926
15892,0.035877181929803624
15893,0.1930568252903893
15894,0.03289780554906635
15895,0.06940501333948268
15896,0.07741459085169533
15897,0.2488963067113759
15898,0.14336768901987973
15899,0.049446355502139876
15900,0.2277990715769303
15901,0.3080293974099036
15902,0.09268836765915826
15903,0.30961193597017556
15904,0.008136825873151518
15905,0.17360162292693085
15906,0.09794242898261665
15907,0.07905739912524237
15908,0.18548213556631157
15909,0.1316227326458193
15910,0.15951858775674324
15911,0.137181819467773
15912,0.0745488945567282
15913,0.045177530084866566
15914,0.42078346571126635
15915,0.05515616164865207
15916,0.0962793501317185
15917,0.043930057306912344
15918,0.011113569426414519
15919,0.1657176339576896
15920,0.2669957280212682
15921,0.43780005752765583
15922,0.06041057875326511
15923,0.013495207904185605
15924,0.7235023025274931
15925,0.017452952191610915
15926,0.05537147747474224
15927,0.7416703064956117
15928,0.10093261439632883
15929,0.4453411620298193
15930,0.874050018854352
15931,0.36738065989481267
15932,0.687400739492232
15933,0.37395182152764406
15934,0.021922735624626717
15935,0.005690307782277627
15936,0.040462427428251756
15937,0.015003895180057809
15938,0.17459052943435974
15939,0.040342203275041115
15940,0.03951251947701256
15941,0.0681031095767665
15942,0.005503411147335479
15943,0.15082025771847773
15944,0.014358952771192843
15945,0.02373815322721537
15946,0.13446326693975771
15947,0.008486103213729917
15948,0.46755878669348006
15949,0.7366513781863605
15950,0.027576475357351946
15951,0.09317780921102443
15952,0.9868101409426899
15953,0.20038207148869452
15954,0.016407311078308534
15955,0.0272081960204582
15956,0.006322157668901403
15957,0.6832521623389415
15958,0.8575579335122474
15959,0.24263481120719999
15960,0.05282573389239114
15961,0.6334757565408069
15962,0.06500412029347684
15963,0.014556275370056614
15964,0.012664035736856179
15965,0.10663766638763045
15966,0.9375004243297261
15967,0.03926746167591082
15968,0.4871504492148779
15969,0.016382020578941843
15970,0.11459920337596029
15971,0.10236298807647533
15972,0.27692519324645826
15973,0.049475555172445285
15974,0.12435276571017753
15975,0.32150592422544566
15976,0.0019290717566962244
15977,0.16687386834417495
15978,0.2204271205088442
15979,0.02229608884805622
15980,0.014302468657325923
15981,0.0383412672146459
15982,0.019956048637283327
15983,0.07216939735783634
15984,0.025006648605030678
15985,0.1685933719250852
15986,0.19981063754304654
15987,0.062440322573954495
15988,0.054039495012832055
15989,0.09879685694861355
15990,0.4655336716915205
15991,0.008144068945028669
15992,0.9342933627646843
15993,0.217890064433857
15994,0.04632790227561758
15995,0.038232513714865315
15996,0.8943024854477927
15997,0.13255760401335973
15998,0.025873969652525045
15999,0.07280826894200441
16000,0.478814590939517
16001,0.01968387222993113
16002,0.05604418895898429
16003,0.034277119104137395
16004,0.24115412290424815
16005,0.1168364471583464
16006,0.08880645271715366
16007,0.0715240493759251
16008,0.01800296394981086
16009,0.6623288984714789
16010,0.021972430753008868
16011,0.5736322912412317
16012,0.05295512495619623
16013,0.022548762188339087
16014,0.030213817117105923
16015,0.48298378372185985
16016,0.7085914481944213
16017,0.07123052561041289
16018,0.28058409270394635
16019,0.024406055439519913
16020,0.1493117747067572
16021,0.00988603544218199
16022,0.009301166373091996
16023,0.17788894970197616
16024,0.10833849380441793
16025,0.0163265679141127
16026,0.8307309227921499
16027,0.019336325703788723
16028,0.06008114744570372
16029,0.1290351627692467
16030,0.04474063215082373
16031,0.8993705531389342
16032,0.24042674230864655
16033,0.016221049651486498
16034,0.4626026941360045
16035,0.03455002669317232
16036,0.027903712683925868
16037,0.15262670891108054
16038,0.29247383223291695
16039,0.11291681630269086
16040,0.09171348919081984
16041,0.4828397715725868
16042,0.27877735137964654
16043,0.019904521778595738
16044,0.005746078964816297
16045,0.962677287421772
16046,0.5115211240955176
16047,0.4073592017091736
16048,0.1894847071667574
16049,0.10968153603765897
16050,0.0853727533941468
16051,0.04382806206073252
16052,0.05825614228454364
16053,0.01936671925259332
16054,0.3998346500827879
16055,0.08860355293519936
16056,0.2644733476508628
16057,0.6883551931692534
16058,0.48737645308107413
16059,0.06683906026973215
16060,0.7453638666325878
16061,0.2410491754015267
16062,0.022249070810638715
16063,0.011573137067350353
16064,0.05540744191339146
16065,0.03515012550281952
16066,0.04340204334894108
16067,0.057821029704637296
16068,0.2563101649552317
16069,0.21587714187651838
16070,0.7227748271392621
16071,0.023551055324479275
16072,0.09939164216252862
16073,0.33581502666059765
16074,0.06423977510051462
16075,0.8934470560213071
16076,0.4076398783022853
16077,0.37036788929705106
16078,0.7792666898460677
16079,0.8603081830649942
16080,0.03213054704869744
16081,0.026707747687026728
16082,0.26865793083973694
16083,0.2618449415502902
16084,0.04427036480688226
16085,0.02365046033404389
16086,0.4918648731479253
16087,0.02327719620606694
16088,0.025952054369492158
16089,0.0067438601292508955
16090,0.7487160036321205
16091,0.18050061881764218
16092,0.10720498198001926
16093,0.05530521596321046
16094,0.5888862594995226
16095,0.7377309615083396
16096,0.03541640512620153
16097,0.24313040383677087
16098,0.2917997231031459
16099,0.20254883109762023
16100,0.006015793064004089
16101,0.016838370964229115
16102,0.1520968258475794
16103,0.06523554274783847
16104,0.013532722933913999
16105,0.667422142200197
16106,0.35161215062592177
16107,0.04591993370172484
16108,0.863776741893246
16109,0.18141258914940495
16110,0.035326402158048976
16111,0.5197500084328515
16112,0.13408734908080236
16113,0.14021013622995693
16114,0.006999282572363118
16115,0.06685013045334985
16116,0.029056611553369065
16117,0.02990607919990615
16118,0.010659404426580733
16119,0.5977970910741454
16120,0.011080237412843
16121,0.010361071673136693
16122,0.02584636711206769
16123,0.03311405194640321
16124,0.009289241838024993
16125,0.003289659409702929
16126,0.04765030748545534
16127,0.009667865862401625
16128,0.26666616031052154
16129,0.1586004470922606
16130,0.5327126914013518
16131,0.020634165615348594
16132,0.7175090213285156
16133,0.450916683026019
16134,0.49637281962131413
16135,0.03681137786091756
16136,0.06295302138142087
16137,0.03192056882483056
16138,0.007810599575971095
16139,0.011877715430644645
16140,0.015793729621486327
16141,0.3473507943316795
16142,0.08036363014989586
16143,0.07350448338368877
16144,0.004574204333348578
16145,0.050567374584235464
16146,0.14088839505094264
16147,0.13456819135045545
16148,0.19667396549429345
16149,0.8629447987270992
16150,0.06705771796830962
16151,0.035196662507041364
16152,0.6384750588106032
16153,0.43492610138504134
16154,0.006829693196017057
16155,0.4525031238970389
16156,0.02878939802825527
16157,0.065099367665197
16158,0.40376759912045873
16159,0.22599675172760114
16160,0.2568948765671672
16161,0.4571174391984348
16162,0.009597220107832208
16163,0.04638751906967255
16164,0.43773667720943354
16165,0.10567849770948971
16166,0.05192720993446124
16167,0.33317430866863673
16168,0.10303099666655476
16169,0.11723830834835489
16170,0.06255689804202699
16171,0.45683586127939824
16172,0.11755362077574123
16173,0.6912096867718304
16174,0.2803365270487713
16175,0.08919025220629065
16176,0.04718440673839816
16177,0.5468845216803081
16178,0.033240808533621845
16179,0.2257352259898012
16180,0.013552349478212837
16181,0.03267237014959223
16182,0.10292397029752802
16183,0.012135989593005662
16184,0.028624624360549845
16185,0.09682492793086521
16186,0.8602047657329974
16187,0.056845657508000545
16188,0.2431068426265692
16189,0.05158340988947584
16190,0.011404670205027344
16191,0.6316286005353093
16192,0.9239838970751916
16193,0.28764416982046564
16194,0.0520870074600161
16195,0.1320414754987694
16196,0.14734530935137005
16197,0.041692999550135106
16198,0.10790851520076682
16199,0.2820084514295558
16200,0.011078561269331379
16201,0.12581518467173486
16202,0.13125454019017166
16203,0.5905164018932474
16204,0.04989081883737656
16205,0.41734212640262675
16206,0.05108319239268181
16207,0.10763913733673489
16208,0.25147073130193964
16209,0.343574646240616
16210,0.277066582017706
16211,0.4135822867326626
16212,0.05885438553011973
16213,0.7751734290266925
16214,0.2582668061140005
16215,0.23088312579717338
16216,0.008115297347336908
16217,0.5713202991608803
16218,0.7149450569107341
16219,0.13912677008067373
16220,0.021349612261122513
16221,0.05055459854028563
16222,0.431086962578252
16223,0.9253228583104895
16224,0.011103084837624653
16225,0.04865858125550189
16226,0.07210746007381068
16227,0.010385755890014581
16228,0.04745061257597751
16229,0.4048072494403088
16230,0.107292290670045
16231,0.530770262672346
16232,0.685601314241139
16233,0.7350062959990733
16234,0.8765973588397865
16235,0.010354319232393423
16236,0.033227380338720545
16237,0.9635703418731458
16238,0.18507030200509686
16239,0.013743378706603825
16240,0.056368159325658806
16241,0.020651284332755385
16242,0.05258765152802328
16243,0.4020703961124688
16244,0.19588215256471808
16245,0.48527366548049045
16246,0.008610906864088321
16247,0.01427419683016798
16248,0.9289830252459217
16249,0.23539569556503867
16250,0.43440017414178345
16251,0.7877497784474623
16252,0.011542422887770435
16253,0.08703431082471322
16254,0.024409181429635055
16255,0.3696389064996992
16256,0.007919414634718517
16257,0.03117279082313716
16258,0.16928970046934513
16259,0.13066135517833063
16260,0.0270799302652447
16261,0.10461604050756523
16262,0.01671976917930926
16263,0.04590407186756393
16264,0.051424488119804664
16265,0.02101104242130346
16266,0.5663005309453354
16267,0.03940516131249271
16268,0.04375299800291041
16269,0.05010532028127295
16270,0.054114140757366376
16271,0.021325989794723443
16272,0.0806184348347988
16273,0.07953015940718106
16274,0.25847017287358653
16275,0.08289513009704685
16276,0.05652159165824705
16277,0.8725718046290817
16278,0.1082798855646393
16279,0.20634295612073192
16280,0.0056004218754183745
16281,0.6326053822828785
16282,0.11062836551915835
16283,0.020421671124470304
16284,0.23015504589873784
16285,0.05555104762627763
16286,0.07707558464274707
16287,0.10245537157007156
16288,0.35438165104827213
16289,0.015038944006085568
16290,0.014266297632687686
16291,0.019953989261510537
16292,0.561105060077662
16293,0.7031486049454396
16294,0.04177307420152333
16295,0.08294058614933895
16296,0.09298426674883449
16297,0.6252711568035687
16298,0.1354748113129588
16299,0.6627657614671737
16300,0.12254209113944373
16301,0.38377541010427413
16302,0.49703835300510324
16303,0.03931305368961955
16304,0.05014385336725932
16305,0.07134671704465072
16306,0.12501245986919518
16307,0.6098997055033643
16308,0.03289760543368949
16309,0.09916863619647519
16310,0.0509356089431384
16311,0.09779800002582516
16312,0.8066018883349506
16313,0.10799698336405446
16314,0.002067504092493925
16315,0.7763594017467869
16316,0.7802133044517733
16317,0.0824432086404795
16318,0.06678917146545447
16319,0.2743413016499219
16320,0.3741159035675179
16321,0.0864365155363862
16322,0.4859971381320879
16323,0.005476860202878461
16324,0.00788098574127898
16325,0.1874428484477814
16326,0.1001064934349005
16327,0.11051335429780122
16328,0.23342227323438167
16329,0.02880766322493323
16330,0.2236975935101616
16331,0.014484739537493203
16332,0.11553148081884368
16333,0.03479822859519985
16334,0.1552973119486504
16335,0.07369886254639821
16336,0.27027298602918653
16337,0.012212704941611852
16338,0.004757134511737703
16339,0.02351400843738973
16340,0.015718058676523892
16341,0.3878764020785154
16342,0.02043537832044848
16343,0.1928584149213415
16344,0.049481084739982924
16345,0.055719336475550635
16346,0.09576457399287892
16347,0.12878892244060478
16348,0.05923147911104597
16349,0.1891896156129703
16350,0.010116703961418224
16351,0.05917110889987284
16352,0.04891272645592712
16353,0.03314870898907686
16354,0.0463369530949078
16355,0.7896824711916965
16356,0.21395560060112778
16357,0.7425320190063626
16358,0.03322861621504263
16359,0.19054653524572676
16360,0.04904809622361895
16361,0.5778068963660973
16362,0.022817979267773937
16363,0.01206692714375039
16364,0.061091871174192326
16365,0.37613163010127415
16366,0.512483620554737
16367,0.012777798849217727
16368,0.712752802372546
16369,0.17776970595810337
16370,0.5315940291318948
16371,0.01474993096924124
16372,0.02227728653319206
16373,0.056457926715506486
16374,0.05184494821793188
16375,0.04245362212426025
16376,0.21361351952654592
16377,0.12843570254991404
16378,0.009972170988092516
16379,0.454324022459845
16380,0.45276927796082483
16381,0.41483147311041657
16382,0.029973881908589326
16383,0.014145841571346768
16384,0.024232486306501662
16385,0.1525785200133054
16386,0.8259024904300046
16387,0.049639318712531584
16388,0.06193981571250073
16389,0.8774550503593047
16390,0.5629083615633281
16391,0.24574923053658346
16392,0.12161377716299969
16393,0.00538026702389516
16394,0.014989306989081859
16395,0.038444892288426916
16396,0.4064165623841353
16397,0.13263665603085842
16398,0.6616051488690107
16399,0.017851333844715284
16400,0.10272140843220148
16401,0.03182968057712758
16402,0.7146233206917376
16403,0.029440810932545518
16404,0.002728829319457619
16405,0.1766962274121967
16406,0.45233550302741465
16407,0.6429543872558805
16408,0.4959728476635701
16409,0.03089434416608086
16410,0.0578954396086088
16411,0.048693956850267416
16412,0.9223803868005438
16413,0.750052848764708
16414,0.1459486343431364
16415,0.02457850661543179
16416,0.04297987108487017
16417,0.10674970889935397
16418,0.0453267937260367
16419,0.1908370246349441
16420,0.09278072256866951
16421,0.09488743935128197
16422,0.13847123936776914
16423,0.3389833920856829
16424,0.016745485445468035
16425,0.26449358657318706
16426,0.0816861360553415
16427,0.003083679107063693
16428,0.030575681297505933
16429,0.835762559442501
16430,0.008312425862892844
16431,0.02879032028555951
16432,0.13020536762843202
16433,0.07836778429634231
16434,0.4152960570674399
16435,0.009226794046925734
16436,0.03979896749208517
16437,0.0053300342016824025
16438,0.07597666144285893
16439,0.05430489825943103
16440,0.0036066266874391333
16441,0.023360804275136562
16442,0.13149727940633735
16443,0.2802408204929593
16444,0.4046140917323316
16445,0.20428437770547964
16446,0.11358545485915661
16447,0.16835554462472913
16448,0.03392851588916198
16449,0.015268400065246159
16450,0.06538967217187466
16451,0.008002605887245872
16452,0.6617404522741174
16453,0.12394563141719712
16454,0.40467754799240874
16455,0.20842776488471976
16456,0.13254746508529142
16457,0.1656995096224033
16458,0.09132121737933767
16459,0.03813606623699546
16460,0.029187348778232806
16461,0.08069771658364037
16462,0.006717490185566197
16463,0.8091332006950107
16464,0.017671964462490253
16465,0.0780399916907761
16466,0.18378955822473717
16467,0.05314803603668369
16468,0.15936964092691067
16469,0.05503194112109052
16470,0.04210448563188657
16471,0.5507694800489307
16472,0.0302083866953545
16473,0.13490148075601036
16474,0.01748202265135442
16475,0.7754567747227173
16476,0.9517429018621926
16477,0.020678146530167182
16478,0.03086919756566792
16479,0.045015224818009375
16480,0.056318576984575056
16481,0.044959885265760065
16482,0.0019121606440828524
16483,0.5525863408469093
16484,0.050610568733509706
16485,0.004812387603710345
16486,0.11329518725905008
16487,0.04079558143367714
16488,0.0327335776588305
16489,0.9708638091207336
16490,0.12787132584395783
16491,0.027935364407817912
16492,0.31696277810608964
16493,0.05501148611016717
16494,0.3971670253321239
16495,0.0041561059565926265
16496,0.12472551996726368
16497,0.05049882287303279
16498,0.10640586050056972
16499,0.008119471902436493
16500,0.05143412566828547
16501,0.08492197499587344
16502,0.08757478848392722
16503,0.15497680265496347
16504,0.011891185482432384
16505,0.024446265271897267
16506,0.15468665628702918
16507,0.017474354385233967
16508,0.2835795074295328
16509,0.060281103688785816
16510,0.09992112101226998
16511,0.028959759698061985
16512,0.013352115815342009
16513,0.10056535119533778
16514,0.2664829587570976
16515,0.012788526976920745
16516,0.004364169045799045
16517,0.1568685835220039
16518,0.5174885705016731
16519,0.009701893897481712
16520,0.08923059860742467
16521,0.023993088346250732
16522,0.10234176725883151
16523,0.4201319732239292
16524,0.13749725404298666
16525,0.4951829991226987
16526,0.04695409462984667
16527,0.008384384918529532
16528,0.851860118198376
16529,0.4005318177861411
16530,0.014976437040771721
16531,0.008612736249417201
16532,0.5672588164690494
16533,0.014091944913360266
16534,0.05846584673648824
16535,0.10988653711758131
16536,0.13427514516741357
16537,0.006633614497844033
16538,0.047605166918823556
16539,0.6908274897243114
16540,0.3166370400970882
16541,0.01400513070106316
16542,0.06885487567711354
16543,0.2467133837374147
16544,0.336322071906372
16545,0.1346467854640924
16546,0.015617442488826978
16547,0.34890427327346174
16548,0.4421322596320575
16549,0.08910790892833338
16550,0.06191244388168566
16551,0.028328622625503858
16552,0.06404618408219888
16553,0.11817006032708205
16554,0.030122373520025062
16555,0.05801209201357748
16556,0.3802129030574006
16557,0.8525471992940553
16558,0.07215668813216507
16559,0.17635658197532933
16560,0.15455337930506483
16561,0.08808681027544127
16562,0.17072321038756255
16563,0.04561144610684976
16564,0.07876225650645954
16565,0.9502206231281224
16566,0.19554609724052505
16567,0.23415419120001388
16568,0.43370425325276357
16569,0.0223614950111429
16570,0.18289381576787922
16571,0.0838641453522627
16572,0.04243598886924823
16573,0.005664361937084776
16574,0.6011559467993277
16575,0.03255855572211627
16576,0.05207666713372566
16577,0.05655642712003505
16578,0.049321042588187425
16579,0.09350887653282569
16580,0.017781457785685628
16581,0.026790097372889957
16582,0.22389077496167378
16583,0.10859820803533266
16584,0.007261417744986981
16585,0.02727254274637634
16586,0.5983889939027148
16587,0.14178795444151857
16588,0.672819042746698
16589,0.034012860033541086
16590,0.6127911965796546
16591,0.008055455482884418
16592,0.9082564292944483
16593,0.2514124756569976
16594,0.5789603134922604
16595,0.06519448686101982
16596,0.07041172957545208
16597,0.6972669489761714
16598,0.557192714867182
16599,0.01802694029909863
16600,0.6171302940749612
16601,0.04157764194645764
16602,0.5637382878664924
16603,0.00904426322550261
16604,0.15861033055262555
16605,0.15721958545078246
16606,0.043453041042309244
16607,0.0597274445933013
16608,0.6853764910500467
16609,0.6953960234885378
16610,0.42490033234775726
16611,0.06485856358495207
16612,0.011081150951938975
16613,0.02244939443698596
16614,0.40552559150804235
16615,0.09378480400152718
16616,0.22247737083265773
16617,0.0301934333156932
16618,0.016279124658296167
16619,0.1131813367197843
16620,0.10743783793469804
16621,0.6372278551810531
16622,0.6585964594768344
16623,0.18267026974821707
16624,0.29619821269099217
16625,0.06437921894339538
16626,0.01651287717689548
16627,0.06849680020627448
16628,0.005857201395650281
16629,0.017264284842162414
16630,0.1130075081749165
16631,0.7484677233378769
16632,0.12315126317871082
16633,0.32595005244865305
16634,0.025647493172401597
16635,0.8141539789825136
16636,0.22055517918916206
16637,0.02532732775412749
16638,0.25204460704365933
16639,0.13380855001234496
16640,0.3188603487378393
16641,0.016222297860015753
16642,0.015215903699793814
16643,0.13006377556946802
16644,0.10288162333215005
16645,0.16594471673964736
16646,0.04058533490876076
16647,0.040701732066884364
16648,0.07210856485270914
16649,0.21462432098745132
16650,0.0051885730100193084
16651,0.004924514429595898
16652,0.14751377455719222
16653,0.008757466101129149
16654,0.03548843661005668
16655,0.00650141699478882
16656,0.8298464454922698
16657,0.357159298616368
16658,0.035026153367898945
16659,0.028102192835790917
16660,0.7142497521534148
16661,0.06853542280831838
16662,0.051851775531837355
16663,0.0759868704350488
16664,0.00899661728612928
16665,0.08328454569366874
16666,0.03604709381177236
16667,0.027911100879644272
16668,0.7120764393147812
16669,0.016585156349221416
16670,0.03692205717815815
16671,0.007018253874780021
16672,0.2715864443431865
16673,0.7001696387160393
16674,0.04099749366019078
16675,0.07206426312415902
16676,0.026299730868579074
16677,0.029030402929623653
16678,0.03723536753609657
16679,0.006689841787772929
16680,0.015904200621228416
16681,0.08460031642076496
16682,0.4619554309732283
16683,0.06531817021432566
16684,0.021317658418570702
16685,0.06194078071817953
16686,0.3400238766823485
16687,0.08433109328379981
16688,0.1684213963450696
16689,0.0423748266386973
16690,0.49538317606612786
16691,0.1606174474592629
16692,0.01709057445281191
16693,0.09263968753762698
16694,0.0356923054989793
16695,0.01886151096080694
16696,0.012716178697262406
16697,0.06794312561330992
16698,0.07161108310276748
16699,0.09265438299870114
16700,0.08067136448293863
16701,0.7806244731818365
16702,0.01320743687867674
16703,0.04759931011019406
16704,0.09246536762122784
16705,0.060116559053281116
16706,0.029673958659677507
16707,0.6597020921321103
16708,0.024523966754547086
16709,0.03293956631419082
16710,0.08710418567402695
16711,0.691407096740513
16712,0.07282907824788104
16713,0.7152409573148611
16714,0.06263259990979797
16715,0.28359346438716
16716,0.12639226475517595
16717,0.24966981574275987
16718,0.4744445151693983
16719,0.6543168870548628
16720,0.02357034056839842
16721,0.5211367376833564
16722,0.2321899973585205
16723,0.01670050792007748
16724,0.058509132187061365
16725,0.01753223315695644
16726,0.010065378176023411
16727,0.004910857745575923
16728,0.2747012977816323
16729,0.12080660423657825
16730,0.004116769166351935
16731,0.0564438399431731
16732,0.8895362403547847
16733,0.07154666980251667
16734,0.07941602565695127
16735,0.3222548169673889
16736,0.7129381375366107
16737,0.03820059491481782
16738,0.019034016518643653
16739,0.02379868428986485
16740,0.017446419317646306
16741,0.07450727513854755
16742,0.3496183261505925
16743,0.02763517520043171
16744,0.08877070803356282
16745,0.008111551318795368
16746,0.014487356727769875
16747,0.014134853131241961
16748,0.19819324255309564
16749,0.05121298217015747
16750,0.005407372468500349
16751,0.005628648940506264
16752,0.17641093988653886
16753,0.017540475651581112
16754,0.02693476725371581
16755,0.04132959218495925
16756,0.040750313301019865
16757,0.06265928153048451
16758,0.010788380968804981
16759,0.12395100543869822
16760,0.03212372228802038
16761,0.08853904354735802
16762,0.02044180639926815
16763,0.27850566374607993
16764,0.6222511052662147
16765,0.03845579698438912
16766,0.14681457510361193
16767,0.1415919205428685
16768,0.11000135162387875
16769,0.19994983008200626
16770,0.5322669309355592
16771,0.013022114660174777
16772,0.2311416798044551
16773,0.010916408971506449
16774,0.019499784838098062
16775,0.05459168586887828
16776,0.019677664557325395
16777,0.05322946298465697
16778,0.42227884898090906
16779,0.017657552252247435
16780,0.197588929395071
16781,0.19853507965074693
16782,0.6655458977364811
16783,0.045968320137982015
16784,0.1658990451308976
16785,0.01994897668774458
16786,0.017169349099373052
16787,0.04155293185508697
16788,0.0674054782959226
16789,0.6416761222128589
16790,0.03912693057009762
16791,0.008975668622175284
16792,0.2682458541383036
16793,0.07854109725593234
16794,0.16694323115179577
16795,0.43930616292890423
16796,0.06502008394197363
16797,0.11539719428306991
16798,0.07495856531382683
16799,0.0280679826609089
16800,0.19408202665769744
16801,0.15585070077152835
16802,0.04502019864312995
16803,0.005018879406935248
16804,0.2834625548544007
16805,0.004561730423460666
16806,0.008888614585701518
16807,0.6190008313906713
16808,0.007759155534964161
16809,0.0067704172535463895
16810,0.04169489802491923
16811,0.005527657475903811
16812,0.02105229516573657
16813,0.20089729907892573
16814,0.22214233465054178
16815,0.11436208360642476
16816,0.016883216685979807
16817,0.07293112902771005
16818,0.7919120734001667
16819,0.23319828874026075
16820,0.18968536838020522
16821,0.8658406884681489
16822,0.008732357456901364
16823,0.04807533219697899
16824,0.7800087639654415
16825,0.0531419064399221
16826,0.04215086025169376
16827,0.00526734736572257
16828,0.00790007939359949
16829,0.8943144078570837
16830,0.13561541585807496
16831,0.8314200279214018
16832,0.9015699099050034
16833,0.665934749625898
16834,0.02887458347179504
16835,0.10124269695071896
16836,0.3312374550112116
16837,0.2347680326149176
16838,0.5200841252235907
16839,0.9739162464427302
16840,0.9477504988505604
16841,0.03575709438085388
16842,0.3234818897444873
16843,0.1640237785734543
16844,0.7913314736806526
16845,0.04578573382983621
16846,0.7088066167981872
16847,0.9465626167290485
16848,0.464711243361649
16849,0.1593593325035231
16850,0.9955166873845537
16851,0.16236977184396803
16852,0.029909341777784232
16853,0.1505869111019301
16854,0.37692610013210254
16855,0.033912589023273654
16856,0.4946263444117617
16857,0.464561099329037
16858,0.8343566814760784
16859,0.025935216234811268
16860,0.21649501142353686
16861,0.005513880814632338
16862,0.06547586943031776
16863,0.07785211334729149
16864,0.055777372934890254
16865,0.025392941143986353
16866,0.18032878014362397
16867,0.09834039871300365
16868,0.27422712695607115
16869,0.031195193425465617
16870,0.1540687591872783
16871,0.5608679201066595
16872,0.15985295530303456
16873,0.028198702174114486
16874,0.028278103833298762
16875,0.5978764005731548
16876,0.016188114905470154
16877,0.01762620312397623
16878,0.009473166066234232
16879,0.023216065457321855
16880,0.08926576593759565
16881,0.11948670638608873
16882,0.0455581091857424
16883,0.08758473620301238
16884,0.1490477476213381
16885,0.10360910953259776
16886,0.0043921390015616135
16887,0.2032355905306921
16888,0.01019561987286968
16889,0.27822116836536137
16890,0.17678521620372142
16891,0.014986523095244153
16892,0.1979253992551068
16893,0.2973772417470905
16894,0.035606107180082044
16895,0.02863707697647289
16896,0.09942093190507628
16897,0.04335368305469327
16898,0.04156297774277209
16899,0.051750450574726214
16900,0.09008828588696538
16901,0.012985948097595243
16902,0.8824233843182444
16903,0.08476618681968409
16904,0.32200396866768205
16905,0.013072471319836689
16906,0.06344314688232458
16907,0.06090251288699281
16908,0.12220867311090253
16909,0.004910340206009568
16910,0.009612300731089114
16911,0.12426757187418376
16912,0.026393065704513167
16913,0.02912830809899316
16914,0.040331769462873195
16915,0.09716093737756137
16916,0.01666121485898107
16917,0.04478658676313713
16918,0.7140688450833222
16919,0.04007693535695504
16920,0.033262732893717666
16921,0.02896804618428736
16922,0.12274204431568989
16923,0.10165985305364356
16924,0.19307546939156847
16925,0.03385051891499504
16926,0.04216022583573709
16927,0.014647132237416675
16928,0.2922662449052037
16929,0.6052775561328203
16930,0.01191016204846502
16931,0.6239921183166739
16932,0.1861755565988013
16933,0.11116760781581586
16934,0.034801071796687955
16935,0.12998986634082538
16936,0.7121419409597817
16937,0.14733490553390355
16938,0.004506762073007376
16939,0.048764172333808226
16940,0.5234073886365963
16941,0.05815614188051841
16942,0.16260483229423162
16943,0.924900977130555
16944,0.06376499724275621
16945,0.029122480657992045
16946,0.09357256880704422
16947,0.045677250190552084
16948,0.040436950938882305
16949,0.2713283534359709
16950,0.09755434330997244
16951,0.9366192770301507
16952,0.034440961167138365
16953,0.16055607201654754
16954,0.8380097089609914
16955,0.017513774492417766
16956,0.07193481258377395
16957,0.373878421536342
16958,0.10305460053999113
16959,0.009651986108265145
16960,0.8649783892761558
16961,0.013983744304384291
16962,0.08145091167377708
16963,0.12222974643584593
16964,0.04846367431435937
16965,0.016467776564019824
16966,0.90490929016809
16967,0.5656669860228742
16968,0.8816165144659373
16969,0.04220463104126055
16970,0.018095433155566252
16971,0.5425661947165907
16972,0.8161955919168383
16973,0.8942319687914365
16974,0.2313237991363
16975,0.0236714715513632
16976,0.14506272589839006
16977,0.038312643230945284
16978,0.1432157478740392
16979,0.052594935619958275
16980,0.40926997759496675
16981,0.6983533592215667
16982,0.7601507039554976
16983,0.9199326044038105
16984,0.09037765447714492
16985,0.02916861512674764
16986,0.005745343581973435
16987,0.021716263203256744
16988,0.009133704233013394
16989,0.48087668636906494
16990,0.03002943572567204
16991,0.029000970580070083
16992,0.14741497385023397
16993,0.00861183466374877
16994,0.20236615325147744
16995,0.060181876542881256
16996,0.01863176848428495
16997,0.09236641082086469
16998,0.6502715556667129
16999,0.10112172573993825
17000,0.026564988089577937
17001,0.018687114269069757
17002,0.05854792793758122
17003,0.522818950107996
17004,0.05821928066750625
17005,0.27877556780557755
17006,0.031842654221957416
17007,0.3697093380750406
17008,0.15650164684025294
17009,0.4607994651616361
17010,0.16564488980317574
17011,0.12937136444828262
17012,0.049251085309791075
17013,0.029305492995406704
17014,0.6732263084155923
17015,0.6956503945713263
17016,0.0937869842887185
17017,0.2052291648341509
17018,0.05683228231237448
17019,0.08525171487127807
17020,0.050829601385887706
17021,0.02660013568554326
17022,0.11549624804129346
17023,0.9280789640052739
17024,0.03389167628692006
17025,0.07898553436694541
17026,0.010921537288561824
17027,0.031006461292324025
17028,0.8050553104317129
17029,0.046487291522159156
17030,0.0083650449132178
17031,0.01211727669215697
17032,0.5487767135670315
17033,0.07770594197146
17034,0.048049531617447294
17035,0.04721367623610914
17036,0.08013476216516811
17037,0.00836654642118587
17038,0.006133306493073645
17039,0.032990531340798115
17040,0.0316985233583617
17041,0.009895883072185472
17042,0.9245373008775345
17043,0.03589813872502718
17044,0.055246309850061626
17045,0.20905780140486974
17046,0.5754075741315029
17047,0.02142916899423589
17048,0.08626067206067858
17049,0.15814146718759906
17050,0.07772432385006645
17051,0.7680490600983959
17052,0.18825968842170443
17053,0.7345537028117771
17054,0.08761621460327985
17055,0.0980271445628486
17056,0.08986333487678608
17057,0.035052553676068444
17058,0.035578994003079026
17059,0.025880997010799336
17060,0.5061102251344176
17061,0.9417502564234816
17062,0.017924054912221557
17063,0.05914555194261832
17064,0.22114437678390314
17065,0.11786152809774486
17066,0.5504780313229
17067,0.5303796851684205
17068,0.5370971128061339
17069,0.4026258933489182
17070,0.6052721009936539
17071,0.6966125328737637
17072,0.10290030969033011
17073,0.049874746458853925
17074,0.28816160534374624
17075,0.10105103078834766
17076,0.051048749115333344
17077,0.6371770947889144
17078,0.5255017102055503
17079,0.3301708270276466
17080,0.14012358697412897
17081,0.07571311697588774
17082,0.10325969815876836
17083,0.03351042959885109
17084,0.25297424864580154
17085,0.7737399208656213
17086,0.06699040419109667
17087,0.09276456534656378
17088,0.012222494402041302
17089,0.08482632661528774
17090,0.011227828676237247
17091,0.03143026661890716
17092,0.14211203484016208
17093,0.011742489105281539
17094,0.04428469781330703
17095,0.7325953367741714
17096,0.5443985330127038
17097,0.3588843517440531
17098,0.03598394862457329
17099,0.020529142706922354
17100,0.6650676121164686
17101,0.2077078143537549
17102,0.6948418201071342
17103,0.09536919634940257
17104,0.19680680803668618
17105,0.04355426039940954
17106,0.06296418129815332
17107,0.07906697294020201
17108,0.16125023383175796
17109,0.06614168881344933
17110,0.008915166407092268
17111,0.07729820594715268
17112,0.09482182218543209
17113,0.12746122214472017
17114,0.018961073817489953
17115,0.1556317157584166
17116,0.2147146998855719
17117,0.04432798533643416
17118,0.5057453426510724
17119,0.09762765676405902
17120,0.09994455210314104
17121,0.01495823727179449
17122,0.43318447003823285
17123,0.24782054261471048
17124,0.9385334234753877
17125,0.02993612428508669
17126,0.17589961565184692
17127,0.02005405672836028
17128,0.8439306707128092
17129,0.12147151647803214
17130,0.2901102313451295
17131,0.021078406640237995
17132,0.29146503839544236
17133,0.044167793360937534
17134,0.14593330624956646
17135,0.25752618121131754
17136,0.21045264209004433
17137,0.05953243463294694
17138,0.9901194815426121
17139,0.3233884779020951
17140,0.05719336673418215
17141,0.37357646544990736
17142,0.31102287017873265
17143,0.5818021997121396
17144,0.018995132685844747
17145,0.054533837324940285
17146,0.19801089067191857
17147,0.573671525439545
17148,0.07469480814016104
17149,0.11179861638259907
17150,0.10758230003694758
17151,0.11149718759649352
17152,0.06362726405440253
17153,0.04942366252467747
17154,0.14677265708129214
17155,0.02124531316207949
17156,0.38551190051583667
17157,0.16207966131972806
17158,0.27747897343069083
17159,0.08043691513804405
17160,0.1909188397630824
17161,0.39395741769340814
17162,0.027038246322342092
17163,0.8234628929779528
17164,0.02173930822228992
17165,0.0025600464786775137
17166,0.049926436234483326
17167,0.0798766408869829
17168,0.07442643548763468
17169,0.5784337996311358
17170,0.02124452667399483
17171,0.03663338213654349
17172,0.06718024806948766
17173,0.1835403130271596
17174,0.09228333221161683
17175,0.3084067567492726
17176,0.061744782466215474
17177,0.4133348123515987
17178,0.07222651812738234
17179,0.3655156410871901
17180,0.014826782487830708
17181,0.3081342313337945
17182,0.9841249434938788
17183,0.29204308347984287
17184,0.28739049540868944
17185,0.04943751203041542
17186,0.03305483610922318
17187,0.06572884518998232
17188,0.888296919405872
17189,0.05562414772530839
17190,0.7780455794792803
17191,0.0323481687612012
17192,0.0073969624994017
17193,0.010915812795870356
17194,0.020154978793220105
17195,0.0506427263423628
17196,0.04481912105546855
17197,0.024681865829254704
17198,0.12780571226842966
17199,0.9041133993056435
17200,0.040290591749182696
17201,0.11954918891718064
17202,0.029665263267194174
17203,0.10905316595012668
17204,0.037952801311403786
17205,0.03592814913938591
17206,0.024343474741185585
17207,0.02051242017227342
17208,0.01704026824255955
17209,0.030795049975772305
17210,0.017243563713753723
17211,0.005204008948187947
17212,0.13849897588015483
17213,0.08910029602897053
17214,0.3798461532329398
17215,0.9684400637338146
17216,0.026825713758363224
17217,0.3665144899324187
17218,0.31080012090818393
17219,0.009554597520343504
17220,0.012227748611822907
17221,0.09244238837010388
17222,0.21621319926493154
17223,0.1773609761003174
17224,0.05764116829102319
17225,0.026101195212753833
17226,0.0986494875615751
17227,0.014996158107296837
17228,0.1164389521658471
17229,0.6823164508419729
17230,0.01965502724021449
17231,0.011293228694263068
17232,0.030652549106773085
17233,0.046090880965042505
17234,0.1437319296481921
17235,0.03251625755828982
17236,0.010855892196506534
17237,0.06718879323848882
17238,0.2940355401042983
17239,0.14521048349066512
17240,0.00812193845485879
17241,0.02888529850199682
17242,0.07424277086514493
17243,0.03813681466682904
17244,0.37569793662552947
17245,0.0022583554807665083
17246,0.023663454831007628
17247,0.025963336180688905
17248,0.0850006263259065
17249,0.1324295287364471
17250,0.5986363161783759
17251,0.3226187227963967
17252,0.18736692017803297
17253,0.09257021445162979
17254,0.1002942468039158
17255,0.1093015098284789
17256,0.05872761836510339
17257,0.922775986600118
17258,0.4658247601393773
17259,0.7045500256850888
17260,0.19235632495388272
17261,0.053697062515920636
17262,0.261183839093722
17263,0.02708670316816906
17264,0.487266597051201
17265,0.019310550863497665
17266,0.006881722370616251
17267,0.04253168255327496
17268,0.5636344045550944
17269,0.24476913413226345
17270,0.03345847618761547
17271,0.023330237301704127
17272,0.17018208939227633
17273,0.8181081221688026
17274,0.05268612917833959
17275,0.3311771405247302
17276,0.12592407587563995
17277,0.08839732664237192
17278,0.035987621541041695
17279,0.7918850478867433
17280,0.20491218590251087
17281,0.1037363354068439
17282,0.09001307557873324
17283,0.7031903897586397
17284,0.162968906134809
17285,0.013543226146666665
17286,0.04656895538340129
17287,0.45868571753898557
17288,0.011449331633360477
17289,0.08221440811972631
17290,0.011406921988622176
17291,0.016925885381117695
17292,0.3082215501054683
17293,0.4109367226547134
17294,0.7791856432514924
17295,0.013975391775777855
17296,0.00552156820824127
17297,0.05150991181408431
17298,0.12749368714219692
17299,0.1698416578969391
17300,0.04664983730115527
17301,0.8611796340691585
17302,0.13016423187611856
17303,0.0803167505743262
17304,0.05794211126908706
17305,0.011807373414152448
17306,0.3612236512407775
17307,0.07019345240489681
17308,0.022256688707492388
17309,0.9244674689417628
17310,0.22268438573136515
17311,0.1405519178542432
17312,0.6711349243609465
17313,0.9683047816468846
17314,0.01844307654813931
17315,0.23001504333733805
17316,0.0918733199200238
17317,0.020267205953816467
17318,0.03750081404378815
17319,0.13854081090984965
17320,0.1064724103153238
17321,0.10402414346960996
17322,0.06081184669994485
17323,0.9628797458017015
17324,0.14308945710885912
17325,0.016643620841482465
17326,0.08403220093215144
17327,0.02065357029985096
17328,0.6761791679474065
17329,0.03853648981522522
17330,0.033077814550115874
17331,0.3984916989082435
17332,0.0802118125384893
17333,0.5216411438399781
17334,0.39927809388121566
17335,0.09799177428642349
17336,0.12965193533802888
17337,0.22684982855147545
17338,0.06720001706344882
17339,0.11404369241035411
17340,0.15248153239146156
17341,0.04493678214355913
17342,0.37921151396442826
17343,0.035690785790867825
17344,0.8882155626185789
17345,0.10443330387175478
17346,0.07657102323576001
17347,0.7294798754882689
17348,0.3907836195918222
17349,0.008213588165522125
17350,0.06899682511473222
17351,0.0718104724556749
17352,0.06148818218712941
17353,0.007888656592233782
17354,0.3057079220240761
17355,0.20182311831903993
17356,0.5672974871783749
17357,0.1991603325139635
17358,0.011671001877249811
17359,0.06065692190448957
17360,0.15632190319433445
17361,0.3203458199244771
17362,0.11598767965655253
17363,0.30058608522480557
17364,0.16161778452118636
17365,0.012140282173276892
17366,0.08649485990350277
17367,0.06876309568662989
17368,0.22397162658550313
17369,0.04880401623700482
17370,0.00574010053612203
17371,0.9945027028538418
17372,0.13686106916562363
17373,0.057889996467556534
17374,0.004100756119923761
17375,0.019474266398690966
17376,0.8270827244117918
17377,0.6268719549563186
17378,0.2743611080147629
17379,0.9116057071001994
17380,0.04099786772074071
17381,0.006616006127870697
17382,0.08626110765653537
17383,0.01305418326156539
17384,0.04108854507599641
17385,0.6516638752243274
17386,0.0065866861981631305
17387,0.41366118332239876
17388,0.38041392055679646
17389,0.03944136431626244
17390,0.03448329272469029
17391,0.5740663489195005
17392,0.16008087959458392
17393,0.12348761712348988
17394,0.5050175025587705
17395,0.20015098942510073
17396,0.3467937174877722
17397,0.10271369777788841
17398,0.8794569846177958
17399,0.05997187409220633
17400,0.19163583324035707
17401,0.012870974305147859
17402,0.05907134438753664
17403,0.6223327320436712
17404,0.16863527318633273
17405,0.443125792966508
17406,0.06821938482874221
17407,0.01543137170019949
17408,0.23721832034534374
17409,0.03363933691517766
17410,0.030393092292661645
17411,0.007057281516336889
17412,0.3649150585778285
17413,0.1110578890781401
17414,0.1409659482370644
17415,0.25527486446692116
17416,0.010483063294328335
17417,0.08564119735835442
17418,0.5143175540879159
17419,0.28086904333655704
17420,0.03554226042870178
17421,0.7642418370534108
17422,0.032775580399284875
17423,0.06753648212569786
17424,0.4261555501276185
17425,0.0168372424283101
17426,0.09793109597093384
17427,0.03775770083383329
17428,0.013383765847207279
17429,0.2642568864386592
17430,0.04607668823355059
17431,0.1670966006001926
17432,0.056494226651897315
17433,0.10979041666905048
17434,0.0756309303438579
17435,0.015734573274910818
17436,0.6559677416099878
17437,0.6730548888982737
17438,0.07515968067695139
17439,0.012834785834486322
17440,0.11742837372919493
17441,0.005939782274874912
17442,0.010262523323304507
17443,0.13611799901692004
17444,0.008934841980259923
17445,0.021087779746245053
17446,0.9393406575365991
17447,0.013226148493589157
17448,0.030321048290751294
17449,0.5083696482674481
17450,0.06334700464434909
17451,0.05417897915484871
17452,0.25924490087091856
17453,0.047586762824435455
17454,0.3918521628214208
17455,0.23892724279373007
17456,0.04117128113021013
17457,0.041835266630794926
17458,0.0792922742445029
17459,0.24535066749505435
17460,0.06877314486944298
17461,0.12089820624272984
17462,0.3769782995004471
17463,0.0750955535410742
17464,0.5367281667647812
17465,0.007946772641579024
17466,0.02787178525038092
17467,0.19111830045952874
17468,0.042114138040759995
17469,0.06469468159638492
17470,0.2534096394580129
17471,0.6392548906210566
17472,0.028209166345524252
17473,0.06827763259994162
17474,0.01602455288962276
17475,0.6637765885590098
17476,0.011187570323113103
17477,0.02041048964025319
17478,0.04259092196880686
17479,0.08051672132268914
17480,0.04015529756672954
17481,0.03688165551082687
17482,0.12859328974507808
17483,0.3745832307181068
17484,0.17210405630380998
17485,0.005032595081464285
17486,0.23725700611233816
17487,0.044684442991049324
17488,0.010469402658101007
17489,0.9644698745601071
17490,0.955597459888261
17491,0.03670909216929585
17492,0.12596287706241516
17493,0.020649639022678145
17494,0.009118384304428705
17495,0.8156913624313022
17496,0.050971704853138115
17497,0.2599049287923587
17498,0.0692868020049737
17499,0.5686947931241209
17500,0.002450042755104475
17501,0.023441793908822357
17502,0.4260389804143481
17503,0.155091918836408
17504,0.02171889890983714
17505,0.22405303563040746
17506,0.02405226315146981
17507,0.4273771390988148
17508,0.7429746128802921
17509,0.01906023014515764
17510,0.34217804330617607
17511,0.07202178617271035
17512,0.0723439151956705
17513,0.09147714178023619
17514,0.7381152760195742
17515,0.08029698370102102
17516,0.09024315427296431
17517,0.9418206233351909
17518,0.032237839768982104
17519,0.6658961582287066
17520,0.3028037753733341
17521,0.7357616384328712
17522,0.024748386899418277
17523,0.15718437246589997
17524,0.04524603925209644
17525,0.06171726456612853
17526,0.003884213651146795
17527,0.09676328218633302
17528,0.01797186755711894
17529,0.9377805385014862
17530,0.1841811681211739
17531,0.0327749212685742
17532,0.9736706871957064
17533,0.08682286918559468
17534,0.11248641188459321
17535,0.029461587496138204
17536,0.02629706541889054
17537,0.01879133545841718
17538,0.006073841913816079
17539,0.07102698811706133
17540,0.48343288982967864
17541,0.5104128686304917
17542,0.08509765093812047
17543,0.16281079970940476
17544,0.0032520963061475434
17545,0.9207257544235391
17546,0.32916328517302834
17547,0.19093896269290117
17548,0.3326782351545511
17549,0.3652609772992214
17550,0.1434382329276718
17551,0.12740204954158704
17552,0.02475633450860599
17553,0.2208677224970632
17554,0.8529757122710785
17555,0.15882649494796655
17556,0.07014433683334893
17557,0.06854419809425046
17558,0.01426837322210201
17559,0.09340322514104929
17560,0.1702955109559935
17561,0.02002661710513701
17562,0.32138727891209995
17563,0.5475705540171417
17564,0.04026408379247288
17565,0.0989529839959998
17566,0.09969071613394465
17567,0.18093383777188693
17568,0.07246753490406926
17569,0.2617512467229523
17570,0.023304232908225343
17571,0.02318639776119142
17572,0.0028041044129988603
17573,0.03491810946578187
17574,0.11531383722115261
17575,0.47932944828839924
17576,0.099545288471063
17577,0.5291509891203338
17578,0.6973528915478665
17579,0.02330502212763647
17580,0.47425725143958253
17581,0.3556882819871186
17582,0.021132723753522133
17583,0.03245893348691531
17584,0.026199775128082164
17585,0.08855827219280216
17586,0.10288021860391496
17587,0.09138142240986219
17588,0.04950526262634293
17589,0.19805044641707478
17590,0.2517675541107548
17591,0.5530764872222215
17592,0.053028790585458625
17593,0.2627590914042189
17594,0.017610585507652873
17595,0.03230826342404663
17596,0.04405825904672154
17597,0.04112462670374443
17598,0.28269398980214766
17599,0.15615079650206268
17600,0.11476691396696462
17601,0.1486691303037196
17602,0.5538664877700124
17603,0.3235674729790418
17604,0.01903106102595508
17605,0.07307066276364496
17606,0.016268423497969392
17607,0.026430137448134054
17608,0.14605586294922993
17609,0.9024282858158555
17610,0.05018898643756812
17611,0.43991893633566925
17612,0.07767263527831655
17613,0.26707795585417854
17614,0.10385345842442338
17615,0.25474110600464217
17616,0.11530777583336527
17617,0.06268890346179956
17618,0.051635402116743404
17619,0.9397985318342619
17620,0.05933834291343598
17621,0.023841223186247155
17622,0.041501043270812506
17623,0.0029445036807975835
17624,0.025020995558541856
17625,0.7483162318755688
17626,0.0839786573224109
17627,0.9171440544769115
17628,0.08751795176711241
17629,0.3455852692894869
17630,0.4421221435450868
17631,0.039080965433396876
17632,0.8463905610637152
17633,0.008215467819129027
17634,0.38510319465355547
17635,0.025235311747142792
17636,0.14872650308450394
17637,0.9757376386347827
17638,0.6055893350459733
17639,0.056747825752375226
17640,0.20745655320998846
17641,0.018072024049709697
17642,0.28871827501533387
17643,0.059555239933125295
17644,0.189276786025876
17645,0.056258864590141476
17646,0.1657505221413229
17647,0.38489378947743375
17648,0.785795936631426
17649,0.09476378226641735
17650,0.015261364657600073
17651,0.24973087088821838
17652,0.27573738688241295
17653,0.09569531545622485
17654,0.0792211129959127
17655,0.296895768951484
17656,0.01416029640986667
17657,0.11488916940107852
17658,0.04955386859942917
17659,0.8830019173776688
17660,0.04785981712810372
17661,0.13093601252031453
17662,0.14121847049816222
17663,0.09146962901088229
17664,0.08035681026462324
17665,0.012302615830390403
17666,0.04898743937617566
17667,0.08248296438429754
17668,0.06746337769288403
17669,0.06293228834620897
17670,0.02364283538476833
17671,0.0017982822628635057
17672,0.06091019873278878
17673,0.024718098746137666
17674,0.009096616695819662
17675,0.13129009081960966
17676,0.7693145339220244
17677,0.05964992927953661
17678,0.07006437903827945
17679,0.03213966226505191
17680,0.053225089069296
17681,0.8974663208332376
17682,0.6077833346995205
17683,0.19319469847543363
17684,0.9340124539092886
17685,0.09335846280897964
17686,0.09380602084816402
17687,0.06408137259192287
17688,0.08481743736994465
17689,0.037862623951828114
17690,0.014180210150965445
17691,0.04756672785113608
17692,0.1737546432667414
17693,0.2151677074284283
17694,0.025189659366917774
17695,0.8218740826424558
17696,0.0721653942821657
17697,0.031533319403210275
17698,0.36812058739543696
17699,0.00979796728247369
17700,0.029920337004751437
17701,0.07821409136961693
17702,0.02071410574332695
17703,0.5922507365721716
17704,0.0243340202115548
17705,0.04023041233780777
17706,0.24084643148019147
17707,0.027636857734814002
17708,0.006056091036342712
17709,0.012899605975901271
17710,0.013141501347030685
17711,0.0049504923221559026
17712,0.16457703195717804
17713,0.02136625993530914
17714,0.02882992877915086
17715,0.08052422823135945
17716,0.0048677706887572504
17717,0.11259567077819864
17718,0.06417759426780392
17719,0.2433965792917188
17720,0.7811931230621306
17721,0.29371572547643826
17722,0.002993360472914592
17723,0.02193022840439628
17724,0.12878233187370605
17725,0.6545143443887002
17726,0.7144337034393228
17727,0.21157151080317543
17728,0.051618117587771496
17729,0.0601388390340402
17730,0.39212489315029203
17731,0.542324173057757
17732,0.009848946627092988
17733,0.06265146333220983
17734,0.20237248836718438
17735,0.45161768496150023
17736,0.04218757006008597
17737,0.10167723443123781
17738,0.6580703603277684
17739,0.004495560355498611
17740,0.17527180056401398
17741,0.014785370110615592
17742,0.025558756940308028
17743,0.07691977148490517
17744,0.15443154474899037
17745,0.024319941913487304
17746,0.09938270354704219
17747,0.12098130925389551
17748,0.0199084208353388
17749,0.03742632681982912
17750,0.026599725975788968
17751,0.026669232315191964
17752,0.12249232198109673
17753,0.2616415671841993
17754,0.02952154950806166
17755,0.02663060377407778
17756,0.37252545302508405
17757,0.3515042036684264
17758,0.08700320431923254
17759,0.2438271311855732
17760,0.20475863775307934
17761,0.09278945722571626
17762,0.12072504410558908
17763,0.07915949004443841
17764,0.19805416723711236
17765,0.7454728343699137
17766,0.19810817558224933
17767,0.8990151468737833
17768,0.6417802146394801
17769,0.9848486906742289
17770,0.033456940038607996
17771,0.2778941783602519
17772,0.42280373569030893
17773,0.02288192464708061
17774,0.09756314152964284
17775,0.4322440946317649
17776,0.4502501296552117
17777,0.012051453893701885
17778,0.014954010209722889
17779,0.528432121862073
17780,0.04166445473977248
17781,0.7863678528231656
17782,0.11293013861883743
17783,0.02335255707322795
17784,0.08022889910505716
17785,0.011788773867430375
17786,0.08804179707158967
17787,0.7319947806507299
17788,0.05853350887148682
17789,0.1593458397146439
17790,0.06968463295123971
17791,0.1320247589558882
17792,0.09049234700294741
17793,0.4461285309489705
17794,0.049839672541087746
17795,0.09976540969916714
17796,0.014837701656936151
17797,0.8173367174622502
17798,0.49581619263683185
17799,0.021788350477987592
17800,0.13894617436465265
17801,0.2863104974392979
17802,0.01354392981438188
17803,0.2753699682696358
17804,0.039905571822601675
17805,0.037674369398680824
17806,0.8343489837821284
17807,0.11595434409726195
17808,0.007675906296372017
17809,0.791705990944887
17810,0.019141109041274633
17811,0.6928016254001924
17812,0.0898734854031141
17813,0.06670785567553573
17814,0.07142254092412989
17815,0.32964720452357954
17816,0.23468667373023588
17817,0.04301312129301926
17818,0.04120196690818088
17819,0.34843584715353415
17820,0.1412145120958846
17821,0.192120607164729
17822,0.001693814079915845
17823,0.5194423159449526
17824,0.012332070430280066
17825,0.0757044167216044
17826,0.016061586130646927
17827,0.07704751025288385
17828,0.028756049584109114
17829,0.04942282290830615
17830,0.25567685366104353
17831,0.28441537393248933
17832,0.012066954016042715
17833,0.8783498385159729
17834,0.00461567201187991
17835,0.7083892010367047
17836,0.11322296834480833
17837,0.16077138771704824
17838,0.6681270831038264
17839,0.20036178682492486
17840,0.02694506961643967
17841,0.3403870547647006
17842,0.0790020710886638
17843,0.08539586765091854
17844,0.045134341590126484
17845,0.466928101853226
17846,0.024768025636075566
17847,0.04362371843682484
17848,0.1297295139668971
17849,0.9655480900830433
17850,0.37707088676135314
17851,0.06287699702769313
17852,0.0077435789584198575
17853,0.02964768956205742
17854,0.03568990051846623
17855,0.013997767011447797
17856,0.5499118552485238
17857,0.13157771241324914
17858,0.10295494779501815
17859,0.12259431850849085
17860,0.6486754383901181
17861,0.15942253117090244
17862,0.8827129678274098
17863,0.017349270043098112
17864,0.034518699439364246
17865,0.8106714826510973
17866,0.059880899559250154
17867,0.4829149119374061
17868,0.02907739277508433
17869,0.013144837688681108
17870,0.1651277924683694
17871,0.006681827461027377
17872,0.03693760579755202
17873,0.05452029463430371
17874,0.13582536836919848
17875,0.10271616696904008
17876,0.16691047352864738
17877,0.47788247145036383
17878,0.08197261711936356
17879,0.028692948529926165
17880,0.0038988792855534464
17881,0.030229954632037714
17882,0.12929979554228427
17883,0.12645868199901228
17884,0.09977276777813752
17885,0.31494497613200123
17886,0.1662596294662306
17887,0.02264524044722299
17888,0.7517807788882711
17889,0.9799487381916234
17890,0.07126602091268167
17891,0.0075938179332411156
17892,0.6073563284862612
17893,0.9541771143457346
17894,0.4336592182853719
17895,0.33614771567970136
17896,0.44546489286504165
17897,0.24557605525972506
17898,0.25444104978354437
17899,0.016982194774670202
17900,0.04737397411536279
17901,0.07948000182856843
17902,0.009273916075590256
17903,0.017425756812653518
17904,0.09557147939556605
17905,0.9250782595519628
17906,0.007955499655062037
17907,0.030011495145002582
17908,0.860058502708737
17909,0.006267776721098123
17910,0.09296563329460684
17911,0.4555596824168369
17912,0.5219959940186454
17913,0.02131857088619727
17914,0.6376188286759418
17915,0.04548140247637433
17916,0.07354301046386068
17917,0.08282706751139436
17918,0.024598781175910252
17919,0.032003466582868824
17920,0.06802488496428999
17921,0.3533517096431324
17922,0.191023203915347
17923,0.021647969495283925
17924,0.2335664554335181
17925,0.05650661814606385
17926,0.026055510576307915
17927,0.011043230517080744
17928,0.21787698874179245
17929,0.08947942179092043
17930,0.43159867257122064
17931,0.24782119242854697
17932,0.8120738908400426
17933,0.05276774385942679
17934,0.011050417269348136
17935,0.8624298135348059
17936,0.003744587854774869
17937,0.2929551020561407
17938,0.016118022459576085
17939,0.018253698721946238
17940,0.11917131061875214
17941,0.032110062827722934
17942,0.013813953302665381
17943,0.06593121304472573
17944,0.8597091249341058
17945,0.36596466109255205
17946,0.008026182206378922
17947,0.23253628268267024
17948,0.2630535781064679
17949,0.007323618135700348
17950,0.10534507096231376
17951,0.021089479194483028
17952,0.004290781827661578
17953,0.7097760152192368
17954,0.05344216947814003
17955,0.09281721080852541
17956,0.007445105180527406
17957,0.03393571756619787
17958,0.10895151318783024
17959,0.032770121352379944
17960,0.23804681060364977
17961,0.00914285264752085
17962,0.018875589724011443
17963,0.39874097677571646
17964,0.07404129951737826
17965,0.008773642193215817
17966,0.22848695184843726
17967,0.3437872992820229
17968,0.07576459872919784
17969,0.05262166838691661
17970,0.0814370491515209
17971,0.013152002855366192
17972,0.23781280286373535
17973,0.0654285660273644
17974,0.09245939351940081
17975,0.18411314563959744
17976,0.06484869451542132
17977,0.1182421621954256
17978,0.08719114087885754
17979,0.04059143979540379
17980,0.029533921943385794
17981,0.3517576001486956
17982,0.03831996719480668
17983,0.031993749079573974
17984,0.06253956412803617
17985,0.1936205915846712
17986,0.04224394238407972
17987,0.046441549986683296
17988,0.054276542117351036
17989,0.015051379900692176
17990,0.017469313891235457
17991,0.0034601699205848305
17992,0.12200056552938796
17993,0.27268245971606836
17994,0.028318232969050627
17995,0.06956387915928171
17996,0.15927610651094767
17997,0.046021268072876265
17998,0.012298132260498421
17999,0.8375295222224906
18000,0.0027890237113624293
18001,0.9156679263926505
18002,0.17254130461245754
18003,0.07139818579012351
18004,0.07891582214307394
18005,0.11760371946744295
18006,0.13901954381566933
18007,0.005739166293921714
18008,0.05512118413178844
18009,0.03301912716879862
18010,0.03302363797851072
18011,0.057096762422237816
18012,0.15626926237409333
18013,0.08213724170646636
18014,0.022535029636357295
18015,0.011376788913915092
18016,0.03854072228645451
18017,0.01911858696673927
18018,0.18754210073832966
18019,0.05854247744768479
18020,0.008491329745770965
18021,0.5805468372581974
18022,0.11276907663806
18023,0.04781548862338044
18024,0.7601728761316006
18025,0.041061880856575875
18026,0.2606446251778022
18027,0.045594170006648164
18028,0.05318332107564559
18029,0.9077721939494923
18030,0.040095052155446696
18031,0.11460969008888146
18032,0.026734552736564086
18033,0.0882344050489533
18034,0.05435813293985248
18035,0.09608674725929779
18036,0.15034361575256716
18037,0.034275605687382464
18038,0.015759769179763124
18039,0.08199254663618182
18040,0.36951287028209284
18041,0.21464602489830523
18042,0.8350871284017475
18043,0.2035539720990218
18044,0.013479400890485377
18045,0.017730077404553127
18046,0.06256527668113575
18047,0.04277020081229965
18048,0.01186827038733593
18049,0.11738630932339338
18050,0.4086368107141445
18051,0.26264894121471344
18052,0.05089006534690237
18053,0.8588141958486329
18054,0.19518714522154595
18055,0.179788812910066
18056,0.018580869201846217
18057,0.16852921841044755
18058,0.025135151276411104
18059,0.1016858708015546
18060,0.28945560998823006
18061,0.09336111189766644
18062,0.10901672932703405
18063,0.20023004509815231
18064,0.06358400995852173
18065,0.6429090709614933
18066,0.0726814199751885
18067,0.45677717803944484
18068,0.019574504178973117
18069,0.042769876438732334
18070,0.010261438141743138
18071,0.04046504925269931
18072,0.7222725795374733
18073,0.8057935542021437
18074,0.008191114779849068
18075,0.025519180347045957
18076,0.02765514752317625
18077,0.12607968744706444
18078,0.036288981907011804
18079,0.05132676910569859
18080,0.027926598058992426
18081,0.3119246301143465
18082,0.031054340398145117
18083,0.003897658254125893
18084,0.15201809074680844
18085,0.24584136213257263
18086,0.9154133514893903
18087,0.3620014189457494
18088,0.006045526583079198
18089,0.027933866833199865
18090,0.012900570605468443
18091,0.8967231569481089
18092,0.6838080556094859
18093,0.09812980525746808
18094,0.9106950228426938
18095,0.010540003462566946
18096,0.11536328058838453
18097,0.00659302933189384
18098,0.033848933326635404
18099,0.051022884068980465
18100,0.334424049677032
18101,0.021955345747896864
18102,0.015678877028782297
18103,0.05386881466362687
18104,0.09274840715260331
18105,0.014178634963938303
18106,0.4931882537587933
18107,0.027706695494779443
18108,0.10127511112279816
18109,0.40608260046421
18110,0.17846629381017096
18111,0.1425277419901769
18112,0.7978709317686814
18113,0.008749064604121202
18114,0.06162428326283736
18115,0.1046804085998696
18116,0.025325297936858455
18117,0.051415791386000026
18118,0.03684215125557345
18119,0.13752158356274316
18120,0.07590610355043453
18121,0.03493146255628336
18122,0.08321581345266538
18123,0.0620256794995967
18124,0.192784739442029
18125,0.043949585479084244
18126,0.1520352583280556
18127,0.4477266847083658
18128,0.017364994616811662
18129,0.003519268586931789
18130,0.2253569083436782
18131,0.01960971587299183
18132,0.03378632827729076
18133,0.04115499777251881
18134,0.004038046118848769
18135,0.14686919345461524
18136,0.7122164313803059
18137,0.8966064386114452
18138,0.1814857426409776
18139,0.2214877699624828
18140,0.24445372754353142
18141,0.018333927944568253
18142,0.011246752439516141
18143,0.9911498532288303
18144,0.06137746170565151
18145,0.055760514758441876
18146,0.43218276614789564
18147,0.09193897666204555
18148,0.4577709092783783
18149,0.020358438731761616
18150,0.03032695386513054
18151,0.8910346998561032
18152,0.06400770612756193
18153,0.01722414372911275
18154,0.07574226194132166
18155,0.5706286594647098
18156,0.001630476112132621
18157,0.1920080711924805
18158,0.818176810916258
18159,0.018190300760323054
18160,0.44778345991376933
18161,0.20199700869224857
18162,0.2880064887865199
18163,0.037387547550934326
18164,0.24137427105899453
18165,0.10366289752823082
18166,0.12252649936681459
18167,0.46850793974522015
18168,0.4990103980205843
18169,0.048701131066389874
18170,0.8942621348952468
18171,0.971822950775843
18172,0.059746376490626404
18173,0.04409124819868103
18174,0.0829633133389026
18175,0.04716190126404322
18176,0.8362112515007282
18177,0.41872640102733477
18178,0.11993429820866408
18179,0.05000928155062531
18180,0.7637566287024181
18181,0.2845047669182802
18182,0.0015062593313704149
18183,0.6950469923125501
18184,0.09177441042415146
18185,0.5306490303895447
18186,0.010917922864509877
18187,0.18533934230699045
18188,0.06386989299210694
18189,0.10161881405806976
18190,0.7956922901225199
18191,0.08356874814021582
18192,0.789382373542981
18193,0.03789270741491776
18194,0.01576802583383263
18195,0.8497778011754852
18196,0.021057293180859152
18197,0.03181251032700048
18198,0.46027965752096356
18199,0.07461402505943376
18200,0.31854111477026453
18201,0.36855159515820496
18202,0.2254682878604706
18203,0.4383227421590945
18204,0.027991247995140328
18205,0.009741971939729921
18206,0.02048297529067621
18207,0.14110699711683203
18208,0.044029386011904995
18209,0.020798595105013053
18210,0.057389296762830375
18211,0.16625340243946024
18212,0.07391559183514068
18213,0.2703873222545958
18214,0.07531547703216146
18215,0.061387864586288254
18216,0.3682978470949112
18217,0.7312848839354237
18218,0.07316856142327623
18219,0.11551234839470967
18220,0.7218586094256398
18221,0.08897093081721617
18222,0.013988448839515676
18223,0.19465336167424635
18224,0.6497119052300717
18225,0.012690905557849977
18226,0.5825840919890614
18227,0.07729900971280175
18228,0.012945792362525924
18229,0.5262518908745547
18230,0.044697704618726415
18231,0.6342696787755453
18232,0.7862855352142221
18233,0.151152023598785
18234,0.5871572359734089
18235,0.8596480128951105
18236,0.03249482839922712
18237,0.29264279928029513
18238,0.14411530132764191
18239,0.10557710118651219
18240,0.05640796148258474
18241,0.5412848941535572
18242,0.048177345692579185
18243,0.011835167314517486
18244,0.7461995852758049
18245,0.1622221769836559
18246,0.1495254246104702
18247,0.08856169059623216
18248,0.24037599181256372
18249,0.1363661513530826
18250,0.029776428709711627
18251,0.07089996018845911
18252,0.0340857318046537
18253,0.7515587782967103
18254,0.3425073959831698
18255,0.7810328531065291
18256,0.02254574431801062
18257,0.004549044767923167
18258,0.19621225498651207
18259,0.016952510469791744
18260,0.035576643359307936
18261,0.004563035447006446
18262,0.012401301131258247
18263,0.25217100047801444
18264,0.02709471618084644
18265,0.3592410771296942
18266,0.2562997125083775
18267,0.7585337899619102
18268,0.015317293999253646
18269,0.2333512291008054
18270,0.13208554431024086
18271,0.15440850408047382
18272,0.6355991768743504
18273,0.04542490936511851
18274,0.08060355469952271
18275,0.029277267844700333
18276,0.481945848974558
18277,0.08989739437421998
18278,0.03240487712498494
18279,0.014907620028406409
18280,0.12792176705336514
18281,0.4305827622150741
18282,0.1523215387746154
18283,0.06896247337066705
18284,0.2831089749745545
18285,0.025569075253711094
18286,0.03763243976323303
18287,0.044116425812335006
18288,0.039366961789950215
18289,0.4776759142571052
18290,0.012491853823397701
18291,0.008137982208546907
18292,0.036389457999880664
18293,0.0632701680622788
18294,0.016239154649228465
18295,0.4200964157924564
18296,0.8782325311485616
18297,0.03091034639580617
18298,0.14702550680943674
18299,0.09157767311491775
18300,0.48782702090309144
18301,0.01974498391809487
18302,0.7215170153204276
18303,0.1328875772410497
18304,0.02323100183022113
18305,0.6285515033786491
18306,0.1723096726457347
18307,0.03587301863625392
18308,0.7920655063781337
18309,0.02012507356777055
18310,0.21638102962007702
18311,0.31330142662048877
18312,0.017257089742075293
18313,0.0557693903231248
18314,0.05280323182167548
18315,0.04121944666054803
18316,0.05156213889140514
18317,0.03398303866444455
18318,0.022475079043598065
18319,0.009752901458721618
18320,0.21065457673736396
18321,0.2227899729554585
18322,0.5521318560360462
18323,0.087864477140587
18324,0.8356305502352258
18325,0.08136819777886153
18326,0.21549176567655504
18327,0.04414123630742599
18328,0.14672565632731013
18329,0.3152066187852655
18330,0.08019821627953448
18331,0.23922782744477014
18332,0.02232287638581104
18333,0.016436806586280224
18334,0.00829481359719056
18335,0.9221765171266322
18336,0.1000606037510565
18337,0.58665263389205
18338,0.058247746539579676
18339,0.020039503218198702
18340,0.05000312015721209
18341,0.014181140126150975
18342,0.07825665094847255
18343,0.04957570288619041
18344,0.1353556631307224
18345,0.5974433289554079
18346,0.16996372029963505
18347,0.0892372962962493
18348,0.01753771505423066
18349,0.08739756508550671
18350,0.3351933833846404
18351,0.011318926870999155
18352,0.2122784110750893
18353,0.15976384778452665
18354,0.06796639369053908
18355,0.003693691882888446
18356,0.01376862183597542
18357,0.7552424856406575
18358,0.17682655603089334
18359,0.12177879121499664
18360,0.0448556967770214
18361,0.7942054689400447
18362,0.04919020622647031
18363,0.013171196857482016
18364,0.4121670655559763
18365,0.6470289924748901
18366,0.43835804313071375
18367,0.013117263092990343
18368,0.010620727723017982
18369,0.26953206485885867
18370,0.10127182510672497
18371,0.7034780438893696
18372,0.053355488349634946
18373,0.09867306793973472
18374,0.05748350442060864
18375,0.22058261999829826
18376,0.1308089527939467
18377,0.02494326385705722
18378,0.1340666688719987
18379,0.021833271281948542
18380,0.4004281246091441
18381,0.9438314924435091
18382,0.4425350428244066
18383,0.3048985829691582
18384,0.012870413259020507
18385,0.006735212553304752
18386,0.8716775636672887
18387,0.7209883336322603
18388,0.3638551712073251
18389,0.06189901982234875
18390,0.4070961954538094
18391,0.17913154557965918
18392,0.056016552003154176
18393,0.37194366748738533
18394,0.13091432589721708
18395,0.2955231443211933
18396,0.4786605007981895
18397,0.014252889214860263
18398,0.8734348597187582
18399,0.23051396807610952
18400,0.05865673451126931
18401,0.004720914719617132
18402,0.8879701831518862
18403,0.402139891577643
18404,0.054661735554240976
18405,0.10455937020548561
18406,0.8339565827392377
18407,0.21393816467898352
18408,0.6634709553511005
18409,0.04505008884093441
18410,0.0656977355228063
18411,0.04728286747890804
18412,0.06185786752763101
18413,0.04575564640717553
18414,0.08251473459017224
18415,0.037309002568957424
18416,0.21355542636206712
18417,0.011595324904435999
18418,0.24351290599338746
18419,0.34548066434834473
18420,0.014563127659276092
18421,0.7159698427994219
18422,0.019562986852780632
18423,0.12549753966909657
18424,0.28655704522178604
18425,0.17284353359943266
18426,0.40034080834524105
18427,0.5811484942166237
18428,0.006624842883530933
18429,0.3709379443278092
18430,0.8031897726532581
18431,0.023648015260061456
18432,0.007032391136673196
18433,0.014351284868601072
18434,0.055805933648632795
18435,0.1805404443906491
18436,0.11718659654770587
18437,0.018408069933099805
18438,0.11921373148789478
18439,0.12052138434142974
18440,0.08298170325555759
18441,0.16097862154639894
18442,0.09138181048093855
18443,0.023399876100145888
18444,0.3815242505664639
18445,0.8430553421453285
18446,0.7288240597720743
18447,0.022867578515156008
18448,0.8200903795930145
18449,0.03686495311905768
18450,0.67120981271036
18451,0.008161462904117749
18452,0.7350461471694519
18453,0.15653126677644905
18454,0.7421652537816116
18455,0.45241989746125255
18456,0.02234547484327238
18457,0.035923745802206176
18458,0.7456828057692695
18459,0.5891607619235906
18460,0.15722984351237312
18461,0.4077775519797739
18462,0.049391838215583704
18463,0.024298765623367555
18464,0.007506621427389256
18465,0.02234697500638061
18466,0.01679559147658053
18467,0.217060683167642
18468,0.4560909643019255
18469,0.051519140469253544
18470,0.43488192702930945
18471,0.8994323811266803
18472,0.037611776212201534
18473,0.11945117830036006
18474,0.008547649749284403
18475,0.1724918006402552
18476,0.06897731192793846
18477,0.01395658703928009
18478,0.9316469707041363
18479,0.04533414348215595
18480,0.8525883611317407
18481,0.024990313713165475
18482,0.5580029338506445
18483,0.008076988106449776
18484,0.7454843952934439
18485,0.9568305929703873
18486,0.14396290970666997
18487,0.03981399273799707
18488,0.7439799258066057
18489,0.08075866427589674
18490,0.014896072206539811
18491,0.023465734308364402
18492,0.6623037626480027
18493,0.17790966486089635
18494,0.45002200029705536
18495,0.8747629105489215
18496,0.11232185183271425
18497,0.1206691040951514
18498,0.8058081509086897
18499,0.0022210555782651658
18500,0.8541865891366565
18501,0.5979656539715538
18502,0.026946576313225716
18503,0.020246960510828256
18504,0.04970705211696414
18505,0.06055944925103614
18506,0.3163431483819677
18507,0.12372972908178441
18508,0.07179291274534556
18509,0.030899281568126092
18510,0.2596394512204256
18511,0.0153257568341375
18512,0.028530515799808535
18513,0.7853362249437055
18514,0.005053054014697706
18515,0.09324744670839777
18516,0.16020124367691152
18517,0.002874787433886315
18518,0.08255231017742252
18519,0.11723992115551757
18520,0.014308793592006878
18521,0.19392596198306214
18522,0.05027045073543508
18523,0.013777737341327048
18524,0.1595928030933662
18525,0.01929454601446094
18526,0.21183259226393397
18527,0.9726367826882928
18528,0.052154073731251444
18529,0.01557724240022802
18530,0.022115730913179595
18531,0.03507402381760702
18532,0.3120962402023392
18533,0.00724205605686603
18534,0.38428467262729715
18535,0.04851438447131801
18536,0.009023082734559573
18537,0.0029958593986391573
18538,0.3896430071996298
18539,0.1418755176346333
18540,0.42924598384078244
18541,0.04643396903284494
18542,0.2504244597818808
18543,0.07258155107820427
18544,0.28000286968604166
18545,0.1219257785819988
18546,0.05394595339215788
18547,0.07182054520440487
18548,0.7084722796354531
18549,0.9228333096779625
18550,0.13825139528562377
18551,0.047813113549314584
18552,0.4120058673233457
18553,0.5720062089543032
18554,0.08354528355575669
18555,0.0295631935479809
18556,0.00989333351403616
18557,0.05865618392432128
18558,0.026265072783146916
18559,0.5555034528403026
18560,0.2671292235520408
18561,0.06148091966235526
18562,0.31595361217838724
18563,0.03501299421749973
18564,0.7533457469796897
18565,0.0178694980122111
18566,0.01862999971989939
18567,0.07092892021660044
18568,0.0015724867129915786
18569,0.022923782892520866
18570,0.45063999988962844
18571,0.04565429657677763
18572,0.005630726659157895
18573,0.043001011667825086
18574,0.14485081701081418
18575,0.05823602613277517
18576,0.04689818781335471
18577,0.1495728755560452
18578,0.03864793950057961
18579,0.355623999688691
18580,0.027738849102136004
18581,0.05295013366701622
18582,0.03919442546645901
18583,0.026215476327580364
18584,0.42046740121088266
18585,0.033663585019741975
18586,0.17643836603769472
18587,0.0493675080778449
18588,0.6908172327759224
18589,0.2169317905721628
18590,0.06772218859625681
18591,0.21199987963060618
18592,0.390343087057867
18593,0.06895137452068642
18594,0.17788977692178112
18595,0.8835496638326255
18596,0.13224482209248564
18597,0.030386309778893852
18598,0.40383538668476426
18599,0.7907251015517175
18600,0.536863971000849
18601,0.017643783423647433
18602,0.006418233385498397
18603,0.019713047497187646
18604,0.6051784273190806
18605,0.04574424953693453
18606,0.09485324048956871
18607,0.2604263202434189
18608,0.6849548707240601
18609,0.36786169476073244
18610,0.17476894754290875
18611,0.011964230367712447
18612,0.1146156665537172
18613,0.9485339003813387
18614,0.05056865534968999
18615,0.4944785850936529
18616,0.010367955074775764
18617,0.778020865075219
18618,0.13300344980474174
18619,0.015515608335909616
18620,0.01644014836879224
18621,0.026696382673583246
18622,0.013412271206050659
18623,0.32035158312443646
18624,0.17631138095079124
18625,0.031520693827210206
18626,0.0060580235440050294
18627,0.1330974105375791
18628,0.012638843444858572
18629,0.16850102046398405
18630,0.7987512769234141
18631,0.6719435985035133
18632,0.038036995510632
18633,0.010001560743101793
18634,0.388591594725257
18635,0.0071001718497607546
18636,0.23987383208994772
18637,0.3449071488014206
18638,0.050450027378589404
18639,0.2713888794153924
18640,0.3823698434973488
18641,0.02382367373744041
18642,0.8138872360704476
18643,0.08781835021986233
18644,0.016893984740670005
18645,0.022181277073716185
18646,0.3875994503238111
18647,0.019867479747361628
18648,0.26202522216937446
18649,0.01729300910765763
18650,0.05063872431970777
18651,0.6862973845694881
18652,0.03257807788868421
18653,0.01960826207502874
18654,0.40637951550144935
18655,0.18084856836787114
18656,0.17198113506765736
18657,0.029939573380299206
18658,0.09312701287685213
18659,0.03374370751251208
18660,0.013601217310446057
18661,0.02895917546315335
18662,0.021855882026765312
18663,0.01810685717717044
18664,0.03516351659119801
18665,0.09902716186532211
18666,0.10890076588405866
18667,0.10354062236262111
18668,0.0654030196693346
18669,0.0813017651096935
18670,0.05147958177076168
18671,0.018150749465989324
18672,0.8762506030590402
18673,0.6895658208627018
18674,0.024379129110629186
18675,0.6900312537219949
18676,0.028847137945556836
18677,0.01559628890531939
18678,0.15725148905325803
18679,0.025041274728679484
18680,0.8010011842798049
18681,0.1163774455908083
18682,0.1279406776533776
18683,0.2221163205074914
18684,0.9520142657615148
18685,0.00636762107234937
18686,0.250746633772071
18687,0.7909165583914056
18688,0.08579450452757585
18689,0.11927563432582695
18690,0.037699000586873255
18691,0.25255670313973644
18692,0.22619224575218083
18693,0.30202953190179904
18694,0.028748061683319566
18695,0.4370413175513496
18696,0.35519949606343676
18697,0.44214501992301647
18698,0.8533605116172169
18699,0.04706932841920451
18700,0.00476468944161921
18701,0.04986069578734903
18702,0.17655399745210185
18703,0.009619323617922013
18704,0.5471275291132927
18705,0.17221965598336372
18706,0.13066342218902502
18707,0.10166658062978387
18708,0.08176856556335611
18709,0.6487357300030541
18710,0.14730429206291856
18711,0.028934276449617147
18712,0.06365646706663988
18713,0.047298212230826905
18714,0.0762924260920953
18715,0.011170702729666967
18716,0.5820170762937
18717,0.05250587638215636
18718,0.057637950282090504
18719,0.038295188103797256
18720,0.11604634160619544
18721,0.012192525697399084
18722,0.019883731199847605
18723,0.707324288589229
18724,0.614246682532291
18725,0.7639978329908046
18726,0.2003658276257587
18727,0.0720432478260984
18728,0.4710531782928383
18729,0.6505641870461352
18730,0.00708070999342423
18731,0.864291432904574
18732,0.016955716828698026
18733,0.14036963243990633
18734,0.01872403746302511
18735,0.2354040887026542
18736,0.21557352340610217
18737,0.21903467591947232
18738,0.35397246573063834
18739,0.013422795621316354
18740,0.031403243870957255
18741,0.011627485736703915
18742,0.19056167105666655
18743,0.024525923134859025
18744,0.007468048531329796
18745,0.03236954510882107
18746,0.11929329926016004
18747,0.000528538768668635
18748,0.8756259237449356
18749,0.9622531574343262
18750,0.03695448044643835
18751,0.16380255172784022
18752,0.002203359107880909
18753,0.21044869904426525
18754,0.12958185572061248
18755,0.01031815863330749
18756,0.09723544710555297
18757,0.10307296827873676
18758,0.10007841378018245
18759,0.6748488657563152
18760,0.04451600836743706
18761,0.04896666675313515
18762,0.225887592792982
18763,0.5928853479177003
18764,0.009040446230444787
18765,0.0316664640151139
18766,0.24613826940274436
18767,0.11394468807408292
18768,0.019484042336319868
18769,0.0401432733861169
18770,0.036360064776868956
18771,0.02721934252984142
18772,0.06228671964686087
18773,0.018019291859192363
18774,0.2280433028158702
18775,0.01223076744989067
18776,0.0045536420851714325
18777,0.019401961496770752
18778,0.024164865217651304
18779,0.009532028956496578
18780,0.07270383544190404
18781,0.03221132605042305
18782,0.022323150167125466
18783,0.5186269653942264
18784,0.7710279508246017
18785,0.0655022767689154
18786,0.06642736698536111
18787,0.011400482773585298
18788,0.5778654513618886
18789,0.20832789728393505
18790,0.629849705785079
18791,0.0041711034762075055
18792,0.09736396027207096
18793,0.03512996739296445
18794,0.019813581826108373
18795,0.2922417367052948
18796,0.04290525426764531
18797,0.05100553188797274
18798,0.02906116247963422
18799,0.045899598256679594
18800,0.020605234832442792
18801,0.026710734907524552
18802,0.8677636577129583
18803,0.08525827217368744
18804,0.09487695751913819
18805,0.2429827606527241
18806,0.06487540377780367
18807,0.1862632149845024
18808,0.4266895809698916
18809,0.04180532121961879
18810,0.16950600450027567
18811,0.056872657584291504
18812,0.031889682260897736
18813,0.019486665835632473
18814,0.08188963255804126
18815,0.09946037651129741
18816,0.0723480133343065
18817,0.025506556901829975
18818,0.013510812157571741
18819,0.07022405383093522
18820,0.24390104696718432
18821,0.005245278823518663
18822,0.040763430189980514
18823,0.02411733480823641
18824,0.8043158108473284
18825,0.08468463948859532
18826,0.5350151176997119
18827,0.5712016587652181
18828,0.0794386389703234
18829,0.016300152733017405
18830,0.05142714247070455
18831,0.9028727942839142
18832,0.7910780095721266
18833,0.02750735621170497
18834,0.44149652319820754
18835,0.18827109181352417
18836,0.5124925928275523
18837,0.4297679625410599
18838,0.10505049102462587
18839,0.32763544243443626
18840,0.022778861322638223
18841,0.02004094470379401
18842,0.04140816803434227
18843,0.03742189630971881
18844,0.25949043096740654
18845,0.19414421134956877
18846,0.0166943163047026
18847,0.43967688815531664
18848,0.10776850672343383
18849,0.026260591696707084
18850,0.5962238495307043
18851,0.0308788074557866
18852,0.05235005902963162
18853,0.33573136767972855
18854,0.10120042755796939
18855,0.44783991545820173
18856,0.11499981846285996
18857,0.12555362908185416
18858,0.007269490627320129
18859,0.045419518043892194
18860,0.4640468522210605
18861,0.046606726955998885
18862,0.0332676641873197
18863,0.2343366319786215
18864,0.11544362912985172
18865,0.024607277586758906
18866,0.1625827999652332
18867,0.010097191261223448
18868,0.053312167289053115
18869,0.022737694217632852
18870,0.15057940426997526
18871,0.060763362915603775
18872,0.6413482042630542
18873,0.6158248987810446
18874,0.08854909308332581
18875,0.009549265996792282
18876,0.9522566360631304
18877,0.016596522313635523
18878,0.3052620080715318
18879,0.03742415437913648
18880,0.5483055470412017
18881,0.14937684759212475
18882,0.22110896550156364
18883,0.4130813756213389
18884,0.8845966215899072
18885,0.0160859299252165
18886,0.9928075243848427
18887,0.05581870834309608
18888,0.07702330530204958
18889,0.12937611814322267
18890,0.25551393942101475
18891,0.006605139744865996
18892,0.019601984500571806
18893,0.03128391267351578
18894,0.09672458307291014
18895,0.17023935163640108
18896,0.6456021647967533
18897,0.07085238077572117
18898,0.03829442780629668
18899,0.0391723400868586
18900,0.13047752933472162
18901,0.20788331854577383
18902,0.022236044547929504
18903,0.039368218596245654
18904,0.05024349086636953
18905,0.03531619068890546
18906,0.20502369576960186
18907,0.008590454606264477
18908,0.038052320154160615
18909,0.5510492244441295
18910,0.15836413835191507
18911,0.10512285888118128
18912,0.6848406209284672
18913,0.1592013570912332
18914,0.20170596847058533
18915,0.08083985787885985
18916,0.7505966933233926
18917,0.009316931945805068
18918,0.9528631846745411
18919,0.5871885307095671
18920,0.10851483791424724
18921,0.24698852892758033
18922,0.5429117496677118
18923,0.8002014499878092
18924,0.0875625274947554
18925,0.6604226632762178
18926,0.040012424544698055
18927,0.007354432883266958
18928,0.09180946090861226
18929,0.05281932735351223
18930,0.5784586562774979
18931,0.8986450539862946
18932,0.07897266653792574
18933,0.7042838018771368
18934,0.024911837779879716
18935,0.5083779783050826
18936,0.0183455846314048
18937,0.023987525915769966
18938,0.24405109681232398
18939,0.8608918391465781
18940,0.039220589228519294
18941,0.08267537442516934
18942,0.07848510640483877
18943,0.001790218606910369
18944,0.817448688662167
18945,0.1284744670035453
18946,0.042841090116191846
18947,0.005701067655434957
18948,0.02745411777538617
18949,0.027036208261689534
18950,0.3580434125543701
18951,0.8985718198165051
18952,0.22199344683307676
18953,0.014669574033074484
18954,0.001599007823200726
18955,0.10951133528960272
18956,0.7928303578407473
18957,0.024717849808670502
18958,0.08472915483205966
18959,0.008170946781115478
18960,0.11202387196636371
18961,0.05241930540231325
18962,0.02483245374355077
18963,0.08397724657624332
18964,0.014179340481708927
18965,0.0071058982087049
18966,0.09516382209590912
18967,0.7578927557844236
18968,0.9074314840382699
18969,0.1256732157560679
18970,0.698623670132381
18971,0.014834804219648594
18972,0.022949545497259978
18973,0.07864827601834012
18974,0.008793069083353878
18975,0.022856851320616014
18976,0.02572958615471489
18977,0.2173634980862981
18978,0.4341203884274781
18979,0.06984060966107723
18980,0.0027835077254501008
18981,0.19269530571851184
18982,0.2168180545939117
18983,0.06706800605017499
18984,0.028632671573700513
18985,0.004618518688547378
18986,0.9254191993319096
18987,0.006090898480785195
18988,0.0032107403452704126
18989,0.1036849992320084
18990,0.28748523492373135
18991,0.029304473348073894
18992,0.7624274323962429
18993,0.026639870663886615
18994,0.13687314058855582
18995,0.059077873105820355
18996,0.831428255054832
18997,0.7443179204247078
18998,0.045879881225876565
18999,0.04300897323469212
19000,0.058165179237074635
19001,0.05541951576786011
19002,0.07607855979843857
19003,0.015553386294361773
19004,0.8896687194307186
19005,0.29503743732130094
19006,0.2287181689462708
19007,0.013498636418483643
19008,0.9030787305057562
19009,0.6723586580195973
19010,0.060609411725977565
19011,0.09437930350750837
19012,0.014231065876501392
19013,0.013598594328870306
19014,0.6357294306410948
19015,0.1330811788444517
19016,0.08534854085066469
19017,0.04184914959468398
19018,0.0019027489353863193
19019,0.04143856050498183
19020,0.026414846241038323
19021,0.6290626413169009
19022,0.025201697457401712
19023,0.04328707126817889
19024,0.5252086735266108
19025,0.062217146337887504
19026,0.03530588881576924
19027,0.14101081120076192
19028,0.6196605005662273
19029,0.04359563477925711
19030,0.3071618538273523
19031,0.067946004779965
19032,0.10566799739093226
19033,0.04368011747557222
19034,0.03119554326898046
19035,0.04218799802812079
19036,0.00563941134826994
19037,0.07816496576740581
19038,0.009693795839038781
19039,0.03256593681229698
19040,0.3170792159055336
19041,0.08154470446214446
19042,0.017057284304359252
19043,0.02405528290168508
19044,0.03669772928354265
19045,0.9893888457367996
19046,0.00913311251251169
19047,0.6303557876246578
19048,0.03270585542429694
19049,0.14892044559610632
19050,0.026268922744775117
19051,0.055254145389097016
19052,0.08012446738187096
19053,0.019899209747911067
19054,0.2168836034039659
19055,0.35067057924719286
19056,0.2042534078042119
19057,0.01368875074688644
19058,0.32560700168372236
19059,0.3333664783186264
19060,0.05389530725228601
19061,0.00864590675550506
19062,0.04057190953631849
19063,0.004404234726720884
19064,0.1916721975661411
19065,0.013118728867268467
19066,0.60366146870781
19067,0.06369565452679832
19068,0.021407358231951605
19069,0.11888274116222616
19070,0.09569399762379548
19071,0.5481592389015657
19072,0.20964477019087258
19073,0.04171627196306017
19074,0.003236453799685423
19075,0.2821232323087567
19076,0.06055369442785305
19077,0.07762625764445441
19078,0.06014152908664893
19079,0.16528031892543948
19080,0.009422898540609325
19081,0.03496855390442088
19082,0.009467771869199594
19083,0.6912100908095372
19084,0.0034171436736629528
19085,0.014505062516966044
19086,0.7519718931718559
19087,0.5851920613699971
19088,0.055861664433785596
19089,0.17261346481401818
19090,0.3713792272365764
19091,0.49066647320023676
19092,0.9105622724558157
19093,0.08788411691534104
19094,0.059112889408622374
19095,0.2368558587990371
19096,0.10335627063105332
19097,0.08498318430576325
19098,0.8003624578747363
19099,0.1315458621554316
19100,0.7626795406034881
19101,0.16309487605208173
19102,0.023919772201255275
19103,0.014584996891176875
19104,0.047618895182571716
19105,0.03289361282553043
19106,0.0968123460250738
19107,0.20332190273915476
19108,0.0987339152256003
19109,0.13248505228838778
19110,0.14910823695993122
19111,0.10645684979733001
19112,0.009957188098378518
19113,0.06903774155871861
19114,0.033494997101947165
19115,0.09485722501188402
19116,0.12202669399395677
19117,0.19668048185324707
19118,0.05143219605596608
19119,0.2192218748025024
19120,0.024952505111942754
19121,0.03219155690737122
19122,0.015105898793163574
19123,0.052177869891071316
19124,0.047037248211633464
19125,0.11049349816523092
19126,0.015202229654997727
19127,0.02583926938792638
19128,0.08090258037262807
19129,0.01142282268475088
19130,0.8794572148624265
19131,0.1305707450504402
19132,0.4526232219485745
19133,0.050005327813163934
19134,0.0025188781514096903
19135,0.534112639718876
19136,0.36575943377752934
19137,0.018227705648258475
19138,0.028647210409097162
19139,0.006040653792440219
19140,0.06973488790653894
19141,0.1407314214117304
19142,0.7182560535387575
19143,0.30266596109751726
19144,0.4350315757346506
19145,0.022020692925909816
19146,0.019323438898928038
19147,0.01359222615017908
19148,0.27696482237252185
19149,0.037504154181342446
19150,0.04041679960977813
19151,0.02825563869222509
19152,0.6310763407951661
19153,0.8753096615155207
19154,0.16271035077886126
19155,0.22703753411593058
19156,0.12862515153711473
19157,0.1641197510997326
19158,0.022633578745020186
19159,0.03807055381962082
19160,0.6686382190070795
19161,0.41975324162578737
19162,0.049684100641632534
19163,0.047930030657397295
19164,0.12596461160432773
19165,0.023149766763143318
19166,0.0032937276609543127
19167,0.08510130624680548
19168,0.8132399446826041
19169,0.1975298926105217
19170,0.5995082354202722
19171,0.04498510877242801
19172,0.21130382585985358
19173,0.04722927432697788
19174,0.029773739310409265
19175,0.09327381619019566
19176,0.10269979865723541
19177,0.009035021073032213
19178,0.013994173009217558
19179,0.12590790297597465
19180,0.08401993719566567
19181,0.16527439879829953
19182,0.41778196265518874
19183,0.13518740051489594
19184,0.13725849524047118
19185,0.0031954492919536548
19186,0.05819311860271165
19187,0.2905554773932658
19188,0.07191603137219052
19189,0.03130715226727605
19190,0.03294149953124636
19191,0.276294162863006
19192,0.8206275739665226
19193,0.0976686206158958
19194,0.04410327032842852
19195,0.1547909207661749
19196,0.013295848421189872
19197,0.09547034266778293
19198,0.06268455895159449
19199,0.9257678012734352
19200,0.8617538303163791
19201,0.38317952697075713
19202,0.6533804428071472
19203,0.01784133277909889
19204,0.010059091246017884
19205,0.069539435025802
19206,0.05189726635203995
19207,0.8268741782721615
19208,0.019050755856457588
19209,0.6598356866771854
19210,0.7674358237002703
19211,0.20628010106907563
19212,0.9804648704654351
19213,0.09039012615669666
19214,0.08955276197027358
19215,0.296283768877979
19216,0.10153135586091035
19217,0.03100405564512178
19218,0.16412320242493983
19219,0.046701878725686936
19220,0.5371879426593069
19221,0.0693399598833323
19222,0.21211190035613423
19223,0.0077966604113984045
19224,0.2914766673216423
19225,0.5108570641223732
19226,0.2947767574694559
19227,0.159746228224539
19228,0.045727390981898715
19229,0.04039136877582292
19230,0.09754751202761654
19231,0.11519800590682942
19232,0.05898570612835553
19233,0.04696000621087706
19234,0.06763224908414449
19235,0.03326796693194553
19236,0.09483510288679532
19237,0.2009121518086414
19238,0.035882655850911584
19239,0.013362181847251409
19240,0.011295871328483044
19241,0.08206777122031682
19242,0.010073894061213864
19243,0.8116770891181226
19244,0.01727701663448096
19245,0.10888677300297439
19246,0.0016661657875645397
19247,0.6629717841544862
19248,0.029523519600706826
19249,0.008287510969986235
19250,0.05528267878875972
19251,0.045653426291295054
19252,0.04199040780310748
19253,0.0025867942481964256
19254,0.022968531315313172
19255,0.06738597146218234
19256,0.10957576975291428
19257,0.0659960504371719
19258,0.843762490533706
19259,0.7418650699165474
19260,0.6122116857157547
19261,0.10745539972045626
19262,0.021189612086118872
19263,0.0020400914301311043
19264,0.3795174665836906
19265,0.14271523726956153
19266,0.013734259829244418
19267,0.02435796061006387
19268,0.5490383335719161
19269,0.13606505952658643
19270,0.1667535730692203
19271,0.17103562264197397
19272,0.30294797208826946
19273,0.013451294588614878
19274,0.006705361861350044
19275,0.15041898814298843
19276,0.11490584223786707
19277,0.0067654453454259415
19278,0.730801633765914
19279,0.013789505992891837
19280,0.1614053776610876
19281,0.048909482985830255
19282,0.019730767090049867
19283,0.04201318763279987
19284,0.03551658101697544
19285,0.7094431673408542
19286,0.01614112814432756
19287,0.01730621589694506
19288,0.13889076255786992
19289,0.004252686515975046
19290,0.31220417492338526
19291,0.27467206550244017
19292,0.02786968384974882
19293,0.8785136953211674
19294,0.005414452491760515
19295,0.004870096664076596
19296,0.032582033928913894
19297,0.11044240474782153
19298,0.9073808521948126
19299,0.019822217269447655
19300,0.05255644059500781
19301,0.2390184424033187
19302,0.397895159388562
19303,0.19627819910247465
19304,0.5335350626570391
19305,0.24002786301712845
19306,0.020391520786091917
19307,0.0773687514988979
19308,0.21184157797327574
19309,0.3440364174113084
19310,0.015947268697143833
19311,0.1627057061816649
19312,0.1646436464023376
19313,0.22061631888769603
19314,0.5116969857826985
19315,0.08529218992730349
19316,0.11849156536573262
19317,0.13451105936036498
19318,0.24480392712417146
19319,0.31588876115113934
19320,0.017860815266765296
19321,0.06169469088907062
19322,0.12676066821569112
19323,0.3789013073433589
19324,0.00708636428427432
19325,0.46126024910500507
19326,0.3987070172810652
19327,0.03716808931925412
19328,0.05359301037483982
19329,0.04131376067349667
19330,0.011892916088885026
19331,0.9455221255990954
19332,0.051082799317230025
19333,0.0535990210057206
19334,0.03547544242249304
19335,0.02253291638876677
19336,0.16806376997366024
19337,0.8827028668841365
19338,0.4991198837054519
19339,0.007714822300027256
19340,0.09888715888086597
19341,0.1119148397052994
19342,0.007659216816589129
19343,0.057020236770589434
19344,0.08473126690252204
19345,0.06772147051520608
19346,0.0016674440770124187
19347,0.037426938942641354
19348,0.019866354332662536
19349,0.4908106727581714
19350,0.14397931801624658
19351,0.07916570295208988
19352,0.9676112463964258
19353,0.09147740849086118
19354,0.18166912183456005
19355,0.045241983960318706
19356,0.03937859490851545
19357,0.05555300877461728
19358,0.17283260727961267
19359,0.3597429881925204
19360,0.1589886142967783
19361,0.005250934778734553
19362,0.5045325447491756
19363,0.0661884359064876
19364,0.26973805653916827
19365,0.5594080887392225
19366,0.019962795113520653
19367,0.6373595554872551
19368,0.3330410512256048
19369,0.2559334161722199
19370,0.010082440711802325
19371,0.6251567647383086
19372,0.02198516473971999
19373,0.031709577307958876
19374,0.025922043523882003
19375,0.04855098863456943
19376,0.016904263525191143
19377,0.8406769563452337
19378,0.20941058417504838
19379,0.00916499581468205
19380,0.00735050639564699
19381,0.024431670576118687
19382,0.01718271906382637
19383,0.0933632303418021
19384,0.02683604149889297
19385,0.13739018077459042
19386,0.02264758753658919
19387,0.00951808591129128
19388,0.14089936373627476
19389,0.12026858714764888
19390,0.43248913232320607
19391,0.7784329129214244
19392,0.06134192465581639
19393,0.03405085024646535
19394,0.2549118612806654
19395,0.059118522489260625
19396,0.07332960504078515
19397,0.0061747387014260465
19398,0.2529397883961143
19399,0.010121281048122602
19400,0.7136367319923226
19401,0.1476519122090508
19402,0.020773840944380076
19403,0.28620899195913724
19404,0.014314473126297897
19405,0.0051352849269600135
19406,0.6804225019252276
19407,0.2573055449534952
19408,0.11508154822788354
19409,0.04926176958362352
19410,0.010065509378672727
19411,0.002493390375890057
19412,0.02807441915552873
19413,0.007483656005253895
19414,0.7147327563548502
19415,0.025190185073999158
19416,0.22910564296973193
19417,0.19980094877450572
19418,0.06774372418864126
19419,0.3195984455207082
19420,0.05177217866940517
19421,0.9102288883427894
19422,0.1862444279261723
19423,0.17918233277708295
19424,0.7784527921329437
19425,0.012506095798566486
19426,0.03480526863905815
19427,0.20822387165776832
19428,0.03313967594639019
19429,0.12667079119384608
19430,0.019727428726489988
19431,0.16197315993444536
19432,0.02631283972544771
19433,0.08685430223704194
19434,0.5274796470648674
19435,0.03828517125469527
19436,0.004967391222322185
19437,0.9749876319202725
19438,0.007102179776510009
19439,0.639946996291223
19440,0.17380371552539534
19441,0.09529838391265043
19442,0.5287248611636757
19443,0.03544690318658305
19444,0.03802436474690446
19445,0.13186664715069754
19446,0.007928550867064964
19447,0.03006667909307882
19448,0.13867569475842442
19449,0.009678119922559566
19450,0.14632303974728988
19451,0.3623203047508089
19452,0.015548011908691423
19453,0.08921649696989681
19454,0.5738333572881614
19455,0.4568592538901246
19456,0.7590241993347714
19457,0.15374213390345934
19458,0.08072663935473018
19459,0.03792377727298701
19460,0.9873970294034253
19461,0.07640753596220613
19462,0.026436744752592403
19463,0.032125040354362484
19464,0.1196325207479185
19465,0.25436940373567457
19466,0.12348448491738578
19467,0.19422855662757682
19468,0.7481268004474502
19469,0.020461907704908498
19470,0.40533759759838744
19471,0.4192374184057848
19472,0.5958093094830577
19473,0.07555577751120303
19474,0.04510211085330457
19475,0.15486895400635228
19476,0.021267546354360435
19477,0.8735859956541523
19478,0.22583725274908079
19479,0.008835575140980004
19480,0.025063678832018255
19481,0.4279333821478728
19482,0.045774262044435785
19483,0.01600976561066758
19484,0.011345629113802108
19485,0.009270243251961303
19486,0.9310720602441932
19487,0.11425577033915368
19488,0.22331763579109895
19489,0.14989439286168252
19490,0.010085038898461124
19491,0.08984755091544247
19492,0.09808187215992915
19493,0.11914974448759012
19494,0.7988653326909828
19495,0.1090891314183851
19496,0.8589590726608822
19497,0.022708499387650245
19498,0.051335571145310635
19499,0.027917635890792818
19500,0.6386126388240759
19501,0.02661162395661596
19502,0.9290857733644127
19503,0.6717727966027938
19504,0.8807627221611495
19505,0.45243461390787054
19506,0.08781670479750692
19507,0.6525443454869088
19508,0.023317480999582408
19509,0.05828060406351152
19510,0.029155019496823757
19511,0.08060003015681197
19512,0.21837118303544104
19513,0.09311876214259288
19514,0.011040293135013611
19515,0.5933200643987923
19516,0.5651057403970109
19517,0.12624923744222186
19518,0.03386274953801708
19519,0.022623795132922665
19520,0.021148917343824306
19521,0.14598714571720212
19522,0.7401523142474896
19523,0.7325069681381019
19524,0.2516887538586081
19525,0.02721020128788283
19526,0.013542129687142137
19527,0.21356483002418777
19528,0.3965335241940836
19529,0.015717112116701983
19530,0.9270672980047863
19531,0.02302584813158744
19532,0.36623331245685636
19533,0.17825783786337637
19534,0.5741972007014773
19535,0.03907511037879794
19536,0.34594738907514133
19537,0.05161421951769327
19538,0.24273987593414126
19539,0.775254795564879
19540,0.5153295352017875
19541,0.04494016581478108
19542,0.02407844367291215
19543,0.022480121912137704
19544,0.8287107254795283
19545,0.8163856138371982
19546,0.6945722794667349
19547,0.0722576845617418
19548,0.015673082265489496
19549,0.006194930781159978
19550,0.1790161803255755
19551,0.12383682788335897
19552,0.10108333431821095
19553,0.013155780207070087
19554,0.26562254306660377
19555,0.03846780118717413
19556,0.025076025627383976
19557,0.9813027081348072
19558,0.0053440814901940395
19559,0.06974554114773271
19560,0.050428151738313325
19561,0.9514630767582902
19562,0.0732309100347526
19563,0.28904632502635785
19564,0.05538361962630252
19565,0.19421626153486196
19566,0.4490205313070416
19567,0.8015432115392137
19568,0.05489831628609157
19569,0.20327079981892704
19570,0.04718641073758952
19571,0.01573639038875146
19572,0.24013888318661597
19573,0.08168235851967753
19574,0.015422811270432617
19575,0.2377198883928195
19576,0.9727770717250744
19577,0.022165610588484912
19578,0.014751420781982105
19579,0.43172934451669387
19580,0.03771515952723624
19581,0.5087396914543693
19582,0.16200254287452284
19583,0.02185456217784856
19584,0.110872764769755
19585,0.005557435143085299
19586,0.24996460825813718
19587,0.2868805825018152
19588,0.07687270553799028
19589,0.11672459392643789
19590,0.18463408201382897
19591,0.11791380264194702
19592,0.11506231408361678
19593,0.9082892377704268
19594,0.24097855915306374
19595,0.12481133247327415
19596,0.391229366236526
19597,0.6934275572959657
19598,0.012160900837190704
19599,0.051185270734406804
19600,0.07127923663168864
19601,0.8742818620077348
19602,0.9035691852897141
19603,0.7880634954357288
19604,0.10345873806490759
19605,0.38195885494873116
19606,0.1933728921748427
19607,0.04691200565979011
19608,0.0528316428466941
19609,0.045939412767906494
19610,0.4765820866254922
19611,0.45630710458734886
19612,0.2761461988215319
19613,0.007275643373742395
19614,0.06867097157969486
19615,0.020381381162598463
19616,0.02456921695569057
19617,0.020930298685386213
19618,0.5601331285530674
19619,0.14210621070440888
19620,0.08526553305435364
19621,0.7605340950676618
19622,0.06875875509680536
19623,0.03180258002079322
19624,0.06920716437686461
19625,0.031503220087583765
19626,0.4927076541089677
19627,0.01866468815223831
19628,0.17487934231661786
19629,0.02134344099307573
19630,0.07358977916190387
19631,0.07829184539675049
19632,0.20103205436970395
19633,0.15319180834675875
19634,0.023328024418737568
19635,0.14629858227345854
19636,0.37105699949765564
19637,0.7897489487730992
19638,0.07595661694964305
19639,0.005566900997466165
19640,0.03056651032947188
19641,0.008757426203801467
19642,0.060264784813568735
19643,0.0056543118669143775
19644,0.024751630124402558
19645,0.9329260647222848
19646,0.08542862710437749
19647,0.06742323265086554
19648,0.1101455162253223
19649,0.4704321618092086
19650,0.009150314841385638
19651,0.018120675806567937
19652,0.2311644257791051
19653,0.01643002406956946
19654,0.8821483051363248
19655,0.02926173253796637
19656,0.12611497940248842
19657,0.040346018259922636
19658,0.9306486594393953
19659,0.003936050638579444
19660,0.3455395916447917
19661,0.1203157170417836
19662,0.08279221625294035
19663,0.04824946539090032
19664,0.4908050273608289
19665,0.11861597858768329
19666,0.1328630550157645
19667,0.2826504765427407
19668,0.029965120124175404
19669,0.01037325326964969
19670,0.4002518530484375
19671,0.2812670873392599
19672,0.07524223237032916
19673,0.15192077046429467
19674,0.092997858358493
19675,0.21175250600104334
19676,0.04712201696729866
19677,0.00183874666117132
19678,0.0032927973841619914
19679,0.15533943412817502
19680,0.04989354155177681
19681,0.8581896046797086
19682,0.9806773200499191
19683,0.12257367730741342
19684,0.12675629377620834
19685,0.4981403364134694
19686,0.022190314942543442
19687,0.037515089242405576
19688,0.012733195326187679
19689,0.12638137845882422
19690,0.4336345477307166
19691,0.0911627876296518
19692,0.9029754656910504
19693,0.04044035801870117
19694,0.05494743125635408
19695,0.46275597623804404
19696,0.038131144692482466
19697,0.7229650818209898
19698,0.12371036961752176
19699,0.4732055152027997
19700,0.003666537853530847
19701,0.001821528721655898
19702,0.6983540391040811
19703,0.007587498047562924
19704,0.05530959259076101
19705,0.23736817407966848
19706,0.342618718957303
19707,0.013660090374697417
19708,0.1099548694520802
19709,0.015299853612124237
19710,0.013823278097569579
19711,0.9426050634089126
19712,0.14376423290796994
19713,0.023486748341074528
19714,0.4259077253815257
19715,0.29477890196378675
19716,0.018953906301469686
19717,0.13002862911005536
19718,0.014028350671419304
19719,0.006866024628329156
19720,0.3320125807089829
19721,0.011890367557233173
19722,0.6159155542989516
19723,0.9057063259181364
19724,0.006776195692519551
19725,0.4148860263565907
19726,0.009025283730121413
19727,0.11242659961858191
19728,0.23410056901518758
19729,0.20585788020273182
19730,0.07489477589321282
19731,0.3547651556131773
19732,0.05421990120248919
19733,0.09321552098842567
19734,0.22714213279504195
19735,0.1524963532309496
19736,0.14500322042966113
19737,0.9951336952802363
19738,0.8776739440382908
19739,0.2825050378888842
19740,0.05679731471935874
19741,0.027237858277681482
19742,0.1543333436317247
19743,0.37166213344467725
19744,0.0026102413811820865
19745,0.03442264156590053
19746,0.034687728980312416
19747,0.037326904320099184
19748,0.2430439107790544
19749,0.0061974459252290654
19750,0.019812266753117168
19751,0.6083075655497011
19752,0.01981842434573852
19753,0.005772109343876794
19754,0.047927519276024344
19755,0.006708592011195396
19756,0.02849309360001455
19757,0.032719797897611404
19758,0.47388201478981334
19759,0.3456108050284646
19760,0.11103507762257468
19761,0.005613003323970369
19762,0.014193440799953334
19763,0.005528530998283339
19764,0.693012499168434
19765,0.06491910368790735
19766,0.7424067972469456
19767,0.1514711462331376
19768,0.41631003446521536
19769,0.09694221081964868
19770,0.03751820542462628
19771,0.008113760663654686
19772,0.013333708825872577
19773,0.060329512173230904
19774,0.8906118254476646
19775,0.0988877686114012
19776,0.0027069718892468154
19777,0.33899841548084586
19778,0.2526361155633632
19779,0.08947079269065518
19780,0.05409896038414263
19781,0.5253881084889124
19782,0.03853180723694636
19783,0.009295627583410813
19784,0.015810293436696914
19785,0.016482500127882178
19786,0.010193738174613666
19787,0.021722349137633313
19788,0.0336782870291954
19789,0.05119936108516285
19790,0.7390358815035752
19791,0.6893984957981675
19792,0.04149645714927797
19793,0.09834243842303218
19794,0.6567710658076624
19795,0.04010645608945445
19796,0.1830099356989675
19797,0.0950374883076713
19798,0.015868512375362836
19799,0.9781605858197703
19800,0.056140876722041363
19801,0.1834020886864111
19802,0.059106349278751885
19803,0.5064413225544994
19804,0.03316558361098565
19805,0.15688182157462766
19806,0.008753294656101255
19807,0.11931651772121406
19808,0.16979891840894182
19809,0.01680133983583397
19810,0.09324328569279126
19811,0.009824670265571139
19812,0.09541431961409394
19813,0.019368413846240516
19814,0.08123721825253472
19815,0.13245309329767385
19816,0.06267850763910887
19817,0.025604142588840296
19818,0.13995386442292904
19819,0.004559878671101875
19820,0.14213473002655225
19821,0.08116913979230973
19822,0.004939980378544263
19823,0.15181028185767967
19824,0.05513593317018488
19825,0.0803654621200517
19826,0.0785973782446961
19827,0.2663768328849478
19828,0.16042448127062364
19829,0.6604508046842008
19830,0.10702635396640091
19831,0.041546102326443235
19832,0.15871079467478713
19833,0.3104268783339232
19834,0.04542386769083607
19835,0.6766381003414413
19836,0.05880741692494469
19837,0.015030177415193354
19838,0.03147034235743809
19839,0.451305050838724
19840,0.20382417840422817
19841,0.5806971640073839
19842,0.05623400703365019
19843,0.07616621689462985
19844,0.010100048085576841
19845,0.6380092999079248
19846,0.015951173051382193
19847,0.10039125898358227
19848,0.022583534775592343
19849,0.05331099018669195
19850,0.0352393051758599
19851,0.08825457097084075
19852,0.24355764654741022
19853,0.018280263566457393
19854,0.9670371670332341
19855,0.04681592209142105
19856,0.23797272573282546
19857,0.9042536857678689
19858,0.19807976789987933
19859,0.686450033213169
19860,0.5575787654552744
19861,0.588757466442516
19862,0.10889268724245808
19863,0.2724181843737235
19864,0.1410576424479738
19865,0.07498370042264489
19866,0.15418040546217548
19867,0.07862315243617715
19868,0.1441600945294923
19869,0.11978396894906658
19870,0.16510899851479865
19871,0.2712847936069424
19872,0.11853729148808628
19873,0.361280317336997
19874,0.02091166147617601
19875,0.09755485304191996
19876,0.008106072985710706
19877,0.09896115715366233
19878,0.0053984034687294255
19879,0.06136088209052073
19880,0.12753119800459828
19881,0.019771210919519208
19882,0.02554007724395442
19883,0.03511720871232919
19884,0.45085741848765354
19885,0.957381981314044
19886,0.03223784265625881
19887,0.03517612782416199
19888,0.22214853395606224
19889,0.3437316226593037
19890,0.15630695379012885
19891,0.47228015777537685
19892,0.06474052719561198
19893,0.026329227920431148
19894,0.03592542421115393
19895,0.22347388733705442
19896,0.01603512367136281
19897,0.518500733260878
19898,0.11874116376716376
19899,0.08455910487926714
19900,0.13203347879491403
19901,0.10856418251315433
19902,0.06504184665675655
19903,0.5419302468601859
19904,0.059302781650138005
19905,0.05522891087928099
19906,0.25520969202711685
19907,0.03187356708342442
19908,0.005862428340708946
19909,0.02452166816711206
19910,0.7079823869122608
19911,0.35006233215699206
19912,0.015299070460539053
19913,0.05162052247856781
19914,0.014579043976637033
19915,0.3115451151373337
19916,0.011000462751937097
19917,0.16885666768027918
19918,0.009593492024861795
19919,0.1065088540386438
19920,0.26452191638938316
19921,0.06790927277640818
19922,0.42668331737191884
19923,0.15773485213649086
19924,0.36444133660981154
19925,0.21903597995157076
19926,0.2024061585182176
19927,0.29063143471917546
19928,0.03299243330946747
19929,0.18569953204794598
19930,0.07511579613672326
19931,0.022107707430054937
19932,0.3379375174622119
19933,0.01157436069283788
19934,0.068034167546465
19935,0.04030699030512285
19936,0.004873886310141701
19937,0.10831063769213897
19938,0.07089726014949693
19939,0.06802389426229553
19940,0.015974365737219713
19941,0.07905326679823185
19942,0.08324961973230283
19943,0.013702591457611107
19944,0.11719190143342269
19945,0.050489126776172955
19946,0.0981418165084103
19947,0.04713099868392003
19948,0.4332420353244742
19949,0.05146897265290592
19950,0.09297333766187983
19951,0.3318458985554072
19952,0.14417135097722672
19953,0.5069268445408673
19954,0.046935545602139896
19955,0.010476690728927134
19956,0.36324401173924514
19957,0.023034425500746074
19958,0.01744855376486482
19959,0.08028648546685996
19960,0.23083521014816297
19961,0.06899181698794546
19962,0.06524275101855237
19963,0.05281914862075487
19964,0.01889253874875409
19965,0.03974962876352434
19966,0.43632145862891825
19967,0.14180568089481924
19968,0.8451333168052415
19969,0.9819889636332858
19970,0.5316624094110606
19971,0.034891462136954265
19972,0.022770038592212813
19973,0.8616196900752014
19974,0.00862123864227859
19975,0.962073153861284
19976,0.07836778316881483
19977,0.06358247130199862
19978,0.03306844744236531
19979,0.6637991930701616
19980,0.2525032186736083
19981,0.06573603087739893
19982,0.17349909055234444
19983,0.3229942672589172
19984,0.6087525034629582
19985,0.2848805374169876
19986,0.02631870675488549
19987,0.13214695569350174
19988,0.021009468018111634
19989,0.025916199382447283
19990,0.4444360218029492
19991,0.016422385267117267
19992,0.8986913324552166
19993,0.13457209015828414
19994,0.5067392149842911
19995,0.04015772862988656
19996,0.12018771704626291
19997,0.008983195950083933
19998,0.005844603283789431
19999,0.012278760946696124
20000,0.07898939081373108
20001,0.007470378090953054
20002,0.016053118214611726
20003,0.256678051258211
20004,0.5654393976764512
20005,0.35944507243622653
20006,0.9748447608786436
20007,0.18578161389722644
20008,0.3551165573946923
20009,0.039390581131263286
20010,0.02421244967871765
20011,0.20869988950950652
20012,0.02051657394963319
20013,0.10803868605986085
20014,0.07235566258758341
20015,0.20177440576374356
20016,0.0418491497576871
20017,0.06925355549462055
20018,0.01670882718426569
20019,0.00489814579560825
20020,0.07930586615101404
20021,0.09593270006955873
20022,0.2687679155354849
20023,0.10064161117914251
20024,0.10512499566634913
20025,0.09161721073993914
20026,0.094612172808558
20027,0.9041623684124488
20028,0.021606741074962996
20029,0.5120757001397092
20030,0.06214893662631056
20031,0.02379418878309267
20032,0.04779281320916417
20033,0.2700017880005113
20034,0.0174366464588684
20035,0.4088892518780829
20036,0.020676701525219963
20037,0.023382715098202108
20038,0.7308030440024156
20039,0.3086615106686571
20040,0.01134424989530139
20041,0.028749512918813495
20042,0.03358748758505598
20043,0.07871489530352448
20044,0.04711289114267556
20045,0.1506456989550096
20046,0.8362522938898408
20047,0.6734136593405197
20048,0.018973453937926998
20049,0.8173103277512273
20050,0.8728143387098163
20051,0.05399703267134449
20052,0.09105611080899946
20053,0.2484523588595877
20054,0.05131283579654842
20055,0.20473949636256356
20056,0.007454008681182928
20057,0.047091585775258314
20058,0.16004322042850347
20059,0.0959414813124622
20060,0.2267259468093028
20061,0.10144111958510565
20062,0.039888476231671945
20063,0.007334888483086741
20064,0.047227902543949256
20065,0.5499034984635116
20066,0.5797564894103612
20067,0.04568579884344402
20068,0.3730808062893683
20069,0.6501570408000698
20070,0.024911656911315617
20071,0.03954230221962125
20072,0.19248945508864437
20073,0.04068078461084816
20074,0.014604182345481609
20075,0.011042787319425101
20076,0.24296991093285594
20077,0.04716353642809311
20078,0.0508576295183152
20079,0.041133308455606796
20080,0.4137251250576113
20081,0.640253173329356
20082,0.0881924563970568
20083,0.24402406160786572
20084,0.827703280386586
20085,0.03250222842509584
20086,0.00477130507221999
20087,0.17072496367041498
20088,0.24069758155378887
20089,0.09521092079476884
20090,0.25930648870940015
20091,0.13568089258731636
20092,0.025930913794377484
20093,0.23578206568889679
20094,0.1858224034860108
20095,0.7272673780749421
20096,0.5977432117981553
20097,0.21795089565661588
20098,0.006473802367621282
20099,0.061468718986382474
20100,0.6959113102991779
20101,0.3080867445427566
20102,0.15338518347496555
20103,0.05860774145323645
20104,0.8133702866231226
20105,0.09317598982280499
20106,0.08326061930893024
20107,0.873203350225062
20108,0.037931992638426525
20109,0.16227091400442115
20110,0.8070763407350124
20111,0.03025232565472061
20112,0.0859565224683234
20113,0.07824350010850117
20114,0.8662537620512399
20115,0.9301695210290555
20116,0.14797954473373173
20117,0.005303211596927747
20118,0.01234507613228306
20119,0.11462453919567012
20120,0.14406851400324647
20121,0.01827722846096925
20122,0.2581498103564959
20123,0.06591107095921728
20124,0.19507954826709167
20125,0.13427800185017646
20126,0.11770514810320354
20127,0.07666981613516397
20128,0.8801814617115691
20129,0.19307975557430843
20130,0.5045034563687585
20131,0.021726276309753174
20132,0.07321548597629671
20133,0.0026431337280208287
20134,0.058554965094582447
20135,0.7048421011072615
20136,0.005461043980833047
20137,0.009022473074967853
20138,0.9876784334281482
20139,0.052688809896000034
20140,0.2321985791942047
20141,0.0013382488358471404
20142,0.1215283553362042
20143,0.03960191719447834
20144,0.14753561943069773
20145,0.007574237921218365
20146,0.006643102319587281
20147,0.18101682504575634
20148,0.010795505476966252
20149,0.447433677087692
20150,0.24810544193165418
20151,0.9728115855757442
20152,0.027419642923289682
20153,0.29401105872030375
20154,0.022470556948601932
20155,0.0026856247456936103
20156,0.005352624408439536
20157,0.35736475064867623
20158,0.08078728161765122
20159,0.35070719971784636
20160,0.9343874729630325
20161,0.0031883513352323764
20162,0.021724654372707167
20163,0.10601469803755996
20164,0.2995915078576886
20165,0.14837096404542496
20166,0.026351389913224724
20167,0.6303831811645325
20168,0.004644307904115446
20169,0.015470718422163366
20170,0.08490568022941321
20171,0.6496277131826478
20172,0.9688696613320815
20173,0.9897355058304809
20174,0.06613215097902624
20175,0.30576995706948473
20176,0.04568454022719092
20177,0.020052064347240307
20178,0.06929958461116169
20179,0.015547042228643846
20180,0.06718016418550965
20181,0.029964339242364194
20182,0.046866541658062484
20183,0.0424009944984523
20184,0.8433093919348351
20185,0.2959020352132976
20186,0.1508333493463298
20187,0.0026707427835772984
20188,0.1881423291450065
20189,0.05880059314135126
20190,0.8567974556241498
20191,0.023290680122689342
20192,0.8780356970672616
20193,0.03872591931950749
20194,0.0371802359891651
20195,0.6247963371869613
20196,0.04779907223086878
20197,0.09731487422227152
20198,0.013067055306702111
20199,0.09020646321861105
20200,0.039006075505245624
20201,0.2110445423052037
20202,0.013055352930162313
20203,0.030265070305375497
20204,0.03675407748102978
20205,0.015557295601353452
20206,0.055984435141923715
20207,0.14276684717688562
20208,0.037001905636795084
20209,0.02487241685860322
20210,0.05762682005546748
20211,0.16934816568781583
20212,0.8481921163709207
20213,0.020686143053408663
20214,0.2798003430530887
20215,0.18502338527735052
20216,0.11195662105486957
20217,0.07348285300532137
20218,0.18657874987184556
20219,0.9585562806247928
20220,0.10934544449586082
20221,0.752084959529714
20222,0.029969973400104214
20223,0.047482660278371516
20224,0.03217932542402646
20225,0.0419768893030966
20226,0.014867493777455628
20227,0.5834815140814728
20228,0.8166127435608724
20229,0.10887630454286411
20230,0.04051138714419796
20231,0.7567351497391518
20232,0.21742092097040785
20233,0.030305486859314112
20234,0.04461771410415886
20235,0.04775108772945142
20236,0.3493968071178655
20237,0.5302000307674348
20238,0.18551842972484414
20239,0.04112389599748654
20240,0.003000123238186354
20241,0.005389194774278999
20242,0.003792335100588996
20243,0.04149060649225763
20244,0.0333686265390157
20245,0.9550568520155429
20246,0.7730791681802229
20247,0.12665271747630344
20248,0.11739996379834944
20249,0.5800091388893448
20250,0.05000031667811387
20251,0.05272939829528177
20252,0.027412993428915317
20253,0.012977520849848436
20254,0.03014233031547071
20255,0.11531359033777791
20256,0.7213346748538476
20257,0.895092920254928
20258,0.40072059035001556
20259,0.42017244542322835
20260,0.02570739619973057
20261,0.48822063667042764
20262,0.0651116241574896
20263,0.023682031778020574
20264,0.05291964126633013
20265,0.23802590330868714
20266,0.9170637111945283
20267,0.421994394353586
20268,0.02549890820305707
20269,0.051288397565509486
20270,0.050311813390450794
20271,0.19418302852780658
20272,0.08327943514348088
20273,0.10454659113777905
20274,0.24064340577908389
20275,0.003919708053167906
20276,0.5491018885121463
20277,0.7878759170387645
20278,0.08152314223273098
20279,0.4278006686429263
20280,0.035697465898756844
20281,0.7398127478527899
20282,0.0747203894293905
20283,0.4625190877122847
20284,0.05814859255136265
20285,0.5600452979417245
20286,0.014941231950306355
20287,0.008295880475130817
20288,0.025699174793501717
20289,0.7503945310936962
20290,0.010817264242517341
20291,0.06389422421666624
20292,0.8022397656253728
20293,0.5539695234386406
20294,0.04218099063684998
20295,0.08474291304907017
20296,0.32827195449469876
20297,0.053865652925635256
20298,0.07538148294038657
20299,0.8131596955903743
20300,0.13787971445764466
20301,0.01448337535742387
20302,0.9639656154068053
20303,0.010181078510923732
20304,0.21010395832414866
20305,0.008908541036732104
20306,0.0043180431177003075
20307,0.13246160025379716
20308,0.13111776700038483
20309,0.088972567252108
20310,0.1845705356407086
20311,0.02927249315611003
20312,0.0420488201819216
20313,0.02028637906431614
20314,0.8286683854855605
20315,0.8935179521197752
20316,0.05400697172662537
20317,0.004848027359491286
20318,0.09652130756713413
20319,0.787965240708332
20320,0.9291627544942148
20321,0.036394068846502585
20322,0.08570820138539892
20323,0.005236814147607989
20324,0.6796659966992369
20325,0.017069473962771163
20326,0.3306458710611671
20327,0.02569979839210795
20328,0.08010138563895622
20329,0.05636530854688872
20330,0.7336959091833876
20331,0.0038244872988683495
20332,0.3096956435269522
20333,0.3530506532293289
20334,0.7780038353537486
20335,0.44668732484213836
20336,0.06624856632147849
20337,0.02843327841709723
20338,0.09037125922135895
20339,0.7852569112963054
20340,0.041990050099592315
20341,0.08241771551524883
20342,0.024000198686488946
20343,0.7966344752654486
20344,0.021456651917005853
20345,0.895004575990536
20346,0.053160182342893665
20347,0.05120318171961006
20348,0.7604422449965528
20349,0.10595897790335289
20350,0.007208386771506703
20351,0.07230438164873124
20352,0.31251649160626327
20353,0.042941539643083074
20354,0.23293111250332194
20355,0.20103133014803137
20356,0.02381513111173761
20357,0.9535599604389602
20358,0.08156716029557626
20359,0.1233913083053658
20360,0.45232019540991175
20361,0.08202486792391132
20362,0.06887131419474789
20363,0.03232413152755572
20364,0.7163809052639052
20365,0.04042894328245692
20366,0.02342215831049204
20367,0.020612313960974994
20368,0.08723630013500609
20369,0.026086182322586075
20370,0.11211636072248998
20371,0.0736188075862239
20372,0.015905261006405873
20373,0.33750782593856854
20374,0.00834593885892232
20375,0.17523358583567486
20376,0.05163026749202091
20377,0.0016736605531746515
20378,0.008705774548617363
20379,0.3813345318119663
20380,0.01558392956445132
20381,0.7585392770742536
20382,0.0732202738003979
20383,0.8670200012967832
20384,0.050077930126422095
20385,0.02460724940427609
20386,0.036313373254083244
20387,0.08912353324744401
20388,0.0455044883498819
20389,0.0809154283101812
20390,0.555040782997002
20391,0.3456570256845621
20392,0.44911660638936124
20393,0.06203674548791529
20394,0.07117440321511573
20395,0.14408553092401524
20396,0.06995556881527684
20397,0.008522294814252466
20398,0.9236856365011864
20399,0.08431629235876181
20400,0.13259687188131897
20401,0.020875122693816917
20402,0.6960726977391727
20403,0.04690301429897065
20404,0.012639286676790526
20405,0.03873457336163137
20406,0.007221112039238377
20407,0.31758610089234396
20408,0.5371096516507826
20409,0.405483156855921
20410,0.3727692319624427
20411,0.0797068429626893
20412,0.023243314256094386
20413,0.08043337748155466
20414,0.9813346249755207
20415,0.7549347489709971
20416,0.11055911444249633
20417,0.17454369920093935
20418,0.06715368489323593
20419,0.032140422622722986
20420,0.1566872057824023
20421,0.22002054603324
20422,0.01166530327548234
20423,0.028050852809234687
20424,0.2323517477586824
20425,0.005780087402872284
20426,0.6157890046848209
20427,0.009457791776187321
20428,0.8784063231700356
20429,0.09154242958047008
20430,0.012341638848183631
20431,0.07962132838965773
20432,0.047270420829496194
20433,0.1909147023345457
20434,0.06592338398830228
20435,0.005427525874020378
20436,0.006598138356688725
20437,0.9177893679903771
20438,0.9194226611355449
20439,0.05643302603975369
20440,0.08203551794640995
20441,0.10359150431216817
20442,0.010285799615157694
20443,0.38321075975652946
20444,0.3716821057576647
20445,0.11569924716506509
20446,0.0829262100865291
20447,0.7026935855229987
20448,0.49489568031588693
20449,0.011003017183026617
20450,0.7009086533678466
20451,0.9221470430077944
20452,0.08999871645390838
20453,0.02986821578693813
20454,0.12554615719435475
20455,0.03005781506106746
20456,0.013545386396505259
20457,0.006489501398154498
20458,0.27159212279020173
20459,0.83131593231766
20460,0.7779001768300016
20461,0.0472434492127382
20462,0.04144923517631597
20463,0.35002839858163215
20464,0.0027845566915472597
20465,0.054176854069710574
20466,0.08895182626129843
20467,0.8582653380334
20468,0.026470135163693127
20469,0.38819494606196675
20470,0.01458064709430001
20471,0.41335198615117774
20472,0.03620730333181117
20473,0.027962935478997867
20474,0.01394890509572464
20475,0.018945656513451613
20476,0.0054051188919161065
20477,0.8989651380709006
20478,0.2617213172269016
20479,0.3283591210994224
20480,0.11461771300412238
20481,0.08304410099757485
20482,0.15003908677248612
20483,0.04769742776893006
20484,0.06400209118007359
20485,0.007802161978682038
20486,0.11152944794956308
20487,0.5882065562685995
20488,0.014559766414558806
20489,0.004738251887959804
20490,0.20946926320632184
20491,0.04122276534798198
20492,0.06664896863430847
20493,0.05383199339774227
20494,0.12871133264857756
20495,0.02146823840907699
20496,0.01883122890079661
20497,0.007895057584096445
20498,0.13843551577325436
20499,0.7148524045053698
20500,0.014218411324603625
20501,0.012303859356394133
20502,0.5381220956740215
20503,0.48053686644191557
20504,0.13734816591644242
20505,0.8923385475812105
20506,0.041361193783733596
20507,0.09743238477328386
20508,0.3858481562328897
20509,0.6986856590204625
20510,0.12614109191865724
20511,0.002771059449277866
20512,0.9028665750489517
20513,0.6320621008687822
20514,0.07318584634049448
20515,0.7554465557221126
20516,0.0749683238598078
20517,0.1843165453234399
20518,0.019154582559200113
20519,0.014780945084507745
20520,0.05926008518007737
20521,0.7800464952387193
20522,0.024416616412939504
20523,0.2711950986359575
20524,0.7409061037949973
20525,0.052750792814073966
20526,0.010593488972108512
20527,0.036285037151980275
20528,0.009547461527841267
20529,0.1076830969264333
20530,0.07756569838598452
20531,0.2592251732616317
20532,0.3686598011994007
20533,0.06990638364683326
20534,0.012557420167803488
20535,0.047234308445462614
20536,0.011616831487323164
20537,0.5678290314637854
20538,0.18140160634120775
20539,0.029994225491529213
20540,0.41440428927531725
20541,0.026918545814940808
20542,0.1080801712497073
20543,0.24551575468871067
20544,0.9132228343618664
20545,0.5251100275638303
20546,0.012504014760326912
20547,0.21256501593930874
20548,0.5999124351412681
20549,0.059531384120407524
20550,0.28339923433416203
20551,0.02396192435335228
20552,0.4148490216137271
20553,0.05621877321706961
20554,0.12995428224304145
20555,0.1988567798043338
20556,0.26067585711618374
20557,0.2705260613466727
20558,0.0047635325931749085
20559,0.014228236868787995
20560,0.062256809594438994
20561,0.01073702500790209
20562,0.002903709104347204
20563,0.023410856248689268
20564,0.037785884512762935
20565,0.39895728555247634
20566,0.15379706069104943
20567,0.011749743606250302
20568,0.04877918149355158
20569,0.03804248044332605
20570,0.1821369424162229
20571,0.005683613894756861
20572,0.02293752225174586
20573,0.0683525164167839
20574,0.18475542366679296
20575,0.022277916803400737
20576,0.24899357777771122
20577,0.3440305083792208
20578,0.682794258836737
20579,0.05213811259663163
20580,0.00890596186521165
20581,0.31469950598480206
20582,0.14954549420766958
20583,0.58491959852882
20584,0.03520902381032797
20585,0.02619512862241138
20586,0.06668710271793687
20587,0.16008877676614766
20588,0.13548266038666282
20589,0.010936115549329821
20590,0.15623886749525118
20591,0.03133663423467912
20592,0.9695015199340475
20593,0.475483714034295
20594,0.15595354604039582
20595,0.06617551106265084
20596,0.2556047382789881
20597,0.021561643743292298
20598,0.6230585325873129
20599,0.7079635288762877
20600,0.669843172398401
20601,0.006698613344193845
20602,0.6276722435186296
20603,0.06695059809330837
20604,0.11845418412452023
20605,0.057771755434806
20606,0.356189278605659
20607,0.0459073633771291
20608,0.9893624232023904
20609,0.706179146910153
20610,0.9491321562879856
20611,0.1442839100617096
20612,0.020517316758842805
20613,0.17033333652426064
20614,0.18938336252259363
20615,0.4030973719027173
20616,0.32686037861910416
20617,0.02406118795217533
20618,0.04058252912899816
20619,0.005388492651912933
20620,0.1642551482852838
20621,0.027858625397971168
20622,0.010276611314463339
20623,0.11550434945653842
20624,0.636292027174524
20625,0.18930020730013336
20626,0.035956864872925334
20627,0.03416352015347167
20628,0.09904536450927637
20629,0.8687048010399703
20630,0.057840447623775895
20631,0.12649627464591373
20632,0.10837320030071006
20633,0.01035740419288755
20634,0.6021218610607476
20635,0.024784532424027172
20636,0.019595067046186656
20637,0.33032989696588194
20638,0.5327962174473746
20639,0.04858811514540596
20640,0.1464581256368826
20641,0.016230450346195413
20642,0.01789984799467161
20643,0.1113072365526754
20644,0.6262666046404584
20645,0.13274629178451028
20646,0.02687459927791397
20647,0.08409129927063039
20648,0.040458975642390566
20649,0.077549735590092
20650,0.174350155361514
20651,0.15585494460633906
20652,0.3566479235275137
20653,0.09285636545712715
20654,0.466990650557103
20655,0.0782483086069472
20656,0.5519058080839614
20657,0.2469728524043254
20658,0.15736664145927046
20659,0.7320774932082846
20660,0.20951366779295297
20661,0.07490986459968227
20662,0.022178098114083947
20663,0.025991481115484494
20664,0.0204060098725716
20665,0.06422167650685777
20666,0.07794941259300318
20667,0.09089214333584093
20668,0.08645156821309051
20669,0.2160812782527104
20670,0.2370454473606931
20671,0.08677162885501567
20672,0.7897792782415435
20673,0.04494777360905316
20674,0.023121840695249873
20675,0.02420626966660365
20676,0.1821453065897462
20677,0.04973829818397773
20678,0.036487681548392215
20679,0.033758898827029676
20680,0.7411484305770899
20681,0.005759788254445236
20682,0.3009230737788906
20683,0.003550775936180578
20684,0.029091445301807385
20685,0.04540385733207318
20686,0.09739851209987825
20687,0.10544354701522386
20688,0.8604561668338028
20689,0.5259455210562758
20690,0.03195965445029987
20691,0.0030784847953630513
20692,0.31316088697571015
20693,0.04356193982916174
20694,0.007952398814052781
20695,0.10828122817244228
20696,0.0104201770841173
20697,0.9466898789939466
20698,0.1081340422855828
20699,0.018672714655632295
20700,0.014707032779649937
20701,0.39960595889874984
20702,0.01069949581493389
20703,0.6459466338747204
20704,0.026686317170340913
20705,0.147198239823809
20706,0.04420880891233351
20707,0.09854273583320389
20708,0.08017699980753656
20709,0.021677360688947305
20710,0.23889772107254734
20711,0.01105211742273379
20712,0.3344859084200733
20713,0.645316527369527
20714,0.6093478599864516
20715,0.018972124237522068
20716,0.2327494580473843
20717,0.1350618353499664
20718,0.2813983029658855
20719,0.007974294158659637
20720,0.050149666691930994
20721,0.23084654378081002
20722,0.24884792751228224
20723,0.04648586953399384
20724,0.010271076919025342
20725,0.017897618183518513
20726,0.06765720824021622
20727,0.7184468085310072
20728,0.06023569436387979
20729,0.03145694410898266
20730,0.10969642108000524
20731,0.25006203704428537
20732,0.05597236268375352
20733,0.8412149482948159
20734,0.19984279769696284
20735,0.4075312778486769
20736,0.025083392137556716
20737,0.30521430752972634
20738,0.7069712751162209
20739,0.1677874418298233
20740,0.03712814849209081
20741,0.46323000501009126
20742,0.021184051082593722
20743,0.11451681819561232
20744,0.24356506409027986
20745,0.6313753681682949
20746,0.15598890678526284
20747,0.22099546858671576
20748,0.1372148611829428
20749,0.027307053009011154
20750,0.07235059698201265
20751,0.9676298270484379
20752,0.026911771300507745
20753,0.38880393496868354
20754,0.052043159408077466
20755,0.1291575601655491
20756,0.06690010713642187
20757,0.04495287265053963
20758,0.10019353568172765
20759,0.20540053755108373
20760,0.09303593902542784
20761,0.071527765153468
20762,0.4028605219984966
20763,0.023473254363074562
20764,0.6290436956349972
20765,0.124197912837606
20766,0.06993618076077794
20767,0.5592994881463331
20768,0.024292018221699137
20769,0.07888972556515826
20770,0.04639034529294698
20771,0.05984928090577621
20772,0.06492509300906378
20773,0.00448026313332089
20774,0.020149618847397622
20775,0.05262622155479518
20776,0.17944035137522144
20777,0.027528793837503354
20778,0.03496986190972691
20779,0.7883747611466864
20780,0.8983656413915787
20781,0.2536091076498605
20782,0.04182092152324112
20783,0.511573763144471
20784,0.02683135223990573
20785,0.007958015271477208
20786,0.9498686790600045
20787,0.28028593263010115
20788,0.29332598588365916
20789,0.5570042178992566
20790,0.02096750026829709
20791,0.3493895613493021
20792,0.046213256045048216
20793,0.006487408007144994
20794,0.020547548589303067
20795,0.013305403424773552
20796,0.6910051176543106
20797,0.3901183820273277
20798,0.025129760464095357
20799,0.8686266547634595
20800,0.804107565136863
20801,0.6301054920247214
20802,0.21268647127482143
20803,0.8154888808529157
20804,0.018598200837479678
20805,0.05758121149112029
20806,0.3239149164102953
20807,0.09758217576928571
20808,0.07721386636605586
20809,0.307731387897456
20810,0.12757053657487968
20811,0.08760238486372356
20812,0.04510694301186099
20813,0.03864547875490543
20814,0.10385368879512165
20815,0.5932241231965318
20816,0.1686961038867381
20817,0.004575060003499535
20818,0.001007050958800898
20819,0.06313351292780332
20820,0.5362201436499899
20821,0.916459439662588
20822,0.09456105602048791
20823,0.0051399256284619665
20824,0.050705716425040445
20825,0.3957605857777949
20826,0.13410349214902237
20827,0.2399010963009468
20828,0.29163253802417727
20829,0.15507993561238106
20830,0.8124970792664725
20831,0.1071872881208061
20832,0.13798904641080986
20833,0.6666204969404768
20834,0.6631368107918737
20835,0.06261890851269282
20836,0.8456142092319403
20837,0.005597478393703752
20838,0.12477709423448778
20839,0.07398462514410666
20840,0.06937993265003493
20841,0.10721424631827862
20842,0.5373268243220443
20843,0.010340118873093884
20844,0.18909460873693737
20845,0.658806950170941
20846,0.009909059289192078
20847,0.11736706144176291
20848,0.004762065320555293
20849,0.02304612194112688
20850,0.040113194007759624
20851,0.1177744769489084
20852,0.8470268225768367
20853,0.05148222054308689
20854,0.013671007196268578
20855,0.2226303906972422
20856,0.269107564908152
20857,0.5146811393730958
20858,0.9252452658994939
20859,0.05056910536641644
20860,0.09648049502078747
20861,0.10749354212871164
20862,0.07939950706791842
20863,0.2959353294427131
20864,0.02670964137919481
20865,0.1323846760295065
20866,0.11936795396719131
20867,0.033748681937022365
20868,0.7995674202253379
20869,0.009695989506983247
20870,0.01866834330173849
20871,0.021669142137050793
20872,0.043038634689412804
20873,0.01811880381380657
20874,0.7120590881442745
20875,0.2008462674103145
20876,0.08047676724641892
20877,0.21916148811021546
20878,0.02453287967928694
20879,0.011277718218230206
20880,0.06293975647820667
20881,0.07596908782028566
20882,0.49648687948875786
20883,0.028476466505830796
20884,0.028615589819920864
20885,0.03286833942662355
20886,0.23596596741825626
20887,0.015282791128763342
20888,0.09023883475834864
20889,0.020069863412389838
20890,0.035020780833309326
20891,0.07041825414903523
20892,0.028343952548936242
20893,0.46058553780763983
20894,0.10456158849465189
20895,0.0808185730069168
20896,0.6055670259091622
20897,0.0013589773973170674
20898,0.15573098596118493
20899,0.41484722239609284
20900,0.0519827796049053
20901,0.049256518577060274
20902,0.47875181850203624
20903,0.7584159174264667
20904,0.05458402380066048
20905,0.21105401983170313
20906,0.06530831049205386
20907,0.03355609537814004
20908,0.005717352147662114
20909,0.04039477917489588
20910,0.41121863578453927
20911,0.3179059939493505
20912,0.005487592904147514
20913,0.6578212762907675
20914,0.22413505397611022
20915,0.054782538332575105
20916,0.022759838932888417
20917,0.03340945409305643
20918,0.02846482363314725
20919,0.048806876198371464
20920,0.03700879790704189
20921,0.007185693102598532
20922,0.7399944405956941
20923,0.009174596497533941
20924,0.8182145409388568
20925,0.10712255474575365
20926,0.500844111424777
20927,0.012141768479062792
20928,0.2125250226977228
20929,0.19074376542890395
20930,0.13384085891882794
20931,0.07399416826486423
20932,0.013995170680964137
20933,0.02796409757893241
20934,0.049675598870918006
20935,0.1282365378382811
20936,0.8847095659458475
20937,0.038976909974557425
20938,0.0640021946800815
20939,0.03931616491079699
20940,0.4340450191261018
20941,0.027448067192997805
20942,0.12279270451030773
20943,0.34297479177189605
20944,0.6690104898267412
20945,0.04674349076382927
20946,0.6813967497837797
20947,0.052911578980626366
20948,0.03635456770029948
20949,0.15302326043020104
20950,0.02970090326497675
20951,0.03543781353585543
20952,0.5931008150096635
20953,0.08643424262336494
20954,0.03630409877844414
20955,0.41955368258953496
20956,0.03713763549182875
20957,0.057661226264572166
20958,0.11695489035508747
20959,0.3814154714976989
20960,0.04312685473085404
20961,0.13610784805019807
20962,0.18099587345051374
20963,0.07287932760767744
20964,0.04299134766591009
20965,0.06972543113095508
20966,0.5221541381658127
20967,0.23359818298014537
20968,0.13877698986452147
20969,0.057916816881852747
20970,0.008279876084183686
20971,0.13776433905347846
20972,0.012827014565782436
20973,0.060915733169909766
20974,0.013997917629050057
20975,0.25539079923049957
20976,0.018521211379016054
20977,0.18520791490983415
20978,0.16478097486590745
20979,0.018152896203955812
20980,0.27948081194700136
20981,0.04370596608827088
20982,0.02579477975914075
20983,0.09404620433337049
20984,0.027980670306595238
20985,0.035290485608824265
20986,0.33342298865141956
20987,0.9355943867959395
20988,0.5833484548068582
20989,0.0421146311426788
20990,0.6610928276438757
20991,0.02619505894627083
20992,0.0706831894558776
20993,0.027539205758370044
20994,0.11737283951425082
20995,0.11947941152534532
20996,0.037235962392041716
20997,0.09138970307893259
20998,0.2021715775045266
20999,0.05894898114030157
21000,0.9830067498731796
21001,0.04181334078050951
21002,0.5852996814031033
21003,0.013016112299981872
21004,0.7069983679234737
21005,0.042594139615639806
21006,0.893718853174363
21007,0.015435287903718469
21008,0.07122339134921998
21009,0.1258840159985953
21010,0.7918126317560901
21011,0.2886357648015645
21012,0.031644574118161316
21013,0.02294944613347953
21014,0.14105534656665167
21015,0.15550730576929933
21016,0.051112612808943254
21017,0.03018799507472938
21018,0.013670657588557714
21019,0.273355533288915
21020,0.04393747459756031
21021,0.048001148797473164
21022,0.7466183263452013
21023,0.050848790495517514
21024,0.7813428479803965
21025,0.10935251316250288
21026,0.1491543305990417
21027,0.8006126362329596
21028,0.4999395067631956
21029,0.15307387811034281
21030,0.03008452736200446
21031,0.6664399860245971
21032,0.23038718561223043
21033,0.717441848318455
21034,0.06459788020876238
21035,0.1147609349649431
21036,0.7691873281413546
21037,0.3569142684523994
21038,0.03789988838746803
21039,0.9418112381715459
21040,0.044869245474157264
21041,0.07557258850188348
21042,0.20825140025023645
21043,0.03425992094991004
21044,0.9057079016766023
21045,0.1853300108663547
21046,0.4733750096884332
21047,0.8457515708379991
21048,0.043589610362557416
21049,0.9505299161257967
21050,0.023724641639251923
21051,0.41501747299101116
21052,0.0355967351200819
21053,0.6822117525425876
21054,0.5626892982616765
21055,0.06169502023171157
21056,0.0858802342691964
21057,0.9659203127724919
21058,0.03973821861349187
21059,0.7558476703754297
21060,0.8329826098633507
21061,0.19164066097422983
21062,0.011388882463126306
21063,0.045177302353768066
21064,0.48529724301175836
21065,0.14789941569782852
21066,0.03548231207087396
21067,0.009271562071485365
21068,0.20566243472352744
21069,0.13340592891077593
21070,0.10418017392098314
21071,0.32180932339611384
21072,0.031253953854736886
21073,0.35928115661725374
21074,0.06333733555340253
21075,0.14875236520667823
21076,0.05804968633913315
21077,0.2203195360767502
21078,0.2733420802161361
21079,0.843730384969713
21080,0.2481940804662976
21081,0.12091684881555056
21082,0.24786949008497702
21083,0.02332812859310352
21084,0.3850832890048462
21085,0.011169615451406755
21086,0.21112561431951746
21087,0.3042243542256339
21088,0.2049478857870503
21089,0.2911990548911676
21090,0.014361200129936335
21091,0.07573700089482419
21092,0.15020210614662005
21093,0.014048999102948505
21094,0.032817486360298444
21095,0.04401349472557042
21096,0.0347584957624467
21097,0.012475854081374336
21098,0.09184193344852834
21099,0.17646585386360952
21100,0.15794635233534154
21101,0.02651114492132581
21102,0.02982343761999906
21103,0.20107405603203465
21104,0.162941095614888
21105,0.021091068345892302
21106,0.867715376058225
21107,0.18313412820973357
21108,0.2561042112538431
21109,0.8725601661936911
21110,0.6218386001316258
21111,0.6052170045069097
21112,0.008844749181284006
21113,0.06293239749585108
21114,0.9348465199207011
21115,0.27753029231325926
21116,0.8597557851577645
21117,0.1257973028428497
21118,0.028029482830056147
21119,0.8763616049124883
21120,0.013022325467971827
21121,0.24481357670277237
21122,0.07603506869323617
21123,0.2573552885927142
21124,0.08672648331598011
21125,0.09355588099723212
21126,0.012123641834054184
21127,0.0769716227320803
21128,0.009405264681367827
21129,0.03248915542461318
21130,0.6948676198308137
21131,0.42678244324603126
21132,0.18273844516704085
21133,0.02305295314697647
21134,0.03146038002978603
21135,0.8147168856836154
21136,0.008402795871657247
21137,0.014787054592590209
21138,0.015501339019000158
21139,0.15593429195567457
21140,0.4838132422776702
21141,0.05272982141989249
21142,0.16600905059781712
21143,0.09746771104174802
21144,0.03316786883977867
21145,0.10729475357913715
21146,0.1531349585132934
21147,0.5287643998334706
21148,0.28890206715790867
21149,0.0385118806370222
21150,0.06124314975428837
21151,0.8503503034716016
21152,0.043172898056623346
21153,0.5616827026137401
21154,0.02830620158966488
21155,0.14885383063630758
21156,0.5560089081814946
21157,0.1352718558534589
21158,0.12943790010801995
21159,0.024884033403239983
21160,0.08210322280079148
21161,0.0064173477650744
21162,0.20041795616159402
21163,0.5815010444842366
21164,0.06489004917755414
21165,0.1628959008158813
21166,0.8855267259621503
21167,0.40861031418984295
21168,0.02157641688340835
21169,0.40934230030633884
21170,0.41948852738029463
21171,0.30176403302002724
21172,0.10534868717107988
21173,0.04077235809356216
21174,0.12406001369754888
21175,0.21363562338538294
21176,0.01870100260521487
21177,0.35965480137508055
21178,0.7925654610548555
21179,0.011507976547068718
21180,0.8397170702271594
21181,0.14809291858796755
21182,0.012227185468582534
21183,0.09318390233193592
21184,0.6689164029710142
21185,0.08715977128648568
21186,0.026835478057941082
21187,0.01230985720430858
21188,0.009465891339924044
21189,0.008861077127165435
21190,0.10127585074268337
21191,0.6322852271216217
21192,0.21071549203815837
21193,0.49765869868620466
21194,0.1295776597990079
21195,0.04076861388690297
21196,0.18544500776798356
21197,0.009988738157282049
21198,0.0694024970985103
21199,0.6670667001860776
21200,0.0416613529798503
21201,0.027775717795468426
21202,0.02098538498795322
21203,0.2061198802558305
21204,0.06276406532904658
21205,0.0050538066089508655
21206,0.9012572846447358
21207,0.010755095368544422
21208,0.0188486226778861
21209,0.9103651486066506
21210,0.1003677615760567
21211,0.9326162208995297
21212,0.02464119841190633
21213,0.8617676056651177
21214,0.05586886943083751
21215,0.1474062567028965
21216,0.8478044194571911
21217,0.21843850823383362
21218,0.04076029628427907
21219,0.024853465825654526
21220,0.2653971360646275
21221,0.05722613762746714
21222,0.0245914853524544
21223,0.1008359801661844
21224,0.45022083033910815
21225,0.024855220563210323
21226,0.40018494384744474
21227,0.05342243268252285
21228,0.8748455716214336
21229,0.9019024330506387
21230,0.24660239872741255
21231,0.5281816174011582
21232,0.0909214250231906
21233,0.1945123628855426
21234,0.018694995087237556
21235,0.31474347018849075
21236,0.6492563968808804
21237,0.02061316967333739
21238,0.02184105668873575
21239,0.05952687845047467
21240,0.007971869400259976
21241,0.2609576039701332
21242,0.7629370906898463
21243,0.2888094627934288
21244,0.1997991850290172
21245,0.8541759429647215
21246,0.010271207533027257
21247,0.052731643224037186
21248,0.08518437287673515
21249,0.9504763895917078
21250,0.005986019004165377
21251,0.04104740429395443
21252,0.0525292966962036
21253,0.023905522740823387
21254,0.055087077436369244
21255,0.07112644520219762
21256,0.12610867597125658
21257,0.5675564664772146
21258,0.11013390498567979
21259,0.08271691039534818
21260,0.048608857899618836
21261,0.07641383396644541
21262,0.03791714819895469
21263,0.08924821369239125
21264,0.022855794607048327
21265,0.05888425266654451
21266,0.004709592679442028
21267,0.01054624732808915
21268,0.9018825750314018
21269,0.4723937210390319
21270,0.07941888305675956
21271,0.2866158340679657
21272,0.2852192595986173
21273,0.0194515555510863
21274,0.018371605841266906
21275,0.2162275354857046
21276,0.0056752250886521055
21277,0.12084392659089795
21278,0.6081707221887396
21279,0.3550128123475234
21280,0.04991041231306371
21281,0.006264691208193956
21282,0.2693827100002649
21283,0.36033790780571345
21284,0.8623636638252166
21285,0.09012452481185261
21286,0.17781565420355264
21287,0.009926901222224959
21288,0.0691946074714969
21289,0.04815840183757022
21290,0.4545405443338645
21291,0.01073612706264678
21292,0.04686869988821408
21293,0.06089207275643137
21294,0.09775277034415553
21295,0.4183111982134856
21296,0.020370156371685454
21297,0.12573496047559307
21298,0.1326974684442524
21299,0.45807744073408874
21300,0.2746518324396232
21301,0.8331101075946697
21302,0.9709769002536132
21303,0.010994915086243956
21304,0.01118395891644097
21305,0.048277789949472426
21306,0.05818921648157653
21307,0.003656222153776617
21308,0.22719942273878876
21309,0.21282657682632797
21310,0.01913150477267678
21311,0.20708376425642164
21312,0.26349460746802794
21313,0.0556957570991257
21314,0.11674471837535014
21315,0.06946581809983779
21316,0.4692593696658227
21317,0.3084769491162087
21318,0.4993720299153409
21319,0.0630291761032477
21320,0.034593647924062165
21321,0.00963392524708867
21322,0.19772306051488175
21323,0.9493806216676729
21324,0.06615812499704649
21325,0.06662316562331622
21326,0.8145433634290675
21327,0.008059512228853687
21328,0.08478296562536027
21329,0.07716006153476147
21330,0.013003324796747026
21331,0.012242340385985645
21332,0.18243386728443348
21333,0.008182143546007629
21334,0.6978264970195652
21335,0.29684431184465465
21336,0.03940559172508956
21337,0.3179849037726115
21338,0.669782870508565
21339,0.04497269015764612
21340,0.06003420040261506
21341,0.01899283065456516
21342,0.025031426087222378
21343,0.1017867126357674
21344,0.06833626683732628
21345,0.08273193371633587
21346,0.012825862779154727
21347,0.04584399171928211
21348,0.5347920844080308
21349,0.003120424970957077
21350,0.06774188085183538
21351,0.5658735040856044
21352,0.013863552346623531
21353,0.8389422290010843
21354,0.0044589648753437135
21355,0.31784104632101823
21356,0.040414020879355396
21357,0.04240864649540841
21358,0.6757598581766773
21359,0.44812583774356257
21360,0.43903267797845047
21361,0.2436678605429769
21362,0.07218354847637451
21363,0.06364896382841798
21364,0.027905137924876214
21365,0.014351846582877015
21366,0.04878417537847844
21367,0.42346758407181884
21368,0.9864875235698601
21369,0.022114016800875623
21370,0.570282050761433
21371,0.8872033837762553
21372,0.06476178915981316
21373,0.009386035387498149
21374,0.028679409359443436
21375,0.0802848567102779
21376,0.4795287618769449
21377,0.2902384824342496
21378,0.7922516581309555
21379,0.27809107989259657
21380,0.473773386635873
21381,0.05413234462762216
21382,0.28219480188680585
21383,0.005641433541085301
21384,0.009731499699737304
21385,0.3133525688762282
21386,0.9557624771007961
21387,0.16221245965475267
21388,0.35798719059778966
21389,0.26541259053622557
21390,0.009273214086931153
21391,0.07056409064098183
21392,0.033077916672128595
21393,0.023298521835780937
21394,0.17123975250303175
21395,0.8786328851109183
21396,0.15760337104660174
21397,0.7815622068972446
21398,0.006798768849419208
21399,0.07244222608732137
21400,0.7757866064452339
21401,0.009551190705132053
21402,0.0487118583651881
21403,0.35442969025863946
21404,0.07068683871846208
21405,0.018911777858353136
21406,0.00583898779025789
21407,0.14878180799679325
21408,0.05702918597790926
21409,0.21581445971799604
21410,0.05590387874369219
21411,0.2574170595393394
21412,0.1075564254538754
21413,0.031001513035705877
21414,0.04284521423355828
21415,0.051382005321043527
21416,0.034482910829857924
21417,0.12009349933851926
21418,0.056887646115245646
21419,0.06719307119190304
21420,0.02387997159466091
21421,0.223420295334194
21422,0.7263960037608745
21423,0.019945528400270272
21424,0.07933760855834415
21425,0.5820946740714474
21426,0.22223585753683045
21427,0.28616905942361703
21428,0.036793746485592506
21429,0.2412956994987609
21430,0.010354712909440292
21431,0.02912777034700692
21432,0.34890399623382906
21433,0.010178014561305803
21434,0.04824768352974394
21435,0.010324455186801924
21436,0.09164980657563083
21437,0.1133461169460683
21438,0.005981450219328981
21439,0.5760239420007429
21440,0.0831144548509645
21441,0.055926145336370976
21442,0.03861961757059705
21443,0.0361082760727305
21444,0.03913872224523606
21445,0.024476160878878318
21446,0.076906111893558
21447,0.022376129908192672
21448,0.061965779713784024
21449,0.06898637010717935
21450,0.07387012413856435
21451,0.7782941450780605
21452,0.6275229681362747
21453,0.02417790286636195
21454,0.18193106906307158
21455,0.6223679015559777
21456,0.10335827655400504
21457,0.053492290845268874
21458,0.6129977507487762
21459,0.23075503509734943
21460,0.009244542800116268
21461,0.09192282442851353
21462,0.8266980811943851
21463,0.02930212944204061
21464,0.12297951718109297
21465,0.2733578653787643
21466,0.12591902168467742
21467,0.6497636012715127
21468,0.019558913771644815
21469,0.24482130382729475
21470,0.3538843991352504
21471,0.011342750534325008
21472,0.3351819661123321
21473,0.023708892109016264
21474,0.5723651567623221
21475,0.035538895071670115
21476,0.0027432540354461223
21477,0.013006360026869014
21478,0.017411255130068384
21479,0.788845306731818
21480,0.08129365728383388
21481,0.018487352663102943
21482,0.027173654546153177
21483,0.5097233511716265
21484,0.17691123524287775
21485,0.05542154527689983
21486,0.10456942494328574
21487,0.11953043474558345
21488,0.38204885696765767
21489,0.10756089937754955
21490,0.015716442829532273
21491,0.0137685550661521
21492,0.22651684477752265
21493,0.44677201016794876
21494,0.06035527268280193
21495,0.09525547963161321
21496,0.045693045737858505
21497,0.013899369483746388
21498,0.0611310390673169
21499,0.7447463357713099
21500,0.19290611335517113
21501,0.11003094436314158
21502,0.016874987555512987
21503,0.2727381969823232
21504,0.2397203524639657
21505,0.4208396904910937
21506,0.1381651919722516
21507,0.0728861249749993
21508,0.3873776918729517
21509,0.00988790468654314
21510,0.2987371704606834
21511,0.6711519675950444
21512,0.09536907426841972
21513,0.1951655399220637
21514,0.013943605886498055
21515,0.23607241031360712
21516,0.4739296298762223
21517,0.08369824876043165
21518,0.062025568714680276
21519,0.01366590596259574
21520,0.036231465396508976
21521,0.20780202340091702
21522,0.05692687838928643
21523,0.033483949138240765
21524,0.0142740454069812
21525,0.12285988320571141
21526,0.75411260150558
21527,0.00650693297312528
21528,0.056951770412974126
21529,0.10772959365870627
21530,0.2937922839921463
21531,0.3436580513757006
21532,0.957293725526058
21533,0.01526004646926676
21534,0.22109909735309446
21535,0.3349677833949288
21536,0.632015099181258
21537,0.27756998869197214
21538,0.0045833059852260875
21539,0.7041542106256431
21540,0.2127720231892155
21541,0.20473430540674875
21542,0.16618264450124268
21543,0.7139141970877019
21544,0.06682392215137246
21545,0.9284858334847786
21546,0.24017091182548572
21547,0.003331179391737963
21548,0.06983463530473724
21549,0.08645854492502918
21550,0.7577342387672209
21551,0.06663058273127491
21552,0.30434801477222745
21553,0.040910095640986494
21554,0.05123390006867681
21555,0.054444786324076726
21556,0.04043596316793503
21557,0.07936201701039751
21558,0.06880433655707602
21559,0.5666911312227926
21560,0.0045631014857354405
21561,0.06798503089213334
21562,0.057634146893722156
21563,0.10427429740103243
21564,0.0068510369678799355
21565,0.019070842573564967
21566,0.04728896806800033
21567,0.0063041450630230535
21568,0.3378833560333093
21569,0.145854460550302
21570,0.36427797329364
21571,0.020434613408835976
21572,0.7065073357277769
21573,0.17110905381315739
21574,0.044242763912948506
21575,0.9435131310718249
21576,0.4376041674335392
21577,0.2598374407542031
21578,0.044469345453447766
21579,0.069794152114127
21580,0.02895752549377422
21581,0.30986812782164314
21582,0.0832230060122622
21583,0.2409829968506627
21584,0.09889605712443181
21585,0.0552915723196177
21586,0.7036972875542347
21587,0.05187456545523998
21588,0.4749932518362765
21589,0.008006569582180432
21590,0.19627710117429373
21591,0.1999024518765584
21592,0.02960537053951642
21593,0.8950053939346088
21594,0.03929987442002468
21595,0.05708469540553464
21596,0.007017754635795566
21597,0.08965198668072609
21598,0.8085372631170432
21599,0.018778264219652414
21600,0.5250850042917623
21601,0.07372633768138566
21602,0.18091636411537418
21603,0.7608174150979453
21604,0.07623714272812959
21605,0.7625330128713159
21606,0.01671658824702641
21607,0.044039487389603636
21608,0.3276539827434224
21609,0.44708051331055493
21610,0.25548954998271484
21611,0.1582119711540893
21612,0.0962549890566744
21613,0.08000270179736128
21614,0.4705894003996137
21615,0.14725847993170638
21616,0.1861859252100918
21617,0.5494859780681841
21618,0.0379218410904733
21619,0.3968146995845046
21620,0.015174907488718362
21621,0.14692187542138638
21622,0.7280756742271638
21623,0.07618156327508016
21624,0.5147779889202996
21625,0.5825610442445492
21626,0.1387455853778931
21627,0.5160510481404483
21628,0.1660865010260876
21629,0.031193676880850826
21630,0.011523831927470774
21631,0.041249499719590556
21632,0.9355782622099819
21633,0.05199116926661642
21634,0.2559775381831693
21635,0.010411880031327666
21636,0.01445428978979699
21637,0.005434187086659214
21638,0.06379116332299559
21639,0.35804488058814427
21640,0.6531145244172789
21641,0.2222748463424906
21642,0.040931753315988514
21643,0.04276250000575672
21644,0.02138655474322689
21645,0.05633581509771223
21646,0.12095682441987196
21647,0.09618336223270635
21648,0.5692100597038064
21649,0.03539720747509695
21650,0.18942772909091785
21651,0.19678169437356627
21652,0.03088893808270834
21653,0.11360692520891795
21654,0.03041625453519854
21655,0.08208910058754515
21656,0.071298963130542
21657,0.06848172191110267
21658,0.03873338635718135
21659,0.005424980168763474
21660,0.24345907088635457
21661,0.050420072173123755
21662,0.6111128118747101
21663,0.30923769537565815
21664,0.449848140687081
21665,0.03518165511985333
21666,0.13530025363259332
21667,0.04819623005994373
21668,0.016858946807753447
21669,0.04877244418005177
21670,0.2936155638097473
21671,0.0569421365769859
21672,0.2904824857996842
21673,0.5157910004627037
21674,0.03649784118941736
21675,0.6769208914897297
21676,0.04793357028599102
21677,0.09659053717480481
21678,0.5621072444544774
21679,0.02015234019395672
21680,0.2587804744015731
21681,0.04262509667132807
21682,0.010215466794471413
21683,0.24466226999526663
21684,0.42100858240424105
21685,0.4247399218754794
21686,0.08671621122816252
21687,0.006062897407719633
21688,0.027283839260331934
21689,0.6403708986664126
21690,0.9684554869511658
21691,0.027158912101057114
21692,0.49746518460346695
21693,0.015512202602904989
21694,0.18052428717843352
21695,0.02749330408424528
21696,0.02233140475228583
21697,0.019287170721945218
21698,0.07416944450423077
21699,0.0034968874958787683
21700,0.7845753021591637
21701,0.057942323428111155
21702,0.06078884479395283
21703,0.06745827482994499
21704,0.2886415109154841
21705,0.08643220304293268
21706,0.2171240194206566
21707,0.07793513386946756
21708,0.06024096588483342
21709,0.18710571660497735
21710,0.12809761666825942
21711,0.6998619304994487
21712,0.04781302250343853
21713,0.6104015484200312
21714,0.19291332886634885
21715,0.06250056373837977
21716,0.8328709341970261
21717,0.017997560298672163
21718,0.05508391636107699
21719,0.8575980738792401
21720,0.2045622400637666
21721,0.02217179039585196
21722,0.01678950012371356
21723,0.15635365678171997
21724,0.48320252102908756
21725,0.013354819530589222
21726,0.4200679649941838
21727,0.015730902195545123
21728,0.04112986279446582
21729,0.004150911910060503
21730,0.02129123191330247
21731,0.46650177646408886
21732,0.007424324740435288
21733,0.04039938565053741
21734,0.4698295108168469
21735,0.16251416961781376
21736,0.5078980635087686
21737,0.014848543465987806
21738,0.13589729280108825
21739,0.2563861400415047
21740,0.771448362392976
21741,0.0055027503241022605
21742,0.04464022578074316
21743,0.4753978197556228
21744,0.5259809614978315
21745,0.17838968409293865
21746,0.1392418988288217
21747,0.35287054052617833
21748,0.11162003498962068
21749,0.0040535281514508465
21750,0.09860396544955574
21751,0.017872800524367738
21752,0.36319904004228243
21753,0.07764015665118182
21754,0.8974199725381161
21755,0.038159411005655244
21756,0.5399176114943333
21757,0.02293135007013505
21758,0.7137864576559191
21759,0.09914134109532123
21760,0.11954229750316188
21761,0.7929648833755335
21762,0.10996651892475781
21763,0.010749319565969778
21764,0.9019988759231757
21765,0.00756457989127226
21766,0.7055528170546255
21767,0.24399107416638777
21768,0.9707263900073381
21769,0.14796448332825674
21770,0.12419198717227391
21771,0.11955800757751443
21772,0.06818846338459324
21773,0.017612949982578747
21774,0.023878709311701943
21775,0.6443795219547923
21776,0.12183037738003616
21777,0.03201107059189562
21778,0.016109232526461355
21779,0.20238182433791058
21780,0.674716431009408
21781,0.010273394937735563
21782,0.8287019982172046
21783,0.08021151239975975
21784,0.08854426410375754
21785,0.06553409810992884
21786,0.25867995103141783
21787,0.009575200321093947
21788,0.01062790984541895
21789,0.03568218419269333
21790,0.011970822389410959
21791,0.04309070601548173
21792,0.6350144099583854
21793,0.8431668815200638
21794,0.407017560493789
21795,0.006155517937287745
21796,0.3916539072796249
21797,0.910783346788115
21798,0.16000261674040156
21799,0.06726800857480898
21800,0.6490054040386599
21801,0.010017173206484934
21802,0.025335444350262172
21803,0.2768315605859281
21804,0.2923109758331178
21805,0.735638441451346
21806,0.8904505802029298
21807,0.02960281449956375
21808,0.10378461268328684
21809,0.7437757048326704
21810,0.07205141741640123
21811,0.6208179739589753
21812,0.007678965500736688
21813,0.07563545313950687
21814,0.8345527191284713
21815,0.5086723520477614
21816,0.07184041582798309
21817,0.2867838778093794
21818,0.42592143823175044
21819,0.0075868037563527726
21820,0.02470278614600921
21821,0.053248843651825126
21822,0.0377946989547531
21823,0.13995317268600432
21824,0.01257204896273777
21825,0.10580169286874566
21826,0.020130648154452438
21827,0.6412076612828921
21828,0.2648738382887223
21829,0.003857594382423248
21830,0.022121440735731506
21831,0.052867313815746206
21832,0.03186295258295112
21833,0.27024546827733276
21834,0.44325599501268964
21835,0.06275213673874264
21836,0.6534209563774406
21837,0.14047183055839751
21838,0.007552446248180224
21839,0.23761353763510912
21840,0.031405135126324334
21841,0.31202609721831226
21842,0.5335131668362141
21843,0.38683167121231354
21844,0.580631866384585
21845,0.06092904130188081
21846,0.018786645799442024
21847,0.1073059554508509
21848,0.017853672083574388
21849,0.05065783429911302
21850,0.006281744746681946
21851,0.49575010711780126
21852,0.8985686461471283
21853,0.06885126753543927
21854,0.22151667894635574
21855,0.04192747597045288
21856,0.09105893146978436
21857,0.027523278429069275
21858,0.09728036376575647
21859,0.03567217575389399
21860,0.47813168767194786
21861,0.04126432158841885
21862,0.003528482538003473
21863,0.012087952794169278
21864,0.007043795444345739
21865,0.06711080712867833
21866,0.5553586807774625
21867,0.00861682608598637
21868,0.014132691078235943
21869,0.13832210678325374
21870,0.0013308087137866834
21871,0.11517296020101721
21872,0.011916450574380833
21873,0.8489004987456509
21874,0.023010287226655615
21875,0.02001939085696759
21876,0.5788049283169413
21877,0.12904427084762088
21878,0.48625834466913276
21879,0.010083929824818571
21880,0.018278062915153763
21881,0.06145094343844948
21882,0.0020229276257405465
21883,0.0164283177171563
21884,0.9158530564742613
21885,0.014911474593009854
21886,0.04757725359769549
21887,0.5282078477502554
21888,0.3508524633718735
21889,0.04875421804452615
21890,0.6229420834013537
21891,0.029600970910472674
21892,0.6714755831154136
21893,0.05085032588004119
21894,0.9743831707193917
21895,0.017956870971664134
21896,0.04761992136928105
21897,0.040634416033816845
21898,0.45650990350059484
21899,0.7564502704494518
21900,0.02331150793725711
21901,0.02345328872719415
21902,0.21979194290287846
21903,0.033295976232896436
21904,0.10793021449961364
21905,0.00429165762118353
21906,0.09766912489315156
21907,0.20955771340529572
21908,0.1772860241363169
21909,0.6293096924600564
21910,0.13060683282686608
21911,0.20082984359338044
21912,0.033403640443245695
21913,0.06795440647953774
21914,0.06567662668417167
21915,0.20286005961887432
21916,0.19255308523010356
21917,0.09008712205081915
21918,0.09243773912670768
21919,0.04196927786434972
21920,0.1791774880663423
21921,0.15822897829442775
21922,0.13769943735188594
21923,0.12812537957266523
21924,0.02176239116169918
21925,0.051338697262545696
21926,0.012808776144339793
21927,0.0166759159674011
21928,0.09421008495849911
21929,0.18748105488992886
21930,0.0670594080739871
21931,0.13273206662316336
21932,0.9238282788031138
21933,0.015433005868574268
21934,0.03685343867457478
21935,0.08732962408556325
21936,0.7121834691782138
21937,0.050847746423758895
21938,0.004583394936253368
21939,0.08063226543573525
21940,0.09623225321890938
21941,0.013912825439904563
21942,0.47821910079978075
21943,0.006090165932092256
21944,0.008899444774654552
21945,0.03352964551571427
21946,0.04544061505021663
21947,0.05657804717769515
21948,0.06567142190816015
21949,0.0074574070669548645
21950,0.10201157961328233
21951,0.01268795749531254
21952,0.08319699605839018
21953,0.7011848531044185
21954,0.20716408706574577
21955,0.5333427205105219
21956,0.5973174133051872
21957,0.06071048466849352
21958,0.09980042271743833
21959,0.9068368610977934
21960,0.059473281555027104
21961,0.23524549735561545
21962,0.042924494936135184
21963,0.14160207516920556
21964,0.04548486137584611
21965,0.02653225557595959
21966,0.11365604908263374
21967,0.021056532809395158
21968,0.39113784285196335
21969,0.07308872459861834
21970,0.16421376148951905
21971,0.4962368467499016
21972,0.1844514983840403
21973,0.062201775508210704
21974,0.4455716796740976
21975,0.010483571369095368
21976,0.006312678699696765
21977,0.2573451304526421
21978,0.06568423915070964
21979,0.023107587655691517
21980,0.051610208925341856
21981,0.018889265398088356
21982,0.6638241327952891
21983,0.017919793572885957
21984,0.3199532061098224
21985,0.17789646610083362
21986,0.2144256845761635
21987,0.9848977242766215
21988,0.007139710818897018
21989,0.07268092652183522
21990,0.15065011194748515
21991,0.011219361550686242
21992,0.007944189839375343
21993,0.015916359400943457
21994,0.18348951384489406
21995,0.04822316723627473
21996,0.06132800001387252
21997,0.03190201154589827
21998,0.2092122735242726
21999,0.35762615964709626
22000,0.007669341105767433
22001,0.9346285472446304
22002,0.34522838344294715
22003,0.09661005633403784
22004,0.03077677843355484
22005,0.19577988424398274
22006,0.8005607633108572
22007,0.5874262731766304
22008,0.31969214912409283
22009,0.033700146481266534
22010,0.10277740940840227
22011,0.7236878698129776
22012,0.02699726636534439
22013,0.34595613955476506
22014,0.03628931436367476
22015,0.04804301004447809
22016,0.07295389811883121
22017,0.1348375774934653
22018,0.11976270265180207
22019,0.18541563295814825
22020,0.23728467839136605
22021,0.1007552771748629
22022,0.5564257757414193
22023,0.03569110292107252
22024,0.034068968254217895
22025,0.11506457476532626
22026,0.037775978665281415
22027,0.261232102973691
22028,0.08170991604185955
22029,0.04038085122750149
22030,0.07280240053214904
22031,0.0049107855544862685
22032,0.41542222994701433
22033,0.15614177315282363
22034,0.6771083659763336
22035,0.22537130161396662
22036,0.1137008237260463
22037,0.11453352890122552
22038,0.1257801956834314
22039,0.1262701175507883
22040,0.043160177697686535
22041,0.21051020361741596
22042,0.009754827988075919
22043,0.24213247277058916
22044,0.025923042209550714
22045,0.014066481835270763
22046,0.17396711909115697
22047,0.2805715384333944
22048,0.019310709593485045
22049,0.04450665364924712
22050,0.09733315465598509
22051,0.15971483688136504
22052,0.08234018816914644
22053,0.018441482336092805
22054,0.34008237178555384
22055,0.06301566753115155
22056,0.4469976064221608
22057,0.30223963211378574
22058,0.09842772555146374
22059,0.5633982599304173
22060,0.010948243458439345
22061,0.14409383273497806
22062,0.024514134222909767
22063,0.4441247632249652
22064,0.02438294695725208
22065,0.10301017291114546
22066,0.16429785544271944
22067,0.11337661156960945
22068,0.1250071297236579
22069,0.015033752548384656
22070,0.13910235895415501
22071,0.03700987034271292
22072,0.1267130970494735
22073,0.03412068498936232
22074,0.8076342264489625
22075,0.20155819624710464
22076,0.08590117519657627
22077,0.14138953039701752
22078,0.09018151987428942
22079,0.004361559229877838
22080,0.07775593437286324
22081,0.014726391423068164
22082,0.13605403771810587
22083,0.6873556806855523
22084,0.01029528310752164
22085,0.00745005779746973
22086,0.01707614568537694
22087,0.005879136893824962
22088,0.006215193939554435
22089,0.004825190230265735
22090,0.07151026287126888
22091,0.07733013452437293
22092,0.007245560576253652
22093,0.23654640014891434
22094,0.1673640253328429
22095,0.017794045022815255
22096,0.012529657911742391
22097,0.5672004132218663
22098,0.18620364104928713
22099,0.07521958650947957
22100,0.10873472996040001
22101,0.04375479483653568
22102,0.029959049577730917
22103,0.8154912498796353
22104,0.03203805842096755
22105,0.007778470228090082
22106,0.04395263831724181
22107,0.1602403951569319
22108,0.5875754055399429
22109,0.09426976341996116
22110,0.1484693986320067
22111,0.3878361996131443
22112,0.06035582293432608
22113,0.6799195687592289
22114,0.10789229304229822
22115,0.4989307959016691
22116,0.21261613651190717
22117,0.11338720529218978
22118,0.25072678459365727
22119,0.0068280441014280805
22120,0.045971820803372414
22121,0.12329753701620366
22122,0.13927644616464016
22123,0.5429342464926701
22124,0.16890738703741515
22125,0.08687698691825936
22126,0.5872122301558653
22127,0.8621641464624826
22128,0.036331287896035715
22129,0.04296800684647364
22130,0.09825516260765432
22131,0.039005578853537046
22132,0.05706901944345517
22133,0.1709634388145709
22134,0.31881624327683405
22135,0.19250115309692958
22136,0.002372420856562956
22137,0.7375768268032531
22138,0.3580631219414873
22139,0.5567940019996038
22140,0.182896272899269
22141,0.11086859446701615
22142,0.1799511423138477
22143,0.036946042971658904
22144,0.19804286124366513
22145,0.8160815859428688
22146,0.18520789640170898
22147,0.14771364696068723
22148,0.008387966455368738
22149,0.022188295125058204
22150,0.03217841100393207
22151,0.18760170609812138
22152,0.009744418264734763
22153,0.17363729291195726
22154,0.03546393278772855
22155,0.021804757903786453
22156,0.07882613447405551
22157,0.020687592992606134
22158,0.5116729879392108
22159,0.6559009751440489
22160,0.08714319581381437
22161,0.05558440941961542
22162,0.06514657616922542
22163,0.09114918542480557
22164,0.029064215690411264
22165,0.09085766128127594
22166,0.34689598932435534
22167,0.2605831551536877
22168,0.2226665552844226
22169,0.11079366315831438
22170,0.11910925489989203
22171,0.4964812413143758
22172,0.1623257218500428
22173,0.06529388643163274
22174,0.8137529669656283
22175,0.017925762492951528
22176,0.012272267409966254
22177,0.4242934580531523
22178,0.012111663238803432
22179,0.027238900159967855
22180,0.02575948399439957
22181,0.0522982018502666
22182,0.20083546994931148
22183,0.6659816430317556
22184,0.07550307092405985
22185,0.016779699972629635
22186,0.880088270808527
22187,0.8035773488551
22188,0.09662768191982513
22189,0.15187384097713327
22190,0.003855202295147806
22191,0.6677361397200495
22192,0.17641862126447766
22193,0.6705841854835799
22194,0.2511316362044795
22195,0.07988237144799358
22196,0.01769807603022462
22197,0.2729139614688934
22198,0.33065183988218544
22199,0.08148810548076438
22200,0.6446964437313365
22201,0.09226673277715491
22202,0.0049955696944865196
22203,0.04720444728131771
22204,0.06052448438886307
22205,0.24217652587433094
22206,0.07679107101591258
22207,0.6292558239566947
22208,0.02060565522924801
22209,0.30911965155734367
22210,0.11327566677943525
22211,0.5169933738375735
22212,0.15004977755266313
22213,0.03965202958391427
22214,0.1500996294425424
22215,0.018120390658814562
22216,0.7686936996757262
22217,0.015220011847136389
22218,0.014606012830141322
22219,0.048611242502059886
22220,0.705049022818828
22221,0.006805794502581969
22222,0.20555270277105364
22223,0.27201172979009175
22224,0.0557458334316212
22225,0.09483650077082426
22226,0.00919164923303128
22227,0.03350161256009329
22228,0.786389965897731
22229,0.8380403179934576
22230,0.6819310632869646
22231,0.7028915378828813
22232,0.2143317556326391
22233,0.04874496437789706
22234,0.14878324860142736
22235,0.011780417930457763
22236,0.07332275323415108
22237,0.03824887607172359
22238,0.7857781389059528
22239,0.1621978639682315
22240,0.01719151335688308
22241,0.22605173922480254
22242,0.14661701536336078
22243,0.02879214383272793
22244,0.03971792276239721
22245,0.0069027690677795385
22246,0.25891480891689683
22247,0.06610047485732028
22248,0.066271683804541
22249,0.023674918376791674
22250,0.09261989052006997
22251,0.03103358072041625
22252,0.8951573403584872
22253,0.012382161367798112
22254,0.16763516196777342
22255,0.013177274591183783
22256,0.07645841711107224
22257,0.03553054071091648
22258,0.11942712732203535
22259,0.013356093533506707
22260,0.05870237860422648
22261,0.016871232206303842
22262,0.3987811401954048
22263,0.9294204171984917
22264,0.07315383419879042
22265,0.0013149360793680664
22266,0.023649106151252916
22267,0.08810075521544347
22268,0.2645871309949179
22269,0.0077576984019022575
22270,0.05295024540749006
22271,0.01383706049494229
22272,0.12162054346653772
22273,0.49731949400483694
22274,0.1498606248186689
22275,0.4551991564606196
22276,0.153930767638878
22277,0.9183944831325924
22278,0.9306235391079622
22279,0.017597454442940433
22280,0.8182350111954306
22281,0.4660504412894864
22282,0.22568092258686212
22283,0.6520897799217598
22284,0.16344704561467463
22285,0.061943723490026255
22286,0.03359010286713264
22287,0.09495914453343943
22288,0.11804706891938266
22289,0.07814767534886823
22290,0.01045548915760538
22291,0.052152887631548926
22292,0.1594778986922315
22293,0.11901459599653123
22294,0.020755671379130737
22295,0.09173618537156278
22296,0.8848696672022949
22297,0.7096981074618558
22298,0.8000285041079779
22299,0.27839092349227457
22300,0.036861537952432674
22301,0.10729807778817313
22302,0.05330082617237303
22303,0.5878860324706955
22304,0.015233165631279159
22305,0.12312972455801882
22306,0.06541603387293794
22307,0.003983123902201856
22308,0.7432546178183359
22309,0.09490890674319848
22310,0.9056459204027943
22311,0.024567213211398195
22312,0.06061691320760631
22313,0.013910273244481049
22314,0.06592914033097498
22315,0.07013839719832711
22316,0.1517115517897533
22317,0.3114947481074326
22318,0.9455779143893407
22319,0.5758803487356823
22320,0.15796793908476803
22321,0.020942933859904766
22322,0.7462930066894279
22323,0.006360295207819184
22324,0.009696639564168458
22325,0.16482025495927605
22326,0.5398858438676384
22327,0.2365786193709672
22328,0.11299311679579002
22329,0.29320445044882965
22330,0.6095325969647389
22331,0.35626190099593524
22332,0.030097508348031776
22333,0.16305992181519838
22334,0.1429599554170711
22335,0.21007555863044383
22336,0.1305721718381162
22337,0.0679429411846238
22338,0.10369886354262559
22339,0.2730916295116342
22340,0.05788245237809598
22341,0.013081165338972085
22342,0.022272436088830803
22343,0.05901248129651903
22344,0.1456641166725303
22345,0.05161244003018131
22346,0.5514684676383029
22347,0.6201648631554213
22348,0.7562208861720657
22349,0.7898750926854258
22350,0.17568616323350003
22351,0.19022942255007164
22352,0.07386259821678498
22353,0.03649289674712475
22354,0.02923047546579196
22355,0.11320198634455123
22356,0.5109977356016105
22357,0.016565292844276967
22358,0.046309303013085536
22359,0.039902443836018014
22360,0.504660216290043
22361,0.04101238316998486
22362,0.1239805206428389
22363,0.5292014573980315
22364,0.03617015468050672
22365,0.4442716352680611
22366,0.05693995220743097
22367,0.17491534585061788
22368,0.7979259978246167
22369,0.02054950884974271
22370,0.033133782029488544
22371,0.9688784008848256
22372,0.6985746545385647
22373,0.28670782585347154
22374,0.019273036796187495
22375,0.37326939375610424
22376,0.3826049016682054
22377,0.10404542411986524
22378,0.5065857927888785
22379,0.7387073695262367
22380,0.11109118687574641
22381,0.8389083696700843
22382,0.11635613798354572
22383,0.9672383897509736
22384,0.15392711866888634
22385,0.7517132249474453
22386,0.15843429810864612
22387,0.898396512078078
22388,0.08814136603719044
22389,0.41823080455400957
22390,0.012913862323701586
22391,0.010337861856501474
22392,0.10994487773800407
22393,0.2889864637391122
22394,0.920123215555258
22395,0.010375824819915811
22396,0.11529000166074353
22397,0.5291578669524409
22398,0.10316585175289844
22399,0.5095792478817094
22400,0.4013726823871878
22401,0.15561883815488944
22402,0.028888328549579095
22403,0.23852767535628563
22404,0.02725025698911739
22405,0.13072354280803278
22406,0.09118522440865036
22407,0.10303111476843163
22408,0.020433088905215276
22409,0.07569023445318153
22410,0.5062650049274152
22411,0.3100032956740964
22412,0.5513971635361976
22413,0.06485634198284071
22414,0.07428321005404506
22415,0.10967374365222995
22416,0.062213781324206165
22417,0.10005891231807916
22418,0.5704578418824211
22419,0.01834239108312149
22420,0.7556808756388065
22421,0.8998095854089986
22422,0.30918823967122444
22423,0.029729095358137923
22424,0.05771392540639068
22425,0.7415051950908587
22426,0.4634429352099465
22427,0.08369202194977862
22428,0.3901415521681745
22429,0.055199573957065436
22430,0.39613271958762514
22431,0.040137468971777245
22432,0.45288120636114343
22433,0.06403508934266817
22434,0.03569394499268805
22435,0.1576400961976824
22436,0.21774413236726645
22437,0.0634472226826352
22438,0.061076713419547395
22439,0.007726297055559342
22440,0.021831194161242434
22441,0.018260733476054565
22442,0.10193068977046392
22443,0.09246968550276233
22444,0.008476366844539403
22445,0.037415010204033684
22446,0.1095030282303421
22447,0.005124903534778525
22448,0.2716704473254575
22449,0.13386791255486996
22450,0.26839240322235114
22451,0.10096565325844657
22452,0.24841075980239152
22453,0.09012262353132894
22454,0.007179250133370353
22455,0.02521322202994059
22456,0.9067477943361419
22457,0.39811036313339154
22458,0.0873977825732281
22459,0.022879348677910513
22460,0.07806874962086191
22461,0.005312288774617269
22462,0.21068818181904214
22463,0.04037858253027393
22464,0.26302183987341105
22465,0.7781638676015681
22466,0.16828704659715366
22467,0.06624101869004909
22468,0.022611255501953847
22469,0.07618194996175072
22470,0.47115587657459795
22471,0.7085068509813254
22472,0.7105239056004349
22473,0.025044615333887698
22474,0.057797077046685616
22475,0.08664101815996932
22476,0.03952128315336307
22477,0.016984617845299244
22478,0.31672301938203057
22479,0.26902249257257455
22480,0.13174311382836895
22481,0.08617322168276653
22482,0.20831988358442843
22483,0.058248014058135004
22484,0.5311029072891521
22485,0.007782954712327439
22486,0.7402515800113822
22487,0.8559282474662815
22488,0.7816983092640029
22489,0.27259847835944173
22490,0.09931151299462823
22491,0.0028934441681068663
22492,0.040878362540564976
22493,0.040739322204670844
22494,0.034496702118639574
22495,0.4721825654029232
22496,0.19100236024983658
22497,0.027930476995617504
22498,0.36265915463473114
22499,0.011852625546689494
22500,0.032845748444328325
22501,0.01465423378116353
22502,0.007149848102335328
22503,0.02194049625039282
22504,0.07743860375314159
22505,0.04728852998812531
22506,0.8771893272815358
22507,0.8472849465945109
22508,0.025200306041173192
22509,0.8814395335468626
22510,0.018288915434322133
22511,0.7997121581988258
22512,0.043150435219572104
22513,0.0714836306774257
22514,0.15988550205918198
22515,0.5642375193455763
22516,0.011080591764356454
22517,0.6202740928453057
22518,0.09743738764214763
22519,0.053214954272767435
22520,0.9742527780365856
22521,0.036640257320616716
22522,0.03260865345860838
22523,0.23810104017155514
22524,0.17312007853172204
22525,0.13137354361706077
22526,0.10377780639146095
22527,0.970191481385432
22528,0.007682283037631479
22529,0.934820987183016
22530,0.0874053649960667
22531,0.10559748909457717
22532,0.10632175918129645
22533,0.0617756317121269
22534,0.06190669561273162
22535,0.5495983064745892
22536,0.5280389759070886
22537,0.07245003402167853
22538,0.07112178318062091
22539,0.5115723982937217
22540,0.006832983858820947
22541,0.005744638201595513
22542,0.06540650599042457
22543,0.004405524972834556
22544,0.03417927849890822
22545,0.013131528645881248
22546,0.7956490073173388
22547,0.028748759311080018
22548,0.6177637115937332
22549,0.026134850551899406
22550,0.5420918149336099
22551,0.7766975770590026
22552,0.07737547819860324
22553,0.09565345107284415
22554,0.5117085912222303
22555,0.6335774136237313
22556,0.012664029562996218
22557,0.08086231302234037
22558,0.2809724740198158
22559,0.025388122428975306
22560,0.2265249797991291
22561,0.11777826173657918
22562,0.01236983102027895
22563,0.056614949398901535
22564,0.9755196303502682
22565,0.30811467729418396
22566,0.13466430988903597
22567,0.009445365729492098
22568,0.3244048226113895
22569,0.07541507426653947
22570,0.020401250032608325
22571,0.057601701751563955
22572,0.13751961077470518
22573,0.03704405259222854
22574,0.022788192991076053
22575,0.15829987768783055
22576,0.643203634817522
22577,0.46300594262857014
22578,0.10601020599199806
22579,0.0315637524270496
22580,0.3141140032986529
22581,0.008514554940744445
22582,0.3035478493916832
22583,0.5211298884151286
22584,0.9679198143028965
22585,0.10302758929392178
22586,0.02232213050897362
22587,0.07891440517400826
22588,0.09823173312341275
22589,0.08277337086060173
22590,0.9708475455875067
22591,0.04555194956113046
22592,0.051266452170132294
22593,0.0927842916618538
22594,0.21257741762731044
22595,0.6418646055642644
22596,0.18444679475055276
22597,0.45145061469879016
22598,0.26940029156067796
22599,0.030544216297695853
22600,0.04758469260198494
22601,0.05089493553685627
22602,0.06281087201896467
22603,0.9274698574050362
22604,0.011673101249107622
22605,0.023156035578527624
22606,0.055923587225207294
22607,0.12572497117390932
22608,0.534468205603333
22609,0.026679833581862104
22610,0.15795327577093887
22611,0.026823779512683298
22612,0.7777089311885768
22613,0.06430282399079446
22614,0.9248316286748465
22615,0.13093960654146478
22616,0.18122680702271035
22617,0.08478619760694107
22618,0.04237574338071048
22619,0.9917952653025173
22620,0.8770235885000278
22621,0.041999612842336484
22622,0.04160933930860054
22623,0.09084870378074113
22624,0.2618336375747585
22625,0.02977585606445187
22626,0.024210904707916942
22627,0.8904929833043799
22628,0.05946882233425993
22629,0.16517467676851308
22630,0.704115736558995
22631,0.026635611284817395
22632,0.8330666127866538
22633,0.07159572942027673
22634,0.7220608678947459
22635,0.21519141615734136
22636,0.2809204447507968
22637,0.8112107671456013
22638,0.12322393635698678
22639,0.04661502585296657
22640,0.32328660312096774
22641,0.06446212544045303
22642,0.00420956442967246
22643,0.034974985142685266
22644,0.017897326765042236
22645,0.02741749056864066
22646,0.021799601975664763
22647,0.2173105774826981
22648,0.013990111301746752
22649,0.8549040303851233
22650,0.009014398016102368
22651,0.05670367689631411
22652,0.03105267849324299
22653,0.2343897813834194
22654,0.6233559261230451
22655,0.09388443255940218
22656,0.4657757525006609
22657,0.029141839038170463
22658,0.030943468660007984
22659,0.7445597939918741
22660,0.046904328090064895
22661,0.04327130326250698
22662,0.8867481477980668
22663,0.144551544816603
22664,0.009589994228805326
22665,0.01514391152635252
22666,0.011810813059434168
22667,0.1372100417335332
22668,0.08057849140809352
22669,0.15293532994019926
22670,0.015125680349316079
22671,0.11123466360520123
22672,0.16221024077580526
22673,0.05317974293730303
22674,0.0866134756306115
22675,0.0821146359413668
22676,0.025014228273044652
22677,0.032777924231085616
22678,0.021794054237947964
22679,0.12610489461862684
22680,0.06160741166403642
22681,0.010357444669765563
22682,0.40673292944187506
22683,0.005912621511619163
22684,0.048921504524391785
22685,0.31254768937822297
22686,0.006058123824123756
22687,0.13764554828939085
22688,0.10537396387073884
22689,0.1254182199850327
22690,0.12298936175802666
22691,0.008377766872233423
22692,0.970245720310877
22693,0.3476585420673262
22694,0.6794029714271921
22695,0.5201152160212714
22696,0.4221595110049642
22697,0.04390349215563817
22698,0.011485356861071255
22699,0.08341881350645364
22700,0.039281301160612556
22701,0.26712347577175277
22702,0.006604987013472879
22703,0.2061062369388989
22704,0.009512426558429045
22705,0.1385898639925363
22706,0.21275834181656805
22707,0.10013426933131336
22708,0.14166045851778747
22709,0.0317244588916691
22710,0.6385160988037077
22711,0.19670847891854862
22712,0.010015680311039554
22713,0.3061145673529378
22714,0.0639639242557602
22715,0.19922783496176572
22716,0.017809654611476003
22717,0.09932986745995319
22718,0.16000566780552608
22719,0.10717583911238401
22720,0.1914526792922035
22721,0.10946758839245345
22722,0.09795204882313911
22723,0.0715734146532707
22724,0.5151889189183891
22725,0.019863059950819932
22726,0.3459233212237456
22727,0.0723810080225986
22728,0.021666840298869793
22729,0.014721461223583998
22730,0.05211481746573521
22731,0.42767508972549256
22732,0.048906018391673176
22733,0.49564329790538314
22734,0.0745173826112271
22735,0.0044668359301266265
22736,0.1574777943217049
22737,0.03043439513289004
22738,0.010510292388568453
22739,0.007912634443328015
22740,0.020563514291323342
22741,0.022000033189517362
22742,0.024420690799646153
22743,0.006846434258143835
22744,0.07087810779127866
22745,0.046031728340419464
22746,0.04881421926475852
22747,0.08532956827662386
22748,0.464597313833146
22749,0.5483791632757032
22750,0.12260549389241904
22751,0.018178552698539307
22752,0.01514235157983865
22753,0.4826802532749897
22754,0.16383517670632683
22755,0.101605702567397
22756,0.007348661206553463
22757,0.032313443127387396
22758,0.7838240126613988
22759,0.28260523881821187
22760,0.005211098834144416
22761,0.033829848391250555
22762,0.2656366856958082
22763,0.5111713477481798
22764,0.18764434059917612
22765,0.8742800815191577
22766,0.15200142626410956
22767,0.3343815930650882
22768,0.13922256657513632
22769,0.0053407792061658296
22770,0.3540552119853142
22771,0.05317032668969126
22772,0.012795276934077518
22773,0.4180593786136798
22774,0.3623074248857223
22775,0.11846827379712686
22776,0.8809235572706909
22777,0.03703923635952407
22778,0.11232187006103518
22779,0.019261621631175535
22780,0.03376274382332468
22781,0.5354087994080575
22782,0.019767247503405787
22783,0.05808915549857627
22784,0.10745859334842599
22785,0.057447901652909326
22786,0.08714519377649689
22787,0.5806525765886708
22788,0.02968154331409095
22789,0.858809551154432
22790,0.04083410881635601
22791,0.021331892923334907
22792,0.15815329074036502
22793,0.06325231731818137
22794,0.00423805799956819
22795,0.3661101021390829
22796,0.5857268587472774
22797,0.013906110152801555
22798,0.02183780247873949
22799,0.09288467988629776
22800,0.035846267340449815
22801,0.014974882817587505
22802,0.8792539619564537
22803,0.22356965904646134
22804,0.039834741819928694
22805,0.027182076831960545
22806,0.035014391471360054
22807,0.03933729913953006
22808,0.0708766330240313
22809,0.06213172945450804
22810,0.12475110305458997
22811,0.03873729988201684
22812,0.03291056779962505
22813,0.012497232440765766
22814,0.7980066058728364
22815,0.5578889528860932
22816,0.04099240633937719
22817,0.028975173823757364
22818,0.14123185772837155
22819,0.0191675587954108
22820,0.059306373871190254
22821,0.07429985279453509
22822,0.3684208499770245
22823,0.008139263341451486
22824,0.030084109385649416
22825,0.08140348568722787
22826,0.3466735557762203
22827,0.11810931939245756
22828,0.048595475231714265
22829,0.21640749308141705
22830,0.018098628692628804
22831,0.03371420556047404
22832,0.014484635065386
22833,0.21828943406603532
22834,0.8181421544665176
22835,0.8994855077679457
22836,0.11886263499500375
22837,0.06764711889719535
22838,0.5053465206186928
22839,0.3970486275423402
22840,0.6415060138791049
22841,0.07675563744380076
22842,0.014889237304853017
22843,0.030252526115085165
22844,0.037817747005510535
22845,0.406992838009938
22846,0.6747843145846546
22847,0.005605103756058044
22848,0.40302246199475583
22849,0.06356495215672588
22850,0.06289086144765821
22851,0.10513543357811148
22852,0.014710834197482751
22853,0.5329208470814442
22854,0.08979676855894021
22855,0.059666034497420764
22856,0.006629353193002616
22857,0.5145134605350572
22858,0.8889305437631428
22859,0.05752877689224635
22860,0.12923657472571703
22861,0.08283884091295
22862,0.24584105788860286
22863,0.05742957550791908
22864,0.1334243210522331
22865,0.21039679689335933
22866,0.016116232081226107
22867,0.009394755572899384
22868,0.02448470088872586
22869,0.8698650853115164
22870,0.036677345665772146
22871,0.03949107526876908
22872,0.03017348354646829
22873,0.04748896892214479
22874,0.38673050024358985
22875,0.4615794547836358
22876,0.6397909639595999
22877,0.9010999440946807
22878,0.03592742247175836
22879,0.13937765118730958
22880,0.9645433980757308
22881,0.05282190789587247
22882,0.14117480801284324
22883,0.07455589607277162
22884,0.08400215380720824
22885,0.6466201710689353
22886,0.18168983307563538
22887,0.30935608143335397
22888,0.07892995041157423
22889,0.003994460222760003
22890,0.13863184669625334
22891,0.06526644627252423
22892,0.19581308342609308
22893,0.678907047058527
22894,0.2211276550907435
22895,0.10292630553549115
22896,0.17262526817431323
22897,0.010026623226815613
22898,0.07709906558976473
22899,0.6820103996633644
22900,0.0807774053966372
22901,0.3106458802851177
22902,0.09931344539650563
22903,0.7727592101311473
22904,0.41801841063411516
22905,0.04825009269342518
22906,0.05287657372824854
22907,0.18957468000653632
22908,0.03886428641664038
22909,0.8638334401789375
22910,0.4914125036292735
22911,0.03404051739056112
22912,0.03688164833933828
22913,0.020586798809102205
22914,0.016618333659696963
22915,0.08156104348900226
22916,0.09260929687574755
22917,0.04429580386796902
22918,0.0520723561221442
22919,0.8701569347262902
22920,0.027543299995755336
22921,0.8220648730300614
22922,0.2734870854134026
22923,0.20935430243818415
22924,0.08222629325179898
22925,0.11488748720861769
22926,0.041643891388328656
22927,0.037464848209378364
22928,0.10160924771699102
22929,0.060699026890888935
22930,0.08263185100892337
22931,0.05726616415571644
22932,0.17796618970290987
22933,0.7732892189412441
22934,0.0350927747756135
22935,0.055150232919680214
22936,0.8927250424988781
22937,0.04993357343991221
22938,0.10497422014872765
22939,0.18247706009951145
22940,0.0923605368024348
22941,0.9705745075506822
22942,0.010721506440139422
22943,0.030108599125640238
22944,0.06885620837229366
22945,0.04874601581314544
22946,0.02313538309856982
22947,0.14233945795950187
22948,0.016215661683317433
22949,0.1826426322738809
22950,0.08570068081160087
22951,0.1020068382035446
22952,0.25603808266511174
22953,0.7388257565708728
22954,0.05374320285158832
22955,0.03642647330294005
22956,0.12379887098470162
22957,0.02095962665386642
22958,0.08361816174450835
22959,0.03447275226243164
22960,0.4257368055952515
22961,0.006696286180070105
22962,0.15982083659471752
22963,0.1372467074157838
22964,0.014390576132895565
22965,0.013563058835078069
22966,0.1574443540277453
22967,0.0055116906761181915
22968,0.8064397020146525
22969,0.03729421723008668
22970,0.0742391508480325
22971,0.10984873924618008
22972,0.03647452115465553
22973,0.03208716298153048
22974,0.46171171596758037
22975,0.08486718099209908
22976,0.03246160597944061
22977,0.009741607689094014
22978,0.10471310774007442
22979,0.45514483716645104
22980,0.2646550872000669
22981,0.030429107327172716
22982,0.17104038988517148
22983,0.009010400195198297
22984,0.056920608536142864
22985,0.055958156931938584
22986,0.024944508079768606
22987,0.01779382212060786
22988,0.23393089212319426
22989,0.972570458677675
22990,0.025414307206298087
22991,0.014950382130237892
22992,0.045286648172545296
22993,0.030665718814419034
22994,0.014269516844493966
22995,0.011753024164716522
22996,0.02386736300275815
22997,0.07405071140598539
22998,0.03792395546284374
22999,0.11130166545488981
23000,0.10194552361653564
23001,0.14544040923141693
23002,0.6071409631467074
23003,0.321990933656218
23004,0.33359938884642387
23005,0.05574988544653409
23006,0.012728384936483197
23007,0.19301742684939513
23008,0.04828252073499848
23009,0.9867154445595361
23010,0.018473247615116987
23011,0.03272739967223637
23012,0.15564998703869903
23013,0.931781255881822
23014,0.027739066106513496
23015,0.4013396829465793
23016,0.38996654852989104
23017,0.08578182987702013
23018,0.06379245849237164
23019,0.0040962219946381224
23020,0.01950389403155321
23021,0.9334092166780572
23022,0.038110198596550134
23023,0.10266136047843874
23024,0.8075779937911275
23025,0.03726813453275573
23026,0.6352257775612731
23027,0.279531452794653
23028,0.04231982412902038
23029,0.41154731065145744
23030,0.07117075743230566
23031,0.3123664058956156
23032,0.12992172565616494
23033,0.04837747856756521
23034,0.016125045902131263
23035,0.07124200432982779
23036,0.21213291491355543
23037,0.10811542765960223
23038,0.006759825183752357
23039,0.16464050341797207
23040,0.9744630015032607
23041,0.025087123293819933
23042,0.30524812733080625
23043,0.1702889807798272
23044,0.013844177598943165
23045,0.1348966596694769
23046,0.012302013003702211
23047,0.03200086885723044
23048,0.08893777995661947
23049,0.024015812568570074
23050,0.20274043732452762
23051,0.18536924583267544
23052,0.06089960891910722
23053,0.01038592313155442
23054,0.03226943251957418
23055,0.4458833785074303
23056,0.17082950843391084
23057,0.8594944945046581
23058,0.41211253540002785
23059,0.008282925729474382
23060,0.1760578915909814
23061,0.025775023535224904
23062,0.10523719233189491
23063,0.0850041475566549
23064,0.6982698274325668
23065,0.04870882813534186
23066,0.7008176411405519
23067,0.14867701125356556
23068,0.8711992859208566
23069,0.019664485915244584
23070,0.014480531451888868
23071,0.8632541655214758
23072,0.007401118688200417
23073,0.3073837649399347
23074,0.037836334810747184
23075,0.02104618282002749
23076,0.18480202344342622
23077,0.021186687219116953
23078,0.13785294891844035
23079,0.09739140708365711
23080,0.09791547193942517
23081,0.2904460275108049
23082,0.011150324555100495
23083,0.023766999984752613
23084,0.5989050805663239
23085,0.03471983933904948
23086,0.010752081952989335
23087,0.36905280724924466
23088,0.020821531819471894
23089,0.08626938292345687
23090,0.03707332372353124
23091,0.19374842627726738
23092,0.00359360007521522
23093,0.190490660317104
23094,0.45612649925952986
23095,0.019436322609138103
23096,0.13172683925797796
23097,0.12671558594646534
23098,0.2452386177153576
23099,0.0033164361018219973
23100,0.029182662958656687
23101,0.8233781337728537
23102,0.07937460319047007
23103,0.04649807355993603
23104,0.05850233843640975
23105,0.4680210730379623
23106,0.007263888689571059
23107,0.01180750014568176
23108,0.02645454959433327
23109,0.5521555694775221
23110,0.3986091198150346
23111,0.004944892283297786
23112,0.12690847630778362
23113,0.026331175520185813
23114,0.008290629725920016
23115,0.32818864933355535
23116,0.07818984226760378
23117,0.8821316127721041
23118,0.018147846476184365
23119,0.023182031771489617
23120,0.011581562316720407
23121,0.032581335946266124
23122,0.00512030056062936
23123,0.18785530220310925
23124,0.9637743707993183
23125,0.19454228057770753
23126,0.07384389051232781
23127,0.02064204185951698
23128,0.08485474754005884
23129,0.8665504581349286
23130,0.041869888756450334
23131,0.03631591950095496
23132,0.04658636630783176
23133,0.41639798360259606
23134,0.4992971303886851
23135,0.4265945073620055
23136,0.18378836535775653
23137,0.12963029893322212
23138,0.24270854863999092
23139,0.00840382224940574
23140,0.5661962020091632
23141,0.045706714943617416
23142,0.4269638975020813
23143,0.05376314520568673
23144,0.816514751467067
23145,0.08864189485743457
23146,0.7759690024362467
23147,0.20339036579560776
23148,0.029923427315355817
23149,0.014527750431764455
23150,0.07519937781064291
23151,0.017026638520300726
23152,0.03674787270387173
23153,0.011405834722878072
23154,0.3695591828189133
23155,0.0751489541020071
23156,0.0427274443610699
23157,0.26467314719949975
23158,0.1567979995060424
23159,0.14175459791142214
23160,0.08567540351676098
23161,0.11903056162398944
23162,0.955851942663868
23163,0.2580089120003907
23164,0.01111491615564
23165,0.020872213939803298
23166,0.09173687037105363
23167,0.7503644876045391
23168,0.39480206872750095
23169,0.13599904781881073
23170,0.04721982349270311
23171,0.45153030822047685
23172,0.39301806459562233
23173,0.11214850588000565
23174,0.00704706662496785
23175,0.008188348547383368
23176,0.09901472334279882
23177,0.14068686451152038
23178,0.8851202327142752
23179,0.008115010187696706
23180,0.10016997362417653
23181,0.44426764508867894
23182,0.2831409573401612
23183,0.6802660859213739
23184,0.10896844863424694
23185,0.06308264226018093
23186,0.02644353839613703
23187,0.8554381950267287
23188,0.023612214477007867
23189,0.12010371450517855
23190,0.1823897346602156
23191,0.13411481358046295
23192,0.14905452585295192
23193,0.01351849138942671
23194,0.006170344939037189
23195,0.047826410151408934
23196,0.10698883328065377
23197,0.48042890260407256
23198,0.22817010127737658
23199,0.15980046170106876
23200,0.8497617689736037
23201,0.06671107870164954
23202,0.4589639064058445
23203,0.182604246786027
23204,0.2122690728987974
23205,0.01934540400522709
23206,0.9399497337571237
23207,0.3670527965228759
23208,0.008275521658163663
23209,0.0018840542298479129
23210,0.42410159793525265
23211,0.03124911947555824
23212,0.4236353515816384
23213,0.3352447450537523
23214,0.1608491480273901
23215,0.05008205405124283
23216,0.10399458182246693
23217,0.1055628910439169
23218,0.6690161835234332
23219,0.03984653072893895
23220,0.08427817078668302
23221,0.09764735019035146
23222,0.03430132808170441
23223,0.16641462045216762
23224,0.4296682360918274
23225,0.21408785939011427
23226,0.029160962828471755
23227,0.007353903843974893
23228,0.05360979153585073
23229,0.04394041487906208
23230,0.16919731084003817
23231,0.05492585777048162
23232,0.016081491776233532
23233,0.05426625045283247
23234,0.027917960122155864
23235,0.7702799940660346
23236,0.08304457779338971
23237,0.18096671270084164
23238,0.03782455535657744
23239,0.29134870314293093
23240,0.6677038177205288
23241,0.032548585551682545
23242,0.14922831820981824
23243,0.8826803683666898
23244,0.11331592237821814
23245,0.6979771764305314
23246,0.5314780977752597
23247,0.2798154136187747
23248,0.04197335748899608
23249,0.5864299028230299
23250,0.5180902216040365
23251,0.036849173365712154
23252,0.013574196065925265
23253,0.12707797580467384
23254,0.2734613442502037
23255,0.0772407132327888
23256,0.10326186144007837
23257,0.024629582459214122
23258,0.027624890027145663
23259,0.3190870601713889
23260,0.8505284572916704
23261,0.8642944809155136
23262,0.015040133251889482
23263,0.13440251124420532
23264,0.0047562851437453445
23265,0.08109149933262985
23266,0.10091548612158044
23267,0.11796701246902222
23268,0.7609677128421922
23269,0.06884346255245101
23270,0.4309109122478373
23271,0.30723558584648053
23272,0.011762251011640388
23273,0.10358098564797837
23274,0.1480278739623141
23275,0.03146891290782901
23276,0.1451244698357447
23277,0.07911524811422696
23278,0.1263112768846287
23279,0.4244275027102733
23280,0.6490698588253101
23281,0.5235681776906825
23282,0.29358752456982584
23283,0.06277419259910291
23284,0.9109859243691011
23285,0.0048765222043269
23286,0.008988859992933317
23287,0.007096675605744255
23288,0.08679886504602229
23289,0.033980532411637863
23290,0.01355609364713283
23291,0.16251348737496418
23292,0.22156020191233486
23293,0.012910722912147912
23294,0.05915149473285753
23295,0.08451053805494187
23296,0.26242797842892923
23297,0.21802771576623792
23298,0.08509331492229082
23299,0.03483269613094098
23300,0.017468825159622413
23301,0.7468367472693667
23302,0.5136048992959558
23303,0.5256881754084533
23304,0.872397915206198
23305,0.21019806123075116
23306,0.27486330037536294
23307,0.018004074324544945
23308,0.9240253553978768
23309,0.07379505876454885
23310,0.004606523104491082
23311,0.42324143366711575
23312,0.093798319404347
23313,0.021542371409174105
23314,0.4454901362680799
23315,0.021247563902884528
23316,0.40522548155911103
23317,0.3323033338280951
23318,0.08077030410763061
23319,0.390920761519111
23320,0.7631188014787927
23321,0.029176797376009082
23322,0.5262782146116501
23323,0.014402155946720238
23324,0.20162357477265994
23325,0.041264346569904395
23326,0.02391552984567529
23327,0.013520940353035239
23328,0.06866167785400967
23329,0.33655984656674276
23330,0.10381416177217266
23331,0.00517493670300369
23332,0.08488336224932119
23333,0.23417343426445877
23334,0.047341597073617986
23335,0.2979720839650841
23336,0.025655622311252745
23337,0.22039233419010423
23338,0.507577991020665
23339,0.8719204259043684
23340,0.3427213291446698
23341,0.17049818447318296
23342,0.006264640327975294
23343,0.052182722462378456
23344,0.1717197324992066
23345,0.30415769053492475
23346,0.915423585710489
23347,0.16882242436307376
23348,0.12083063830912316
23349,0.0506631544627902
23350,0.12765443183927616
23351,0.9202374788197563
23352,0.02118839513463007
23353,0.17531092371225557
23354,0.22961697475651652
23355,0.5621329826076997
23356,0.13564767078336767
23357,0.10963326126704422
23358,0.9332923291908677
23359,0.08455563981036351
23360,0.029450647260566606
23361,0.044007767247106484
23362,0.059708419755340976
23363,0.1747421138409164
23364,0.28525769733367673
23365,0.5117772774046033
23366,0.024861268982534882
23367,0.00809850102212051
23368,0.19197069291941543
23369,0.182227123257549
23370,0.03750609527899389
23371,0.14065728739100702
23372,0.09356671342153264
23373,0.02134638103246023
23374,0.03860404821385673
23375,0.00859928468713376
23376,0.08483930761243591
23377,0.033878654009343874
23378,0.2691371819238079
23379,0.49311714271259116
23380,0.0084342970392326
23381,0.21431904122581186
23382,0.0596980358887734
23383,0.7324264450625592
23384,0.014659259720406931
23385,0.04835122405982119
23386,0.07176106283143686
23387,0.3627060907081766
23388,0.4516625547864313
23389,0.486435993744605
23390,0.9743032467481645
23391,0.07648464632204605
23392,0.02878403090698555
23393,0.21905474040160375
23394,0.024288906141583716
23395,0.02059927708585024
23396,0.4903602006102832
23397,0.5485808691270428
23398,0.04133763537381481
23399,0.30808292096388923
23400,0.318172435025936
23401,0.026598750625648013
23402,0.07039956596281577
23403,0.24352813931229308
23404,0.06859964474251337
23405,0.32379898901835136
23406,0.9509703176497522
23407,0.02800503546044422
23408,0.19765537248037157
23409,0.2458354402677541
23410,0.11818196809685842
23411,0.0902551239886437
23412,0.09230547472980975
23413,0.12758279433778044
23414,0.044975458649495426
23415,0.02806169162349141
23416,0.008286902705729784
23417,0.03983657459149095
23418,0.06745512386970703
23419,0.007987389946106361
23420,0.026851794596677917
23421,0.5425635431890747
23422,0.26193007039309923
23423,0.12540767401965258
23424,0.0082883949864854
23425,0.12284611669397692
23426,0.19227896860376703
23427,0.01631849414528903
23428,0.12976866870482318
23429,0.05146792862655418
23430,0.09200053347467146
23431,0.74817373463473
23432,0.024608282358992054
23433,0.5438010502587242
23434,0.062019975440518696
23435,0.012355038562641989
23436,0.4956564154008391
23437,0.9318272240871452
23438,0.1097613214370031
23439,0.4075549234213503
23440,0.2860098613563917
23441,0.046921127119014416
23442,0.31050425992887987
23443,0.17349482213002979
23444,0.19188759624737842
23445,0.11856937357773588
23446,0.048920031193660736
23447,0.024375585957241444
23448,0.2270479359230501
23449,0.45957046662159373
23450,0.08488975496852028
23451,0.02395937899727366
23452,0.03574825525836457
23453,0.9779683948886172
23454,0.9336767239743738
23455,0.021433899664816725
23456,0.04207320739811084
23457,0.9494497530741972
23458,0.20583992777016305
23459,0.11673926936536635
23460,0.1186925799060211
23461,0.04225356278021503
23462,0.04777145561177403
23463,0.3089822838622253
23464,0.057266680279468254
23465,0.37376094222729855
23466,0.2709406699368044
23467,0.022189152635831162
23468,0.13705782269014405
23469,0.21159485232155203
23470,0.08818287521293301
23471,0.1709831929236528
23472,0.44872538387340044
23473,0.630572833913824
23474,0.12196292943489656
23475,0.003949532591002084
23476,0.6923503071321729
23477,0.15823186968320455
23478,0.09182102221061715
23479,0.15791549764336757
23480,0.026296120474439355
23481,0.06831282025013934
23482,0.05149187209648858
23483,0.004649838880777287
23484,0.8425288577080683
23485,0.0713601176662427
23486,0.021988238186907764
23487,0.007129948932995939
23488,0.006188233126113387
23489,0.09304750961990521
23490,0.1934399157633623
23491,0.0074267344347810375
23492,0.38187479242945516
23493,0.009295077981386343
23494,0.02747731314010652
23495,0.1936101108298901
23496,0.10481021998148347
23497,0.6112909190984361
23498,0.14151803461075857
23499,0.07104919113420041
23500,0.029242100074171398
23501,0.045624509043352184
23502,0.07713818546921197
23503,0.03577584645337481
23504,0.6334566647272354
23505,0.07628923843523691
23506,0.020830618329004045
23507,0.08811353442375636
23508,0.14586090134037685
23509,0.0987727448933738
23510,0.06283018887599608
23511,0.5502004118308361
23512,0.54364616264292
23513,0.026530068492901338
23514,0.04011019436362514
23515,0.20549251571291977
23516,0.03660188309395756
23517,0.03678222168604075
23518,0.04011699364631392
23519,0.03370408622024022
23520,0.12120796400608293
23521,0.8298766296713058
23522,0.020999676888170317
23523,0.10468920869905726
23524,0.02196399935236879
23525,0.4236480337096805
23526,0.7325513779271885
23527,0.019950134139583263
23528,0.23286328291106798
23529,0.11458482240856732
23530,0.90305155191458
23531,0.21609036782383859
23532,0.21259602685690768
23533,0.1499316683699595
23534,0.026705909066930426
23535,0.10187313527360037
23536,0.06167569182542376
23537,0.010758925754087599
23538,0.5227082240348863
23539,0.017224733369784057
23540,0.14013616255979214
23541,0.06405350723359028
23542,0.005406612084491431
23543,0.07950954860331513
23544,0.03674396284667565
23545,0.31628021448525767
23546,0.003852902618609425
23547,0.018215814323537236
23548,0.1434791700739432
23549,0.067165651184117
23550,0.18382704799068983
23551,0.04505358445493839
23552,0.03184010702436052
23553,0.92609444842749
23554,0.07324746313087205
23555,0.24237371957226567
23556,0.09369534104140617
23557,0.21946777166813003
23558,0.008083739138426698
23559,0.03139791908735556
23560,0.10291456816815764
23561,0.884139929414048
23562,0.009370416799044556
23563,0.23704656654006892
23564,0.08476681309480151
23565,0.2159620215516681
23566,0.05882297015733462
23567,0.2774772836132732
23568,0.16586131341584892
23569,0.42186393074201267
23570,0.9422967120322067
23571,0.7123288223445295
23572,0.026851359708912014
23573,0.03715118293960801
23574,0.04522168187873946
23575,0.06626150093557141
23576,0.09798062735275062
23577,0.042040739833759784
23578,0.039690507613367565
23579,0.5283481365650249
23580,0.48446956640138644
23581,0.0588912827440614
23582,0.006202084147579831
23583,0.009220739485240752
23584,0.04252581046611322
23585,0.03337390063236311
23586,0.04248436871640515
23587,0.006561241467196615
23588,0.04250165241332645
23589,0.34205543143962
23590,0.0057741377139097615
23591,0.08290011131211177
23592,0.13092708856443294
23593,0.016904865242582102
23594,0.04567978783586061
23595,0.8131631826793106
23596,0.18521367013452
23597,0.023585381619709175
23598,0.19668593035353546
23599,0.014819057472140275
23600,0.13568906727891797
23601,0.17526126882724563
23602,0.01274302126512242
23603,0.08196827006915781
23604,0.08139306625858074
23605,0.024138566862865855
23606,0.673467310123073
23607,0.8452671701576077
23608,0.11269444076731663
23609,0.15922891528150349
23610,0.12997097729676158
23611,0.1227385646816895
23612,0.4456690257990448
23613,0.17589052329360916
23614,0.012128707348692954
23615,0.9313448634719745
23616,0.07667587623071664
23617,0.00863841955707772
23618,0.7310453922428881
23619,0.05479317138256731
23620,0.1429603496537476
23621,0.09893384893714821
23622,0.6404283242375779
23623,0.0817887676565862
23624,0.10128545865027895
23625,0.9784822486716817
23626,0.06013816829267702
23627,0.0071632357239374556
23628,0.042379099233437745
23629,0.020091183254749467
23630,0.10506383207163336
23631,0.1882912998586518
23632,0.16116463646370394
23633,0.5797562961330106
23634,0.055648372550016804
23635,0.04458851303662531
23636,0.15115739809389628
23637,0.0034388262474122997
23638,0.09451991812007328
23639,0.039404225921149505
23640,0.001881870774380454
23641,0.02755325872083509
23642,0.10386941658653008
23643,0.024447021240820113
23644,0.1316413582803259
23645,0.006184086256252803
23646,0.37247356179005003
23647,0.00744199977952141
23648,0.2690861379215379
23649,0.10209745863184634
23650,0.7533417995469084
23651,0.16313896335209882
23652,0.11027668668977789
23653,0.8778491896696401
23654,0.041996612538576346
23655,0.4867927912246385
23656,0.13912773073607598
23657,0.24221731279889208
23658,0.7347758465033815
23659,0.14251994356832456
23660,0.059379895031952123
23661,0.11413269071306675
23662,0.16456851482509
23663,0.021643285888513747
23664,0.8704972363891312
23665,0.01818203828852677
23666,0.20036706709817045
23667,0.21227271759781127
23668,0.013153271418806008
23669,0.6702511622166448
23670,0.05817208667258128
23671,0.15512960834691764
23672,0.050456312395630316
23673,0.04284257624979865
23674,0.9249586820913125
23675,0.07362509440795063
23676,0.01238808849575731
23677,0.1804306128826931
23678,0.8274812614843149
23679,0.22858795580159214
23680,0.19213709967625775
23681,0.3026223144275684
23682,0.011692449706107102
23683,0.1357938333818918
23684,0.009105848103558554
23685,0.3719006953245372
23686,0.02953037470381317
23687,0.7990616739201841
23688,0.008819949467823721
23689,0.3161735413410299
23690,0.07961055027100451
23691,0.14664772426465136
23692,0.0028152829326308876
23693,0.07252177484926721
23694,0.8612626507070306
23695,0.006743672932316116
23696,0.24632777592450003
23697,0.02332631636708191
23698,0.5915764395470058
23699,0.05423015516165643
23700,0.04255962075214744
23701,0.05287929306779179
23702,0.5142917047453621
23703,0.09891967383082752
23704,0.27141372969878413
23705,0.09441745004850377
23706,0.035346328600032104
23707,0.03712011309692348
23708,0.29134020862868404
23709,0.13754283617526705
23710,0.05727095243252651
23711,0.0741564342223943
23712,0.0033883238358031597
23713,0.1583169556891108
23714,0.7620067806908928
23715,0.9729708865075961
23716,0.3171680234381853
23717,0.34415934514481167
23718,0.03832760502129456
23719,0.030042051424032188
23720,0.17855878687101584
23721,0.019114304899354003
23722,0.025194493692258825
23723,0.3871282977136818
23724,0.08430898464543271
23725,0.03123562951627534
23726,0.05135165755247418
23727,0.04575735328872525
23728,0.46221132399227105
23729,0.0071958723407377625
23730,0.9445065439816485
23731,0.047311694688597215
23732,0.06547913522464119
23733,0.0460498214663005
23734,0.92796845752054
23735,0.19954699456376881
23736,0.0557733739368809
23737,0.12835870667530766
23738,0.04443993784096183
23739,0.27237035271408777
23740,0.237973717568021
23741,0.36483212900976025
23742,0.2153076921282051
23743,0.1792790153237887
23744,0.19373261919398255
23745,0.9359051046703217
23746,0.22878860821488967
23747,0.02449557709181393
23748,0.7656673086399988
23749,0.251503713613137
23750,0.10389421332873415
23751,0.03925471619699167
23752,0.9535186225704829
23753,0.059622982249363875
23754,0.054454933241983146
23755,0.06020368506043953
23756,0.05220288316110353
23757,0.2712130386800986
23758,0.011053054504866992
23759,0.4111115513230986
23760,0.09311815703851291
23761,0.041366426777369916
23762,0.022447277734513656
23763,0.7381926352889466
23764,0.029381260740286918
23765,0.028672381884128316
23766,0.08543524403282828
23767,0.09108672551112044
23768,0.8572922912948582
23769,0.05665156139211016
23770,0.08118149090852524
23771,0.03172439857124142
23772,0.16054110432934848
23773,0.011186152299865224
23774,0.0747326438740144
23775,0.6407614815441206
23776,0.05999603186917644
23777,0.047688973130342246
23778,0.7773715352382073
23779,0.26465474001921757
23780,0.814674081708953
23781,0.03134844460091914
23782,0.2010699006043333
23783,0.05879339262336877
23784,0.015010561402741637
23785,0.0058624454222169055
23786,0.36982587815561824
23787,0.23297332604330329
23788,0.010381960367086161
23789,0.4987682891783297
23790,0.7394568518060477
23791,0.007370796835539617
23792,0.029261166435846378
23793,0.013737971827172983
23794,0.007393133854186982
23795,0.015042970953910405
23796,0.013956691052175176
23797,0.8426998587226324
23798,0.007193984825291506
23799,0.4907831474981097
23800,0.16267198806623148
23801,0.028081258372916907
23802,0.28443015294198787
23803,0.3450738299495481
23804,0.03874549833588163
23805,0.5504764416455619
23806,0.47768450163738296
23807,0.12850701874455736
23808,0.0995463788782577
23809,0.442710745254888
23810,0.032775146810020264
23811,0.3891630012719279
23812,0.8045723091912987
23813,0.025711576357042923
23814,0.015674333004957974
23815,0.065354088097688
23816,0.018051411967980744
23817,0.6064706174685687
23818,0.010561085106612574
23819,0.67498469110153
23820,0.012336749388069834
23821,0.022210332840005755
23822,0.08127195392045303
23823,0.03696518585523507
23824,0.027257471705587608
23825,0.02517248957747354
23826,0.32440295665650104
23827,0.16176354386538905
23828,0.024707948011601543
23829,0.21773734286650342
23830,0.033985626046366096
23831,0.2387676082201399
23832,0.5084016148732124
23833,0.030244319445496087
23834,0.014815430772915153
23835,0.06752863144545355
23836,0.020846514478374257
23837,0.36886592910643295
23838,0.010253503895874252
23839,0.030233387501859377
23840,0.4929412793130015
23841,0.8512762163651163
23842,0.321693091614621
23843,0.09654217620116112
23844,0.09292099020833354
23845,0.26999951267190175
23846,0.009106196540464934
23847,0.020379214637404816
23848,0.08597889916358169
23849,0.82030986793621
23850,0.023892233641245757
23851,0.5592067517686204
23852,0.02003143734572513
23853,0.04946849296457712
23854,0.33513880187027634
23855,0.04766985096782023
23856,0.34651935339473666
23857,0.1942738555753296
23858,0.29782490180729254
23859,0.008586287794236277
23860,0.14630633694750525
23861,0.029287835537333537
23862,0.02852251002689794
23863,0.024498693990710634
23864,0.01710637392687818
23865,0.3410523351417417
23866,0.04348528349833761
23867,0.9115590606778144
23868,0.4576997088769896
23869,0.17904006677232367
23870,0.049015482741087545
23871,0.4306734776288182
23872,0.3374095643641871
23873,0.07829741166776781
23874,0.7130668978238855
23875,0.029148747966184847
23876,0.17721479704335497
23877,0.14442843816812645
23878,0.9591480895363967
23879,0.03546806967727062
23880,0.02076809700183214
23881,0.7888335739316489
23882,0.6472136305532055
23883,0.046931486699177224
23884,0.058517351954085854
23885,0.9806591525197702
23886,0.06360938418034293
23887,0.009831211082134968
23888,0.14422552703711905
23889,0.5860583133948649
23890,0.039970964199679805
23891,0.11395870607323517
23892,0.2656429866510795
23893,0.04626938807948587
23894,0.025604609393674177
23895,0.00618632448915686
23896,0.15986650109100875
23897,0.21851153073849808
23898,0.09631824900046729
23899,0.07597573485073277
23900,0.16894063296092876
23901,0.07114188006554108
23902,0.10038797030923484
23903,0.05549744389610983
23904,0.12987740010533727
23905,0.00973701332937587
23906,0.010898153936643219
23907,0.19197646314411623
23908,0.01862104107619849
23909,0.07441677140572471
23910,0.08189831955671979
23911,0.052333124520891644
23912,0.8686152663444532
23913,0.08429262305045407
23914,0.066497615393664
23915,0.025069364501773318
23916,0.518645588800838
23917,0.021550844434795702
23918,0.7446785345659597
23919,0.058642861606300764
23920,0.4673126830666852
23921,0.0698488711086489
23922,0.23026130241111892
23923,0.651041028596247
23924,0.06899928603749149
23925,0.09668898736889935
23926,0.00385252630317922
23927,0.549958686964136
23928,0.2272417906696257
23929,0.6562339017664561
23930,0.005703453205362276
23931,0.04248620455847479
23932,0.3550443563512004
23933,0.27652308514435897
23934,0.0940190834702939
23935,0.012005026060875163
23936,0.1926599671481001
23937,0.023965024324211496
23938,0.058551973498857726
23939,0.1980614366693253
23940,0.24321330970357008
23941,0.8029075190254308
23942,0.13474065145526049
23943,0.020668685741029307
23944,0.18238820211196297
23945,0.7009790596514489
23946,0.02252239285028803
23947,0.02303735874734421
23948,0.32535516759929034
23949,0.08839782142734944
23950,0.0482475904556123
23951,0.012302851278974104
23952,0.04018712036954825
23953,0.058629868249428785
23954,0.20683987858355699
23955,0.09121207938857104
23956,0.13228245605858724
23957,0.04555413827403444
23958,0.6561775778410301
23959,0.019715998862090106
23960,0.6486891877786584
23961,0.2041163426872262
23962,0.006660839829702353
23963,0.35346489099545003
23964,0.7409038557706871
23965,0.009133378785945166
23966,0.04068475897990331
23967,0.014084360996087756
23968,0.0911006448962023
23969,0.2796785639010329
23970,0.8547976876866277
23971,0.02276025679193105
23972,0.04169321927165747
23973,0.030400422285519143
23974,0.12129876340740994
23975,0.9262122799200755
23976,0.014451707266321251
23977,0.8920584719408535
23978,0.007875138125362715
23979,0.4522402501728737
23980,0.5752358284108554
23981,0.015457228597897077
23982,0.07992771089465144
23983,0.9816002914905396
23984,0.11481274336122103
23985,0.043076290153987805
23986,0.06110137560961477
23987,0.34608456773495283
23988,0.0442463600255568
23989,0.16274830904388304
23990,0.07989154114823717
23991,0.4177902816619913
23992,0.21930670296240454
23993,0.042369860225955853
23994,0.5413835211689756
23995,0.011802373608843753
23996,0.08120806779677645
23997,0.037447499141832506
23998,0.9216537936496526
23999,0.30564158073579323
24000,0.028524502978392496
24001,0.0782464012228884
24002,0.1873263474653428
24003,0.0980155683042484
24004,0.24541471824171804
24005,0.7282452626913956
24006,0.21655114597489852
24007,0.002873391279901811
24008,0.1339550329723181
24009,0.0133920868903292
24010,0.03983094829784129
24011,0.028862799361860716
24012,0.016205523441758317
24013,0.8149283857735075
24014,0.025513372816526155
24015,0.5414100282478912
24016,0.03587450072330855
24017,0.7512935452825448
24018,0.03257987312105785
24019,0.07418962229351037
24020,0.08948106949632573
24021,0.027496826447396483
24022,0.08918979379328416
24023,0.8831060911029854
24024,0.5405877512254452
24025,0.16153942466350527
24026,0.05622095583131928
24027,0.10685387891784007
24028,0.026799336584617802
24029,0.27783735372393065
24030,0.02107008072175341
24031,0.02150275695554679
24032,0.2710173089708818
24033,0.03642590244509834
24034,0.26886458706734256
24035,0.014260882723268009
24036,0.16104436849696646
24037,0.1040968558471286
24038,0.09786607342646536
24039,0.8635222391382301
24040,0.005830639980837511
24041,0.8535423440990483
24042,0.5140967240873806
24043,0.7616315429519299
24044,0.3068906341119143
24045,0.10111595690109436
24046,0.20608947867340469
24047,0.08213686064835723
24048,0.11447552041415954
24049,0.02513892176046522
24050,0.7103907658155982
24051,0.0854926500263959
24052,0.14594528740083498
24053,0.20399350472899963
24054,0.07346993143250956
24055,0.2286093023881666
24056,0.1578653810377436
24057,0.18077632553999398
24058,0.18204537172223684
24059,0.8926561913194613
24060,0.6026743396529766
24061,0.017714948279874257
24062,0.025497661496264284
24063,0.3303817482097813
24064,0.14196323324393798
24065,0.04254454341143054
24066,0.14487883775080387
24067,0.009838155524041279
24068,0.08377420574448961
24069,0.08561609466395302
24070,0.33858961551567723
24071,0.9066740673512198
24072,0.10084957033444814
24073,0.5002080444493039
24074,0.06337414281503471
24075,0.8318179675382316
24076,0.017771358296971882
24077,0.1587831879078942
24078,0.01329912143755674
24079,0.7685227843683071
24080,0.22787712942830335
24081,0.011506709813903034
24082,0.5006359552505868
24083,0.8690806801995415
24084,0.0788430077774431
24085,0.3910989082356595
24086,0.01618908458267257
24087,0.028668742575717103
24088,0.18822526898960776
24089,0.5848542988400107
24090,0.11187613586630188
24091,0.19072538061341227
24092,0.05528910262285416
24093,0.037395165272820975
24094,0.0949259875814239
24095,0.003955692927494281
24096,0.343994809597121
24097,0.1687359475096605
24098,0.3903778951485875
24099,0.14953268031391215
24100,0.05835001327403201
24101,0.10158175710166979
24102,0.026279766592464084
24103,0.33125771839608115
24104,0.06906755746904576
24105,0.6600401170512843
24106,0.009374272818617434
24107,0.014168151157392011
24108,0.015250995105708131
24109,0.7162135663741619
24110,0.9169282923990913
24111,0.019856729856233057
24112,0.4502430080003882
24113,0.0816991077949821
24114,0.05621149617403401
24115,0.03051911394504201
24116,0.9297635895125566
24117,0.08070931518813483
24118,0.22594379709064058
24119,0.065766343584121
24120,0.08951634182292277
24121,0.06438915673273514
24122,0.02735110641609111
24123,0.02394010768153879
24124,0.5195632804364105
24125,0.03311604824431362
24126,0.09068697437077797
24127,0.011803045307115399
24128,0.018718948092197204
24129,0.017767836636228763
24130,0.18738135621551524
24131,0.1296508885983018
24132,0.00512756396523401
24133,0.03293201221827434
24134,0.9541262662230926
24135,0.8030777823184652
24136,0.6421554462195719
24137,0.026494147066733302
24138,0.13993664003397435
24139,0.030993526390732638
24140,0.011133622984143637
24141,0.706187953641571
24142,0.6250768687209229
24143,0.04145326803546703
24144,0.3609790649433342
24145,0.05719297682670992
24146,0.7244483225632924
24147,0.11475951083537632
24148,0.057457262262950975
24149,0.09633228050203636
24150,0.20227443512419413
24151,0.42927272061692556
24152,0.6242924662172131
24153,0.11564746457718701
24154,0.5230762410063413
24155,0.0665830093123519
24156,0.04542179474670902
24157,0.19605736149902162
24158,0.7533900774830193
24159,0.0551194205410651
24160,0.059540377651512835
24161,0.9651384193323984
24162,0.0008945266181560983
24163,0.17845871287676127
24164,0.04523179735598567
24165,0.12505249797408877
24166,0.03212648419131945
24167,0.733525766628644
24168,0.10186698639227922
24169,0.005223289670662845
24170,0.03461950298640995
24171,0.05203895229137243
24172,0.16013288010459498
24173,0.010020394707560196
24174,0.766717755947367
24175,0.04147551262477633
24176,0.15851001648986704
24177,0.051550637791580096
24178,0.9224714575179827
24179,0.0346956209725717
24180,0.07853524820833564
24181,0.2083447779430132
24182,0.023633291860152363
24183,0.06311805259018831
24184,0.36816068144506614
24185,0.862698433563283
24186,0.04978864202707931
24187,0.09358978127294036
24188,0.06042877604557056
24189,0.1336199695597373
24190,0.1459319099540347
24191,0.044242226722743236
24192,0.9169999964110194
24193,0.009039399887114039
24194,0.01709371682861648
24195,0.07618869559930251
24196,0.24496349935250747
24197,0.3405584059752352
24198,0.044501415092977066
24199,0.5569005600530204
24200,0.08486472317501134
24201,0.04549082366025248
24202,0.1160523717847012
24203,0.5819983639596739
24204,0.10370164175047943
24205,0.05267201322281232
24206,0.058985141518443314
24207,0.22325049951702658
24208,0.14334364762187418
24209,0.1301659600576735
24210,0.12419792339938554
24211,0.08180476121864033
24212,0.01847588943554312
24213,0.0771848829047011
24214,0.09550331417831497
24215,0.6752009160264293
24216,0.08058400396085443
24217,0.03223859419001076
24218,0.1182027863370352
24219,0.32301922299778396
24220,0.03808393540713849
24221,0.3765160372435474
24222,0.020416262538057693
24223,0.014584061623674099
24224,0.4406454444765708
24225,0.1997998067690009
24226,0.06790430350798353
24227,0.08962841459573359
24228,0.025128861425396776
24229,0.16134791725920467
24230,0.5485768334953
24231,0.03694503799433359
24232,0.04656446304795199
24233,0.02879047938886752
24234,0.06018157172485106
24235,0.08279425613151949
24236,0.8403570138325425
24237,0.09125696803870531
24238,0.04162934731788603
24239,0.2802240249061453
24240,0.10922340075735289
24241,0.7149300744304771
24242,0.003021620295082584
24243,0.1934367700559694
24244,0.1091913284540411
24245,0.09905526325690953
24246,0.04394492253923643
24247,0.03816726391202049
24248,0.013785562718422104
24249,0.01724362227750527
24250,0.03880354751495502
24251,0.015649065856204195
24252,0.03481802960298827
24253,0.13801759758195153
24254,0.728883026015515
24255,0.07660424903282687
24256,0.028973002203535984
24257,0.1768293254260304
24258,0.15833419538627477
24259,0.39979337624530903
24260,0.05057397951216344
24261,0.13394633993013133
24262,0.009867024030655541
24263,0.13800688749809467
24264,0.016178090839092385
24265,0.24778177782106633
24266,0.022668521566244083
24267,0.07805606313365995
24268,0.1083636911046251
24269,0.12243840642833796
24270,0.8526348744352774
24271,0.0372692063060033
24272,0.05632857626326544
24273,0.05659165507480366
24274,0.04483483722051482
24275,0.8443838785219089
24276,0.3583479069931354
24277,0.16578685443398405
24278,0.07761405238723608
24279,0.05016404557807801
24280,0.7669651687709864
24281,0.13571899495004566
24282,0.6311134243927883
24283,0.023242096244730556
24284,0.03801020319121121
24285,0.05493235490809762
24286,0.22756002310043566
24287,0.34537563064164795
24288,0.3036953378578741
24289,0.15534747290623774
24290,0.2646320866313272
24291,0.10546438813932622
24292,0.18952976856423123
24293,0.11755852231412255
24294,0.19013966856931258
24295,0.03689948910681547
24296,0.10789582131907612
24297,0.10145005293448481
24298,0.25990759818908604
24299,0.19118126694127738
24300,0.07752062072738347
24301,0.06338513521300346
24302,0.02565018385242192
24303,0.020107407921827032
24304,0.004573754699319652
24305,0.17753096820212533
24306,0.01359208616318106
24307,0.8605622143424684
24308,0.47008730876007515
24309,0.0201146676694745
24310,0.06832603311653007
24311,0.0965627091363313
24312,0.024376083742686412
24313,0.04746443394441935
24314,0.07948341198886628
24315,0.09882108402795962
24316,0.15778549723056848
24317,0.17644000710710014
24318,0.4828210007692753
24319,0.8819116562048002
24320,0.01318269091544008
24321,0.02084253107852232
24322,0.13569519393872312
24323,0.026159469899436193
24324,0.04093079825557139
24325,0.841268089331107
24326,0.26968497275652764
24327,0.020754147587075
24328,0.01878669498821029
24329,0.030017122608198235
24330,0.3720301813895886
24331,0.013623745192864412
24332,0.030949218616988263
24333,0.20956385936548758
24334,0.1804762881785893
24335,0.29292687104613335
24336,0.2891769177898688
24337,0.1800920344578599
24338,0.11180740772462903
24339,0.5395504718904021
24340,0.08133072354863893
24341,0.06161252255016676
24342,0.17057738389875024
24343,0.03768174945244411
24344,0.017780630475047517
24345,0.1528511367174741
24346,0.09571852752613369
24347,0.07473829001508453
24348,0.06403090714777954
24349,0.6967369604968393
24350,0.16831633023872772
24351,0.025147230418872984
24352,0.446929148390171
24353,0.014874330614076831
24354,0.020078924043898487
24355,0.01232668520110684
24356,0.041617518825927395
24357,0.1439673668675104
24358,0.04663299418262296
24359,0.014292845701633075
24360,0.049225664438546646
24361,0.23893786611574974
24362,0.013269712852325094
24363,0.8787580487794897
24364,0.055391434968071813
24365,0.07704524212028363
24366,0.02624614515109667
24367,0.29005118515329475
24368,0.06785680614702447
24369,0.014083111610670648
24370,0.008055646682462335
24371,0.13404040201397707
24372,0.017992551042117794
24373,0.8564190030287439
24374,0.1150151468475393
24375,0.7144151918700696
24376,0.11752805452258534
24377,0.0909510308036686
24378,0.004729925009825743
24379,0.5834873251073214
24380,0.9149885024100499
24381,0.012147615472431213
24382,0.010047173298342933
24383,0.35594548604901793
24384,0.38494249608327713
24385,0.1486729218265746
24386,0.27039359527884405
24387,0.8820595002806778
24388,0.035544568362289405
24389,0.08256949093691124
24390,0.0880325858657551
24391,0.3367838199337176
24392,0.03576777640649984
24393,0.05445481520140473
24394,0.1010711526399643
24395,0.21490552469868898
24396,0.7979577287829294
24397,0.13168696356809131
24398,0.044512472802925925
24399,0.008469949845522148
24400,0.018712896115620978
24401,0.0956903259954927
24402,0.04669734088115947
24403,0.25388406368414473
24404,0.029119455580960595
24405,0.17909629026432736
24406,0.029946226522348837
24407,0.5019887972788681
24408,0.6265118214039717
24409,0.006317070403478296
24410,0.48685395129553927
24411,0.043242517118888955
24412,0.07709915619767962
24413,0.06729066156995982
24414,0.1761079505876589
24415,0.005115204707173161
24416,0.007154806175237124
24417,0.02410485513566424
24418,0.6909112644193218
24419,0.016476797803065223
24420,0.08076662953447865
24421,0.009341861155882881
24422,0.5289741125740065
24423,0.017338944283532633
24424,0.02483203218943794
24425,0.1393105286389129
24426,0.1190725780508945
24427,0.08308984702747063
24428,0.14348280162990218
24429,0.7309075794114401
24430,0.10800419237034677
24431,0.09516827208471344
24432,0.016166361512132302
24433,0.1984270549069184
24434,0.03283679929686713
24435,0.09832993549177556
24436,0.25478796621576083
24437,0.4570216617644178
24438,0.002188860714399484
24439,0.07016729414251398
24440,0.014472883745609932
24441,0.03728547281056222
24442,0.010907596868077017
24443,0.5230036275560656
24444,0.19959244209173108
24445,0.9012199648126873
24446,0.09531281403693581
24447,0.4461034736046791
24448,0.007021464256529157
24449,0.33110175015001303
24450,0.004623859604346381
24451,0.09638025513211647
24452,0.5809541797134627
24453,0.45341225865086243
24454,0.19773384363494176
24455,0.11752507587227036
24456,0.0714317336507323
24457,0.14110376987563525
24458,0.03268711260572141
24459,0.08147110953719917
24460,0.01041776199396806
24461,0.035649744955988015
24462,0.8019892445290779
24463,0.05911223764158256
24464,0.170049650093606
24465,0.5573027766558554
24466,0.8110526037323533
24467,0.057684896643466314
24468,0.011748904718923951
24469,0.022855227883304362
24470,0.09836170832622405
24471,0.14902300890366715
24472,0.1624220572939007
24473,0.7364405568751704
24474,0.04469579165552546
24475,0.01336019889501912
24476,0.029365786607768007
24477,0.11285902726317451
24478,0.1272418559207971
24479,0.04822099958728935
24480,0.05869428323936599
24481,0.021982977835728355
24482,0.6036086671039766
24483,0.16801277230478925
24484,0.25197117086942844
24485,0.031106009848601245
24486,0.07339357616727914
24487,0.14783432508576758
24488,0.23326095546340908
24489,0.02797874532446991
24490,0.05344386672395809
24491,0.5382127081767484
24492,0.11287838365255409
24493,0.018660389127441796
24494,0.2102516399429296
24495,0.0854143040198994
24496,0.020932258475417412
24497,0.10006331476397992
24498,0.07043816163280522
24499,0.0495638680500408
24500,0.002283590153187004
24501,0.0933260562651046
24502,0.17478913366099058
24503,0.02998880542359665
24504,0.009955944834375155
24505,0.03334209848296677
24506,0.04094351748184975
24507,0.013107508618393503
24508,0.006373771747731506
24509,0.16098656089775373
24510,0.05755807047193556
24511,0.3346580558736125
24512,0.08328595386249975
24513,0.012744751062825374
24514,0.7027088719358169
24515,0.09448330610286185
24516,0.023453377931253048
24517,0.025850988508008137
24518,0.9476669060975516
24519,0.9715636498882454
24520,0.02089909379717629
24521,0.15628562340171037
24522,0.0417005656519172
24523,0.7597274835142175
24524,0.03658723228025407
24525,0.23953734522513573
24526,0.01063622572950803
24527,0.022803198647242572
24528,0.043530656651497336
24529,0.049931451811901104
24530,0.06419936712289868
24531,0.021981385068388058
24532,0.9672106494574846
24533,0.5872104760071605
24534,0.14192023639791757
24535,0.11709829592576686
24536,0.22494389318985208
24537,0.10287273003913885
24538,0.1542649801223234
24539,0.3135681322839433
24540,0.7259247789472113
24541,0.015001340091423496
24542,0.32963584318635175
24543,0.14032483259251288
24544,0.3157782994753337
24545,0.07267303183539173
24546,0.24299768885402942
24547,0.2262837721404482
24548,0.9147279283549212
24549,0.14154100613725398
24550,0.1222875086769734
24551,0.014039849412449538
24552,0.019495527573685736
24553,0.05796411340907893
24554,0.08343537587581203
24555,0.042438190431215106
24556,0.009433496519948284
24557,0.06519247123710298
24558,0.9798120291566066
24559,0.03685715206749432
24560,0.7636176011228142
24561,0.44982577431450005
24562,0.8081906325306304
24563,0.15471768344827153
24564,0.06351032685593916
24565,0.19655498689477813
24566,0.0314952051441612
24567,0.11899327970144746
24568,0.3013103007525107
24569,0.025932604048004702
24570,0.41919490944233806
24571,0.013730803795253778
24572,0.21801609038976738
24573,0.008349457510420296
24574,0.05030188015240599
24575,0.024700950823335628
24576,0.9332430606751645
24577,0.03748798494074942
24578,0.005389982522653702
24579,0.7813898621815996
24580,0.06565227189036262
24581,0.916747982569722
24582,0.4894390884781457
24583,0.8810697874027693
24584,0.9268566615911357
24585,0.014436215158446744
24586,0.06897634521299716
24587,0.09581136840163204
24588,0.010035885912142762
24589,0.009663150104479013
24590,0.4286760915003339
24591,0.006320697878696635
24592,0.12587266601001568
24593,0.07294729034483652
24594,0.24196448897026043
24595,0.03810661362465568
24596,0.8710866642866323
24597,0.14888225266208133
24598,0.007041867804560357
24599,0.042314207367243686
24600,0.20027090075103654
24601,0.44880499808052376
24602,0.03334793544226928
24603,0.02554824271693015
24604,0.005592121702802056
24605,0.06650578422209905
24606,0.7428307902115127
24607,0.019686753865396096
24608,0.05196119602949738
24609,0.18427961642763357
24610,0.005015481760552157
24611,0.030111768020886037
24612,0.4133872982454596
24613,0.02310840783212677
24614,0.0192512668434652
24615,0.04119199590696263
24616,0.8870696437014073
24617,0.1236864177538771
24618,0.8683116203100354
24619,0.009579977300535714
24620,0.3012565991395096
24621,0.26484593254979766
24622,0.02953263183886331
24623,0.15799344741529617
24624,0.0142526486373672
24625,0.02196203521300809
24626,0.3680272350868716
24627,0.03488922818061675
24628,0.20398546368325202
24629,0.021994673113686285
24630,0.5039629141492321
24631,0.07629809367104212
24632,0.009983232656904555
24633,0.03332761811880655
24634,0.1598315021334747
24635,0.05847842917812282
24636,0.13242643117099778
24637,0.1827356474055059
24638,0.03172354716252878
24639,0.016556970433554318
24640,0.019978928282112132
24641,0.4517711130246187
24642,0.0028891697018393913
24643,0.036804820698170766
24644,0.17593516674951018
24645,0.14199373825437203
24646,0.516884068916351
24647,0.1786529852608877
24648,0.666096064041797
24649,0.048489509103712254
24650,0.0765517492070658
24651,0.02744946081823091
24652,0.299388144198577
24653,0.32595543498831175
24654,0.952874378509855
24655,0.025739389164462313
24656,0.0531346958811144
24657,0.7313346033919219
24658,0.5555208848975038
24659,0.007981637201377175
24660,0.04311040322997845
24661,0.25444329694503387
24662,0.7814522171442392
24663,0.017688416220676302
24664,0.10631919784141196
24665,0.007830968959402298
24666,0.02519880738320026
24667,0.11511860489451443
24668,0.7359892817319302
24669,0.3969355575884253
24670,0.4575789712763059
24671,0.9208422180013823
24672,0.034533543204720345
24673,0.011484716919400563
24674,0.2339183910249933
24675,0.0316235816496789
24676,0.03399029208076129
24677,0.8614046748244937
24678,0.9702313712556704
24679,0.16128473498605422
24680,0.7799110700928431
24681,0.03830552304842333
24682,0.006006841318577747
24683,0.30823960861315913
24684,0.8830861469709792
24685,0.2786133652341662
24686,0.14185412908921521
24687,0.02570935143177624
24688,0.3294729898896437
24689,0.2834241618676974
24690,0.028789177889474063
24691,0.02499344601339666
24692,0.6727394143974667
24693,0.08586511292468339
24694,0.09007410518503492
24695,0.021113091081159902
24696,0.2897365660205429
24697,0.0013746767146184061
24698,0.1563783384586975
24699,0.5474246369272763
24700,0.022530810181006233
24701,0.023662188963176917
24702,0.055612783987065956
24703,0.06553453022954786
24704,0.2536927948544814
24705,0.3799129652211928
24706,0.20018672056523842
24707,0.9355201815126075
24708,0.044823621305942765
24709,0.15764709918222863
24710,0.17762106820968615
24711,0.04224008666106116
24712,0.2368666782895664
24713,0.05704014214951241
24714,0.11590215540984534
24715,0.15886816477315202
24716,0.766766806073465
24717,0.04963096106574918
24718,0.004661906115432062
24719,0.17022826226540075
24720,0.27511082161016004
24721,0.5708114722579771
24722,0.01977239259463739
24723,0.02281802401233198
24724,0.1111887067673345
24725,0.357098469339457
24726,0.2544142230744218
24727,0.057196725445951425
24728,0.7456090447902852
24729,0.0930826160322052
24730,0.0123202092195501
24731,0.10944010598796768
24732,0.032596248702072096
24733,0.015520722751015514
24734,0.47376970887839737
24735,0.006045018247200572
24736,0.29974514539686536
24737,0.0025300931721136347
24738,0.24111813110804928
24739,0.015343988897346433
24740,0.19863260718174616
24741,0.1417020047214285
24742,0.2858771858847988
24743,0.045825119122900375
24744,0.0820563734683461
24745,0.10597367874736166
24746,0.013353036944349018
24747,0.21828918108753828
24748,0.521303902755396
24749,0.03452958496054332
24750,0.17564165871865392
24751,0.02374885021029086
24752,0.033516674473244856
24753,0.34895405498595006
24754,0.5410235116953998
24755,0.03365522678209074
24756,0.002111986522187698
24757,0.3830529951896033
24758,0.1515910925669079
24759,0.009360226332256166
24760,0.013201459359076965
24761,0.0575775896965944
24762,0.26286845783078244
24763,0.1755049479169545
24764,0.02807784838137979
24765,0.07470449874190026
24766,0.0894583279973539
24767,0.10849301217727553
24768,0.017644292737718725
24769,0.07914889099926602
24770,0.06410623062859333
24771,0.02007100942415888
24772,0.04026428155866695
24773,0.033623259271840476
24774,0.08529876367576705
24775,0.011827393821454028
24776,0.3100665824880122
24777,0.06149481868346476
24778,0.7790970588098232
24779,0.09437299435400484
24780,0.10822722675167244
24781,0.039735674128947025
24782,0.912583180322273
24783,0.21482175033066556
24784,0.3519029382895719
24785,0.46143335391176016
24786,0.19226540559668248
24787,0.030087553716936315
24788,0.42334595726750623
24789,0.14476609370014235
24790,0.015570627137635077
24791,0.1337463813601379
24792,0.03708035698073599
24793,0.5621486657572142
24794,0.03354243080284949
24795,0.03669763037126653
24796,0.980148208667776
24797,0.016935138884905877
24798,0.023585332742052663
24799,0.10818671482316274
24800,0.06712044666959605
24801,0.00945252348021522
24802,0.5863676481474474
24803,0.006893191150332178
24804,0.0212466004407228
24805,0.016172317265698666
24806,0.02053660909267055
24807,0.08508384532887113
24808,0.012545534714526643
24809,0.4782352403167086
24810,0.05601796196456281
24811,0.06070887526984595
24812,0.034747072331809375
24813,0.291154400554635
24814,0.047430400724148634
24815,0.018595639869167253
24816,0.010867770764368607
24817,0.13506130725673154
24818,0.027649929445692438
24819,0.33244470815747607
24820,0.4871617070941675
24821,0.022506879575255653
24822,0.6846473219253354
24823,0.03943680153132405
24824,0.10133979127892882
24825,0.028748615119988333
24826,0.5774555142468237
24827,0.045605922285676385
24828,0.05153305349787253
24829,0.0738342797978651
24830,0.3689040656501124
24831,0.022507824734660252
24832,0.049481197965392354
24833,0.05027840535283233
24834,0.03969848376362312
24835,0.08688092842817234
24836,0.08423121669403862
24837,0.026382814521104164
24838,0.2684563540422236
24839,0.28721095399453384
24840,0.861302103311525
24841,0.9517284789478174
24842,0.015201248891657478
24843,0.10470421896407199
24844,0.03729645865580864
24845,0.00594410474658889
24846,0.02417783206356713
24847,0.5056140536047757
24848,0.03826086718561615
24849,0.10636300990254074
24850,0.060037491083023455
24851,0.4497635350196936
24852,0.15127534445420993
24853,0.0404811691491908
24854,0.02314204734261448
24855,0.9075718155717288
24856,0.007952663004980286
24857,0.028481577446745517
24858,0.022172928692459366
24859,0.15083944390564533
24860,0.18945612421146846
24861,0.23137466067027015
24862,0.02234744455932826
24863,0.43713002038849336
24864,0.06869079620661356
24865,0.27103361381828217
24866,0.26451563337132167
24867,0.7178043560408066
24868,0.026863383804093133
24869,0.10477473407003914
24870,0.6178479816175453
24871,0.20345739476333155
24872,0.06685128643884884
24873,0.07614720225448364
24874,0.05086581345683847
24875,0.09333247206859119
24876,0.1292791758985484
24877,0.25169235917608607
24878,0.059680783416373014
24879,0.1384348614155677
24880,0.4091898163727393
24881,0.1823725310531684
24882,0.07920676666853256
24883,0.811600151420307
24884,0.1842631957187182
24885,0.16976190587740883
24886,0.03614092946102604
24887,0.030388432703950162
24888,0.10033165520242751
24889,0.6104913108504744
24890,0.0896509650687296
24891,0.08558414717519287
24892,0.04635331503025337
24893,0.27932575133148285
24894,0.030791580170921012
24895,0.9730419403431022
24896,0.9801666219072437
24897,0.2675044647008107
24898,0.9444545704247559
24899,0.0783873522594616
24900,0.27527349097780096
24901,0.019647234952867406
24902,0.24804155130618957
24903,0.07799937497808143
24904,0.011888841015191208
24905,0.6961271805498315
24906,0.17917750435012214
24907,0.4454523117815194
24908,0.20066399142600108
24909,0.10464419662187509
24910,0.03907337627447651
24911,0.012517584371022463
24912,0.08059127781074868
24913,0.036040690763229195
24914,0.018266964290770217
24915,0.8904774520806603
24916,0.909905776903739
24917,0.0929142556686312
24918,0.5339696118107977
24919,0.017973266640191412
24920,0.1296500438187356
24921,0.4228681893038163
24922,0.02241762665569066
24923,0.02080264606036668
24924,0.045776224493994024
24925,0.18162465497101718
24926,0.007595599498439993
24927,0.05953171657001127
24928,0.09081333181216693
24929,0.08560163672662258
24930,0.3764822204134072
24931,0.7859092435927202
24932,0.23361460397143516
24933,0.1059502315134998
24934,0.04168383898491301
24935,0.08828257754630343
24936,0.19436654906574743
24937,0.8538334907959932
24938,0.972856964360344
24939,0.10363267593698486
24940,0.07583252310702059
24941,0.13033188545432003
24942,0.022122831412227803
24943,0.018141420527528786
24944,0.021930833063973722
24945,0.019216736220334645
24946,0.03087504720856659
24947,0.037026777128796075
24948,0.07935864817169208
24949,0.04486042530544241
24950,0.5635621960572159
24951,0.1564436726546064
24952,0.032934090759582035
24953,0.07755239554674702
24954,0.11724205867716442
24955,0.16277004245053528
24956,0.046045635475114394
24957,0.01997609593740862
24958,0.02293030288511642
24959,0.16134169597340609
24960,0.5945499732229336
24961,0.016204643804157568
24962,0.005084051126765545
24963,0.01181218349485545
24964,0.020347917175598612
24965,0.021278007640590207
24966,0.7036571696605531
24967,0.010369311825316358
24968,0.042464264005847636
24969,0.6400364542259965
24970,0.8229173867145945
24971,0.06621266564343362
24972,0.05104184877312159
24973,0.059881294309371426
24974,0.05457565985662484
24975,0.14358697488413968
24976,0.20692061497992267
24977,0.006456254251589889
24978,0.02419334865738214
24979,0.3851225680396046
24980,0.06267260270108899
24981,0.3872548852452563
24982,0.05908324640320633
24983,0.0682652202474138
24984,0.18003515845027243
24985,0.4294625843922719
24986,0.9038100473160655
24987,0.09295288266634306
24988,0.03470933926082106
24989,0.7613213332276085
24990,0.8086774601161042
24991,0.5171201772926727
24992,0.01588185389253357
24993,0.6698793560829416
24994,0.36968737933510537
24995,0.020474302524396755
24996,0.024427779414632585
24997,0.016612865068505938
24998,0.15277063058480148
24999,0.08817894574708114
