id,Exited
15000,0.09123475672915735
15001,0.01465424207544913
15002,0.07158794748818123
15003,0.3736638039093815
15004,0.024321005650435934
15005,0.12952037013573584
15006,0.021428609336276102
15007,0.04085858595423186
15008,0.010250788415678305
15009,0.008064503536929493
15010,0.05342113643008978
15011,0.9818642834514761
15012,0.08257684230448835
15013,0.24230559966328127
15014,0.09870815391697874
15015,0.010632082314038338
15016,0.010441380627537694
15017,0.015848174144975368
15018,0.458397184818675
15019,0.025851089709397812
15020,0.004740109047893833
15021,0.007964072084242201
15022,0.9746600571266513
15023,0.4151225018158085
15024,0.030799771540166818
15025,0.7032502063226376
15026,0.6668833339801504
15027,0.014353212289467097
15028,0.20271819035021368
15029,0.7023025783013018
15030,0.5272639804982268
15031,0.3538624504070481
15032,0.12384554508946273
15033,0.15821067960156646
15034,0.7889153417600557
15035,0.057928492627729006
15036,0.009961279047290843
15037,0.6238585638573442
15038,0.052419611212868276
15039,0.024759333819693644
15040,0.2900300412674753
15041,0.004971200116984498
15042,0.002736602636591015
15043,0.016746679634923
15044,0.0022662867348280918
15045,0.030079755255953345
15046,0.3133024431063856
15047,0.8802730900738363
15048,0.003309177122177877
15049,0.6612660226947201
15050,0.030495327558249557
15051,0.046785126107373204
15052,0.022511828889870727
15053,0.5424240645943859
15054,0.28390013211695586
15055,0.010626517761087476
15056,0.0039393658154475665
15057,0.9778320219313874
15058,0.8545637907548924
15059,0.18048774624873476
15060,0.0066292415380886935
15061,0.004906502944412334
15062,0.7934627692220091
15063,0.7450337436173047
15064,0.015708505492936276
15065,0.0261281581135056
15066,0.03963528220603449
15067,0.9676679392085068
15068,0.9107776904150335
15069,0.02748222942817754
15070,0.8086453761338469
15071,0.020282117666718773
15072,0.596620638647919
15073,0.5930219987103671
15074,0.022170851868976577
15075,0.009928653994757343
15076,0.0018598958588880448
15077,0.02082461272524806
15078,0.003280374632575677
15079,0.050756151721829755
15080,0.8551388055268536
15081,0.08577225403376587
15082,0.09099776017233153
15083,0.04365945116251256
15084,0.005248228604927823
15085,0.009278722727031731
15086,0.6992355569791399
15087,0.0012821154467603931
15088,0.021723379181756763
15089,0.010315050312515867
15090,0.014780323873241023
15091,0.006891850770084184
15092,0.0029865199945255496
15093,0.1460113176222488
15094,0.0047675834470401815
15095,0.014438557205889116
15096,0.2200849451519682
15097,0.0015807352202597289
15098,0.014644588953358673
15099,0.2961410723740891
15100,0.00037629340117155305
15101,0.828112935261062
15102,0.6333790394347315
15103,0.3733700034187052
15104,0.2944932164166982
15105,0.09929001181498893
15106,0.20899503293818614
15107,0.9609374462409556
15108,0.007250969651104267
15109,0.0033951517649276164
15110,0.3826221535550038
15111,0.03126347351727513
15112,0.29057801835332314
15113,0.02857625538374758
15114,0.020981814567469895
15115,0.05613237349992059
15116,0.007364707899635607
15117,0.9987128597092255
15118,0.05116559542465557
15119,0.09393413711342895
15120,0.014285462660262222
15121,0.20874284252119746
15122,0.017822022473549512
15123,0.03364023791759612
15124,0.44453663359106355
15125,0.005850280352994463
15126,0.915519973062074
15127,0.001378012343967861
15128,0.08045036244938514
15129,0.06317954236621531
15130,0.0008083619636566149
15131,0.8454730086166546
15132,0.015204298996997274
15133,0.03356402288165658
15134,0.004639270707902621
15135,0.5344450205890696
15136,0.6306980188960974
15137,0.14725076038848842
15138,0.034629605872874114
15139,0.007075810225719149
15140,0.008535113430046011
15141,0.9107419584835896
15142,0.004165028318736413
15143,0.8984678777938171
15144,0.3464173586461295
15145,0.020148936907483078
15146,0.01758839062011246
15147,0.6953501804961535
15148,0.024831263361262932
15149,0.9716250557257305
15150,0.030243483100875202
15151,0.41982227885111195
15152,0.9988777481406508
15153,0.05008508998157293
15154,0.8093679975150763
15155,0.1509243985942042
15156,0.002136967625888072
15157,0.04965242441333932
15158,0.352805129700344
15159,0.4934828992221638
15160,0.26357868957403374
15161,0.0005210295860092929
15162,0.0021948456581277987
15163,0.0037611365429978225
15164,0.0018316485207990599
15165,0.08378966228176088
15166,0.9751754733924491
15167,0.26423345104748713
15168,0.10420554685792101
15169,0.015240985635779405
15170,0.2522647680339792
15171,0.008051890550257382
15172,0.07127494449586384
15173,0.9612406431175854
15174,0.6993906306190382
15175,0.0992992708534549
15176,0.0048887693360448155
15177,0.020506663044855204
15178,0.1176097792618783
15179,0.01892518317995325
15180,0.42459359956507975
15181,0.9820312945918156
15182,0.11032634996853283
15183,0.6095556730068169
15184,0.013559364243356771
15185,0.511385909673934
15186,0.050631693258521765
15187,0.004715907840819476
15188,0.013830975513028325
15189,0.008447997700820697
15190,0.10498196954562439
15191,0.007642006069612571
15192,0.29276345071867815
15193,0.3395751830705986
15194,0.6384050424040738
15195,0.23726494520473904
15196,0.14450844949039077
15197,0.001024057436877242
15198,0.35050185271661
15199,0.08429543109907896
15200,0.24381349184141612
15201,0.019513690239467935
15202,0.0009946157672375336
15203,0.0028007861168068884
15204,0.0055316292995620815
15205,0.10766267562246896
15206,0.09472002669950266
15207,0.14109674028255642
15208,0.012838728292430683
15209,0.17016610787753517
15210,0.01084404205998471
15211,0.04317721484005972
15212,0.67809231483566
15213,0.003342916800949132
15214,0.014703686523312668
15215,0.04841818894241769
15216,0.5983937566376594
15217,0.042477361005111736
15218,0.03602522263249018
15219,0.01787270581686382
15220,0.02030735251818882
15221,0.017126820850085638
15222,0.12908788244169264
15223,0.015290938622902976
15224,0.0071493358851859165
15225,0.7291475479088523
15226,0.3296255807382526
15227,0.0032941532520860376
15228,0.4745841948187753
15229,0.01728099065743445
15230,0.8839125391637499
15231,0.9126313921952511
15232,0.04060315990274595
15233,0.07744049021217864
15234,0.9999223441868504
15235,0.0030385647393759443
15236,0.19590126996809143
15237,0.055441379947075056
15238,0.0077281175523336585
15239,0.011193286762577002
15240,0.4096796169204706
15241,0.024898005693339102
15242,0.0770269439464607
15243,0.7507679241527527
15244,0.008589975611917348
15245,0.8524573219810451
15246,0.16923569303930866
15247,0.16833880639157395
15248,0.2939473033795619
15249,0.016653362053533745
15250,0.009811470377806102
15251,0.008414503535490973
15252,0.013191075714470734
15253,0.07836128493925484
15254,0.0042469022261601265
15255,0.008128933809936503
15256,0.007488159766156016
15257,0.03907940457910944
15258,0.8428826764419061
15259,0.24116630405161993
15260,0.0015928291670004664
15261,0.9999999976782943
15262,0.005114089480768323
15263,0.9635149851118455
15264,0.08299288355707471
15265,0.06709580270042136
15266,0.018412472998787167
15267,0.3617763133506392
15268,0.008649182322892588
15269,0.00509246680816897
15270,0.06774434328136626
15271,0.08122940359173275
15272,0.09323340711809723
15273,0.0008144927074665594
15274,0.9139138532516266
15275,0.8808439279223588
15276,0.15174034285089427
15277,0.0018793569178653653
15278,0.005232099190638072
15279,0.07905915522199573
15280,0.9702791593654984
15281,0.021786967894256878
15282,0.1531011569402081
15283,0.7168557861589026
15284,0.004904443838045758
15285,0.9191998683146919
15286,0.001033188392797178
15287,0.02457199256987184
15288,0.006140034193709857
15289,0.04261067151936306
15290,0.0005141822725420824
15291,0.008448515822369237
15292,0.1079610239348513
15293,0.9842402331290412
15294,0.01799341681628763
15295,0.12609344264312547
15296,0.03568271019860441
15297,0.007067364668896309
15298,0.0024741824702113903
15299,0.0032379398839463285
15300,0.0229885293455984
15301,0.26104914704333176
15302,0.23625414968927907
15303,0.002944544305893375
15304,0.01409631823646924
15305,0.04354653611274625
15306,0.02246095271013199
15307,0.6705394135312321
15308,0.0011567935652570193
15309,0.9985149477527883
15310,0.5122261275226799
15311,0.06767094968592001
15312,0.011785590822309986
15313,0.017391188760396043
15314,0.003932421706765853
15315,0.003313133425417579
15316,0.077456027113327
15317,0.0435266710320906
15318,0.3016055278236597
15319,0.001774313464278999
15320,0.01830371906718309
15321,0.014720150827237618
15322,0.11784688448329707
15323,0.0012144887418371667
15324,0.8341944669916801
15325,0.0012120019193385156
15326,0.041649073214733136
15327,0.472458612063428
15328,0.11641061469483918
15329,0.002596070501936298
15330,0.014907064345737171
15331,0.04164013243011704
15332,0.003544926563145522
15333,0.012116370892997384
15334,0.2664860004227734
15335,0.006274457871310262
15336,0.0487002149229131
15337,0.07770824692813258
15338,0.17265831969811296
15339,0.019064856425255117
15340,0.005665462916195516
15341,0.0026101264818352878
15342,0.9417618662532986
15343,0.027103571871311186
15344,0.08829184167987021
15345,0.05738216935251132
15346,0.8889377553937046
15347,0.13800947698084134
15348,0.048929010473550506
15349,0.037467928149369854
15350,0.01028517357797326
15351,0.004733552008665761
15352,0.08568112396654974
15353,0.412631707465784
15354,0.01175452072242277
15355,0.04784413187893323
15356,0.7460845279853645
15357,0.008219954457098829
15358,0.06075501196333763
15359,0.00045730821981156247
15360,0.030395974890549727
15361,0.002396657121960586
15362,0.014487880600935884
15363,0.020131006540543468
15364,0.12773773265970487
15365,0.46387196074898823
15366,0.3210384413762832
15367,0.8049560633640561
15368,0.010131025827491931
15369,0.026476366585406728
15370,0.6005975973839891
15371,0.008784636922134919
15372,0.01277113481275153
15373,0.3213908760298066
15374,0.3162996774297929
15375,0.016034427803394723
15376,0.08497015660706514
15377,0.6277233325797166
15378,0.14400522080097103
15379,0.8254288004931662
15380,0.8141897177787929
15381,0.0008359740687554376
15382,0.006079758029798764
15383,0.007515859129022855
15384,0.6652433883605234
15385,0.20886241017497836
15386,0.10577555237020035
15387,0.1501489712863895
15388,0.02574484646743714
15389,0.10858953339409234
15390,0.1719496919533189
15391,0.3069941279762003
15392,0.004554657636065876
15393,0.004194474592517278
15394,0.0010234147648138484
15395,0.004988592868583128
15396,0.08300888604920242
15397,0.011307106325997645
15398,0.005673384974068408
15399,0.01931545337690061
15400,0.4742858472787534
15401,0.06059762051851653
15402,0.006472299019486581
15403,0.0760721772093506
15404,0.14657922166005877
15405,0.03500291939017144
15406,0.34965899153165986
15407,0.06956652056303017
15408,0.029655319942318934
15409,0.7114183607536233
15410,0.4547399077395444
15411,0.003928942532723839
15412,0.049136183425936356
15413,0.7448458174182825
15414,0.9844954065680215
15415,0.009640165444532164
15416,0.00866874241945979
15417,0.2648934429594213
15418,0.030293689049516757
15419,0.566943838349639
15420,0.02234468513683577
15421,0.014993796293897977
15422,0.2739202578921129
15423,0.3094549317118527
15424,0.017556007907912285
15425,0.9500071454603445
15426,0.5423330871423987
15427,0.04541541935649914
15428,0.11305480243307589
15429,0.05978840711723201
15430,0.0004866484239567618
15431,0.03595225094066846
15432,0.032013293542595904
15433,0.004637935260817689
15434,0.005384636454156132
15435,0.0003550276808050283
15436,0.02157691135849353
15437,0.1574590193961815
15438,0.044867428010872526
15439,0.007418835308871628
15440,0.03351513480745725
15441,0.8311804346717897
15442,0.5012107363896049
15443,0.5767638231459044
15444,0.008066099089938387
15445,0.012094062062159102
15446,0.1263916896576822
15447,0.013872005461243864
15448,0.9065288570492125
15449,0.050785197163593344
15450,0.017259356677143598
15451,0.02867302900003068
15452,0.6073682912769323
15453,0.023999770584970968
15454,0.009326775683000527
15455,0.9260020591374833
15456,0.06560945785004697
15457,0.005109931963431382
15458,0.17313465097810574
15459,0.5357181383848498
15460,0.7462934717841615
15461,0.09551122522942554
15462,0.10006042355340054
15463,0.009053509392963314
15464,0.9175426983308438
15465,0.41115628505744106
15466,0.004348108910926149
15467,0.7944889804376756
15468,0.0015255686590560185
15469,0.011676491114359488
15470,0.005464110811987984
15471,0.013052626342286988
15472,0.18559386841297412
15473,0.20737450731546925
15474,0.1644281160141553
15475,0.3809248373585566
15476,0.4026150748338464
15477,0.10924248885592376
15478,0.0017390063379961664
15479,0.062450065460024365
15480,0.7414160615311557
15481,0.9807043467587704
15482,0.09680497010968908
15483,0.9776806907151534
15484,0.0077088925802900835
15485,0.07937488006854192
15486,0.007992137886400281
15487,0.9509162066971182
15488,0.026935163850604082
15489,0.09570521527812569
15490,0.9368012083122627
15491,0.5737231279339893
15492,0.7280941234156141
15493,0.18424085139779744
15494,0.027809243885035622
15495,0.23214700901553392
15496,0.03359160491531531
15497,0.004062936799907806
15498,0.9659175038632288
15499,0.25036229679967437
15500,0.005370580858261637
15501,0.0010907341561675673
15502,0.07180276429620364
15503,0.9833723104281383
15504,0.050574706259387286
15505,0.039386280588615416
15506,0.15627986303167052
15507,0.0007719730571370036
15508,0.31465640500838704
15509,0.002933674038412167
15510,0.15720153174049997
15511,0.014766282209285895
15512,0.0054957321420711315
15513,0.0075129643646967975
15514,0.044987099823381525
15515,0.005366783445437367
15516,0.12206496109835561
15517,0.3655295053591003
15518,0.009998427789766449
15519,0.06368727054468594
15520,0.42305133034516185
15521,0.14450740043449137
15522,0.0914664267642665
15523,0.018790376404593093
15524,0.06690106282242891
15525,0.0011792656312919966
15526,0.0019599735078256793
15527,0.01478698980881048
15528,0.0007450795175061916
15529,0.0853739926692431
15530,0.0058034718575407564
15531,0.07586616224369096
15532,0.021398213940533418
15533,0.12847465904166352
15534,0.007849139926542462
15535,0.018948230125200638
15536,0.29797070519599866
15537,0.037852801005019004
15538,0.03860584858175691
15539,0.027104584588421167
15540,0.03251424166194605
15541,0.054616483190337094
15542,0.008789080833007817
15543,0.006269714971121931
15544,0.01802163026088322
15545,0.05208830578785296
15546,0.6741589602624743
15547,0.056469276561971274
15548,0.008384652690369936
15549,0.8523549001543387
15550,0.005753820313424096
15551,0.015006332045121399
15552,0.00346879666463791
15553,0.029219785206085595
15554,0.08793340324708765
15555,0.009555495457938292
15556,0.004306065057276575
15557,0.01829356097528675
15558,0.05161278237409925
15559,0.0193072620766329
15560,0.025512350326438178
15561,0.05394500020916731
15562,0.00601076659678956
15563,0.02597453660774917
15564,0.03993819983337254
15565,0.1305869202942988
15566,0.02554417331278625
15567,0.009194078336713643
15568,0.004364627443606911
15569,0.00611258858934885
15570,0.36976626277222824
15571,0.3787705446984742
15572,0.9242983449858241
15573,0.01755271558512405
15574,0.005429281471939241
15575,0.018622982050156084
15576,0.06880928727438439
15577,0.575025790999588
15578,0.8227029571202829
15579,0.593564260938775
15580,0.007118309634504025
15581,0.09155376070489339
15582,0.020097623369023085
15583,0.006095065412966903
15584,0.10557679364855076
15585,0.8235574732390942
15586,0.000774748986393764
15587,0.013566900543721878
15588,0.035024912090716405
15589,0.00258106638610368
15590,0.023733906183441428
15591,0.045384960649383584
15592,0.04038202110490112
15593,0.992488006677311
15594,0.4711811451073342
15595,0.02655457276229801
15596,0.7376026419704057
15597,0.6318185498832534
15598,0.2547349546122626
15599,0.09581122077119911
15600,0.6833519708963972
15601,0.4089622840188139
15602,0.009058328659282508
15603,0.013141977999408815
15604,0.14766727720015932
15605,0.07630133138207373
15606,0.0064789748908254865
15607,0.063571738308748
15608,0.019873002225538342
15609,0.030335560751708776
15610,0.8340468077194592
15611,0.0006858953170480776
15612,0.2654594194806306
15613,0.15082736585274853
15614,0.047794583352652895
15615,0.17271302505371125
15616,0.0021725163193463855
15617,0.9421340900830814
15618,0.038956997302866045
15619,0.0027993202433873867
15620,0.20118042381726003
15621,0.0074960163455686036
15622,0.026256112562839825
15623,0.09539067507976838
15624,0.03607724550517653
15625,0.9066319564859792
15626,0.028497516727719493
15627,0.4148722179670635
15628,0.029029399113645233
15629,0.12069588373097322
15630,0.005430336390239057
15631,0.38522935971025973
15632,0.002907481395870748
15633,0.003941871795357803
15634,0.12849773806112255
15635,0.13742688359045366
15636,0.023220223809682663
15637,0.10105980088890398
15638,0.06856458632159108
15639,0.5864822782722003
15640,0.35300263356121436
15641,0.7273439167927629
15642,0.16191240471349846
15643,0.023676948253762722
15644,0.32740483301259626
15645,0.021375635253415796
15646,0.05387235512098598
15647,0.009660816120326142
15648,0.0516152433888183
15649,0.1761159698875284
15650,0.002621485874161378
15651,0.017360606877965014
15652,0.005357443592620388
15653,0.4321730763275518
15654,0.14676907132024156
15655,0.6851648455397751
15656,0.17518331417565947
15657,0.7171590095766063
15658,0.005325766597447406
15659,0.09283141586411278
15660,0.01287237809252098
15661,0.34720459115876334
15662,0.009496233211759561
15663,0.034925140882635465
15664,0.136952854813146
15665,0.3645333037199254
15666,0.004543871381619894
15667,0.022316338143725658
15668,0.000143378331231423
15669,0.3931188427876609
15670,0.7828178884039487
15671,0.1573765054436387
15672,0.004581969410672631
15673,0.14595421170307868
15674,0.16972240017130621
15675,0.7572023450561339
15676,0.0005029017037971165
15677,0.696905322714707
15678,0.01797917590945526
15679,0.00533116028620671
15680,0.05920840531489737
15681,0.005483386015497805
15682,0.009902370941090042
15683,0.04257456455203817
15684,0.00731734540556002
15685,0.021350818299395825
15686,0.5071322224521242
15687,0.006930233405637691
15688,0.532956619613975
15689,0.45649548751694796
15690,0.23339306704339152
15691,0.008814332099764389
15692,0.13311281333528732
15693,0.1915982758758873
15694,0.001012402690449507
15695,0.028997046500263683
15696,0.012373235324623089
15697,0.019162152528542354
15698,0.23446529625371618
15699,0.012433738411085244
15700,0.00135682214708454
15701,0.10519867676547844
15702,0.01191102055989534
15703,0.41411334008854
15704,0.0021027448168766776
15705,0.9335224471161683
15706,0.1141208004947248
15707,0.02684891405180017
15708,0.5826593899205741
15709,0.001398641359337246
15710,0.8965369116790327
15711,0.3550274570886136
15712,0.0020091662632707864
15713,0.0023396842417396733
15714,0.007351061912720695
15715,0.7438980468120988
15716,0.034350441239521495
15717,0.01622679885105902
15718,0.026958282837070857
15719,0.9477623580931053
15720,0.37110885766614476
15721,0.0728550318690853
15722,0.0012161323018693361
15723,0.007200717768140171
15724,0.15938711421189228
15725,0.018496314378393625
15726,0.02677414983695929
15727,0.011326230244404847
15728,0.00022381039373826501
15729,0.8971129728386549
15730,0.08785504409827999
15731,0.004701384001585426
15732,0.9727489778266246
15733,0.48985439499529504
15734,0.05640674195588633
15735,0.6191896056684315
15736,0.016156980827312248
15737,0.4366492463258231
15738,0.0036394313699648286
15739,0.010963641774314282
15740,0.0909820478486276
15741,0.10414946721826092
15742,0.8728106467948127
15743,0.6642820650910812
15744,0.009660204185954403
15745,0.009421854943785378
15746,0.08142220569696246
15747,0.6429982897473846
15748,0.2998960138348049
15749,0.004310730857330943
15750,0.03878557520549296
15751,0.00462386632720826
15752,0.33305112407280635
15753,0.03841463206425289
15754,0.008083651549785164
15755,0.1927101434125423
15756,0.004664056601132162
15757,0.000716862126552111
15758,0.02659698398885806
15759,0.0061817777680900285
15760,0.12452051357435798
15761,0.17488307892157942
15762,0.812042164891754
15763,0.9877067806163425
15764,0.010646017899459445
15765,0.06608344931300164
15766,0.026660588047635016
15767,0.0042159655067788605
15768,0.005663283091365454
15769,0.011260519318012242
15770,0.10464186580270957
15771,0.12456466726033298
15772,0.0055084716129302986
15773,0.04905388535089623
15774,0.10160590081472076
15775,0.0009048810853450049
15776,0.27394702911973673
15777,0.6932602381118684
15778,0.939921596950813
15779,0.20730881376403915
15780,0.63983826265541
15781,0.01919735366404541
15782,0.02784467539649116
15783,0.008471210205498157
15784,0.026958493337604784
15785,0.02392095437689579
15786,0.010103920335329673
15787,0.00423528876574271
15788,0.6590824575044059
15789,0.7502874332056989
15790,0.03627351615542093
15791,0.0028927399171828584
15792,0.9154943606649538
15793,0.004957049625997331
15794,0.0013093666258344205
15795,0.17721825773144298
15796,0.0014661189450299514
15797,0.16907987978630754
15798,0.9694094147886658
15799,0.030323306169757716
15800,0.49175066766190306
15801,0.7845927001357922
15802,0.6130683535030514
15803,0.23016612202931952
15804,0.06131715484472484
15805,0.04926872609240346
15806,0.0026690771984504025
15807,0.39457655580897055
15808,0.49559070531093674
15809,0.0018112676161728574
15810,0.9480658510518262
15811,0.5916258458505333
15812,0.030996528381900916
15813,0.005022632433494914
15814,0.003285665359359334
15815,0.03682462775049745
15816,0.224076072883013
15817,0.04308058287918489
15818,0.0558932095834325
15819,0.05495490872088053
15820,0.03147792930475231
15821,0.7679393683340079
15822,0.09779600610117013
15823,0.09386794261325158
15824,0.004042201102417
15825,0.004613227313559661
15826,0.008367169816313764
15827,0.11051960465091974
15828,0.0031593239573827663
15829,0.4498762076075367
15830,0.8991610835538242
15831,0.0349909291501148
15832,0.09932667497136367
15833,0.8019766414235187
15834,0.0236304507945679
15835,0.0066083573857391095
15836,0.004343186248808002
15837,0.10309310206011803
15838,0.0021349963384653023
15839,0.0006078302680564628
15840,0.00713251237105194
15841,0.005333856076835986
15842,0.1356696571871437
15843,0.031513504269675995
15844,0.11875695714051632
15845,0.475494487479915
15846,0.5832644373315024
15847,0.03257525427822195
15848,0.043959549335375124
15849,0.00654769914540052
15850,0.0014393462160876716
15851,0.046004265545733766
15852,0.017463209855253473
15853,0.06297679480151284
15854,0.004008716775265363
15855,0.2673731788160389
15856,0.009498729339954257
15857,0.07988330922648965
15858,0.05055718297912687
15859,0.9199231048395677
15860,0.006857819875433842
15861,0.5584344617170378
15862,0.02432154818775487
15863,0.03658446967248839
15864,0.999300268418824
15865,0.10936600855713273
15866,0.04545069299211177
15867,0.21554792597888234
15868,0.009641901012824274
15869,0.012721578658526906
15870,0.005302759107504354
15871,0.004086160241856192
15872,0.04605205303745472
15873,0.47948351456867205
15874,0.0005055037690291407
15875,0.03369699197042056
15876,0.009222688794778562
15877,0.003425382704440737
15878,0.2114575433994797
15879,0.7629671716057812
15880,0.011618880216778947
15881,0.03267983224664866
15882,0.07104768896158273
15883,0.01178971199915677
15884,0.07094672569039712
15885,0.019069334938623818
15886,0.37367297359883195
15887,0.0285316714310618
15888,0.3105287269271699
15889,0.019299284247265028
15890,0.01606038021171072
15891,0.9602052031573551
15892,0.006250232146841601
15893,0.20098151283349588
15894,0.002977508120359059
15895,0.008566013939189147
15896,0.1851639338449019
15897,0.4184278386986593
15898,0.0385863786403659
15899,0.018783692053329748
15900,0.29091815444565455
15901,0.31829055711368365
15902,0.016112559637235083
15903,0.4734747690268644
15904,0.0029668931413702523
15905,0.1384911149315269
15906,0.03754347146544934
15907,0.186784478325717
15908,0.07949768542457258
15909,0.10947490879164963
15910,0.04031140772999788
15911,0.05953512813034934
15912,0.010270683642165468
15913,0.0038551730466318606
15914,0.5401833364771494
15915,0.07767757675290508
15916,0.034034162039981566
15917,0.019422433830342
15918,0.004946966472085039
15919,0.3518270204964871
15920,0.19245045249272866
15921,0.23298117886178552
15922,0.017498287187885583
15923,0.0032289141768113198
15924,0.7018835774282982
15925,0.0060227339556051
15926,0.01908458023682909
15927,0.8953734282322695
15928,0.09166312729188492
15929,0.6464900319854079
15930,0.8909924464275326
15931,0.35614001646043153
15932,0.1573643772654216
15933,0.5378376284252125
15934,0.005847641758949285
15935,0.0025617726523554773
15936,0.0074111468745014794
15937,0.00559549563199138
15938,0.21633860111805378
15939,0.01490373010667928
15940,0.09970867480567222
15941,0.1586902477459733
15942,0.0019213770733109816
15943,0.07480673607902577
15944,0.005343839893322695
15945,0.002354877852611889
15946,0.05987451301282321
15947,0.0019481487095315087
15948,0.5505222325022137
15949,0.9042807998642385
15950,0.01011387278961286
15951,0.035177130064570496
15952,0.9911517254009958
15953,0.24753146487584574
15954,0.010246755725313908
15955,0.016984919927944164
15956,0.008272577581262658
15957,0.1038736470862113
15958,0.8925444639439253
15959,0.32286840095072195
15960,0.007980072247409918
15961,0.8169608424918661
15962,0.020322853046568137
15963,0.001583697048248276
15964,0.020870434444029154
15965,0.13500452769744176
15966,0.9706221800820234
15967,0.0319845720297163
15968,0.23531134245839738
15969,0.001547432517261018
15970,0.04608928407594283
15971,0.021965262189643085
15972,0.993162327567947
15973,0.011237182941828513
15974,0.08644243446310702
15975,0.14050644216753733
15976,0.00038116198914226444
15977,0.06655779784753019
15978,0.2523927028543986
15979,0.0017967131632660384
15980,0.00510759598883712
15981,0.0065678192290692
15982,0.007858186621358898
15983,0.021962621417291574
15984,0.006894041456221327
15985,0.42363691078364435
15986,0.25033563154524374
15987,0.015379679161474112
15988,0.004456101866525511
15989,0.05612610638142006
15990,0.550110829244439
15991,0.0031586037963550785
15992,0.9577861458769309
15993,0.13781474941132724
15994,0.011887805083047103
15995,0.01620758840819626
15996,0.9168803976766482
15997,0.1610910034188403
15998,0.02602762012750846
15999,0.025374386593556696
16000,0.6246467826080635
16001,0.008096380379546563
16002,0.006435589625652367
16003,0.005284218758133212
16004,0.11741446673653069
16005,0.2329719956383608
16006,0.027893286813780116
16007,0.10687621590831603
16008,0.007805528105717806
16009,0.7108832283101447
16010,0.005592102916541404
16011,0.7504694878392518
16012,0.014908837468844785
16013,0.0027130749835325187
16014,0.01894476041151306
16015,0.43161332498083843
16016,0.7321366157486694
16017,0.019812618146894844
16018,0.07193497587700984
16019,0.05731638789666038
16020,0.035025170669570074
16021,0.0029749759659878287
16022,0.0021081763287113153
16023,0.12146225704610734
16024,0.036241014901511284
16025,0.018232539346989075
16026,0.8793628666774521
16027,0.00849123889126189
16028,0.06459522067897651
16029,0.03765229055937844
16030,0.01913895079804537
16031,0.1906629718889028
16032,0.3356206190139723
16033,0.035761777012867244
16034,0.6231294590833921
16035,0.013326080586709454
16036,0.05561081000096416
16037,0.16430336181970898
16038,0.3175697075874308
16039,0.05831219020492036
16040,0.20541941034522324
16041,0.9992836468161319
16042,0.1516355647923687
16043,0.009205460774984396
16044,0.0018017069676012076
16045,0.9758075189041998
16046,0.5555217938330433
16047,0.2732427353497058
16048,0.1349031409846948
16049,0.018746430595722435
16050,0.028363078672953585
16051,0.005607970979983874
16052,0.017879052361407664
16053,0.006477562808487304
16054,0.6107037651154164
16055,0.07809165294093899
16056,0.3022070449449635
16057,0.674043492655228
16058,0.5266908698895687
16059,0.0456363481858112
16060,0.6537568713865355
16061,0.08380646126837327
16062,0.010508011091631731
16063,0.0043438505360071135
16064,0.011197344345852588
16065,0.003920964889382575
16066,0.002887526001742
16067,0.014325400567130843
16068,0.4184232732153611
16069,0.06931085154095683
16070,0.6797634221260132
16071,0.009460648298995919
16072,0.016368599612792193
16073,0.575800078584917
16074,0.02807979756919742
16075,0.27070831069716944
16076,0.5768660601178447
16077,0.2779081742923553
16078,0.8619479715032669
16079,0.6630480782397646
16080,0.026785615455311978
16081,0.0010446293937349024
16082,0.17184340034768184
16083,0.13807848994729097
16084,0.008153427978286908
16085,0.006428946462929766
16086,0.6448070046858854
16087,0.0005581474209910234
16088,0.0028067748353525286
16089,0.002576517066704431
16090,0.9143533179657859
16091,0.19135867522745673
16092,0.13688302515337472
16093,0.0517997668724996
16094,0.6140478803954259
16095,0.3241840325709493
16096,0.010571838906594157
16097,0.2774908452212619
16098,0.19491238865122046
16099,0.1760744246897758
16100,0.00218815082685734
16101,0.018710100924386637
16102,0.11873025517384325
16103,0.00665859887308015
16104,0.005334526057904523
16105,0.8595726209431626
16106,0.14313230788449965
16107,0.049905259680129994
16108,0.939617488989873
16109,0.3625781583092441
16110,0.012758915527961429
16111,0.5110549349228855
16112,0.05899599646720026
16113,0.17171578130431048
16114,0.0034977377330756496
16115,0.9746416975600414
16116,0.0037073286946497142
16117,0.011223725008756832
16118,0.0030554840131767464
16119,0.5710581101872186
16120,0.0038117932839737147
16121,0.0007634401741201529
16122,0.030542229730829228
16123,0.004855377114357342
16124,0.011816402527713817
16125,0.000989799253928982
16126,0.07060176461782913
16127,0.003555777273268191
16128,0.07888604993841018
16129,0.0675807823630063
16130,0.6928881294995108
16131,0.021190866116063984
16132,0.7123006480566644
16133,0.9995450249907959
16134,0.638167544199882
16135,0.016106900447073958
16136,0.012597809223938255
16137,0.0054078577267228966
16138,0.0030127113675019884
16139,0.004475168896326197
16140,0.005817516597996954
16141,0.27692705622679264
16142,0.020648011613952005
16143,0.014701081135487303
16144,0.0014028567050469935
16145,0.01900437413146869
16146,0.1559194190006558
16147,0.14978246442633342
16148,0.1695995621855648
16149,0.8969070447810155
16150,0.16923510853129703
16151,0.009776938605093958
16152,0.5186135471029459
16153,0.49572328077554656
16154,0.002381948802090371
16155,0.3067579846651346
16156,0.005190562132283847
16157,0.17738058291137626
16158,0.2318120296823386
16159,0.4089064462998538
16160,0.22349282452795982
16161,0.5811056515032124
16162,0.0022179498036288565
16163,0.005490813247710899
16164,0.6488516962552783
16165,0.016852177396471598
16166,0.0141423036841821
16167,0.4917458729735058
16168,0.032074797874936424
16169,0.055171153996661636
16170,0.033626067889549485
16171,0.1710056958978787
16172,0.049465897193068445
16173,0.7427034658503148
16174,0.12219247812807807
16175,0.029503464674466656
16176,0.018965746017554925
16177,0.60431787646921
16178,0.016528655812648584
16179,0.14526720390239395
16180,0.003937563825853099
16181,0.009598651744726069
16182,0.11131149534726036
16183,0.004057378072899743
16184,0.01836220660669689
16185,0.0514839768941428
16186,0.9275248944386517
16187,0.054092395331547284
16188,0.11063080135956109
16189,0.07853839967900962
16190,0.002224788039366789
16191,0.836909984150712
16192,0.9715689782186805
16193,0.47029455363924955
16194,0.9581242418112086
16195,0.047614786526790916
16196,0.10232751363443779
16197,0.04646512565861763
16198,0.061901996825399076
16199,0.14285179334098078
16200,0.0046966709914433155
16201,0.16770276871560533
16202,0.155429648230547
16203,0.5992173863652357
16204,0.018604587289631706
16205,0.45628091889227584
16206,0.005038112697267007
16207,0.08525521626385604
16208,0.4056088838895314
16209,0.14065965053798288
16210,0.3270871923717327
16211,0.6972161011128084
16212,0.01577514705133888
16213,0.30584028129554003
16214,0.3778067829285779
16215,0.05952506790291892
16216,0.013488990912926099
16217,0.5643124135102361
16218,0.09878933768511432
16219,0.06592289820411865
16220,0.023580206385714446
16221,0.0288389664291726
16222,0.4665481313535386
16223,0.9483484631474215
16224,0.00312780569605713
16225,0.1460618615497333
16226,0.02581912094988366
16227,0.003169301203401097
16228,0.06900504793494609
16229,0.3837067403149726
16230,0.04715251912925722
16231,0.5385586984313947
16232,0.5716202950188103
16233,0.5507096821246219
16234,0.9082416898877584
16235,0.00402009469127606
16236,0.07216389473609745
16237,0.8945739257489784
16238,0.25305425133852794
16239,0.018252255250065796
16240,0.032706953730456303
16241,0.026375106296798262
16242,0.016452871946655005
16243,0.22154049456470465
16244,0.11414300952974855
16245,0.3588414270350616
16246,0.006649860317667621
16247,0.0007327693338001078
16248,0.9476820987990844
16249,0.26007324557839034
16250,0.620333631255573
16251,0.8083094592003103
16252,0.004182146727194089
16253,0.026065626590586415
16254,0.0032631252129516303
16255,0.05953734686660099
16256,0.008505792396682704
16257,0.006346707299794111
16258,0.08992622471889397
16259,0.14472983518727728
16260,0.0016696065487001054
16261,0.09389961493723963
16262,0.0196095419901915
16263,0.06647090865837102
16264,0.01693968475855555
16265,0.004703421939705046
16266,0.7591521121866839
16267,0.0030148832705400278
16268,0.03808641180325304
16269,0.002876502258408299
16270,0.12716253095067048
16271,0.0071773461072731975
16272,0.2057543525408143
16273,0.019449203442908056
16274,0.5030307662218518
16275,0.015179991316429607
16276,0.03368396419093031
16277,0.957495240850447
16278,0.02311191849640213
16279,0.18670683590574583
16280,0.0016166379333762424
16281,0.6911678620161522
16282,0.03487549064760785
16283,0.006624478826749786
16284,0.1812717639975558
16285,0.019843536827738453
16286,0.014675829949751366
16287,0.04880924573749484
16288,0.1418453026601548
16289,0.017384234433819836
16290,0.004352422783572937
16291,0.0068906889093226075
16292,0.7216272372075495
16293,0.6778224795265181
16294,0.015035579405581333
16295,0.21512875507685397
16296,0.01578486496514854
16297,0.8364450303064929
16298,0.03324580260207257
16299,0.8903945691329577
16300,0.04266370334744416
16301,0.3440583100740253
16302,0.5134740185069293
16303,0.015035694092225249
16304,0.00980655385739017
16305,0.19538326428028197
16306,0.05104532371650915
16307,0.6999094848155204
16308,0.004840225224344068
16309,0.9979402386987377
16310,0.13661097041278958
16311,0.06529651603479973
16312,0.7451178957252251
16313,0.9916611928535106
16314,0.00044099226220965386
16315,0.75036116778886
16316,0.913068172975136
16317,0.03152929357751986
16318,0.013022857853284792
16319,0.2923646204317034
16320,0.27615139546872197
16321,0.024518033576741635
16322,0.13450771272122508
16323,0.0013219075734128914
16324,0.001918070377329517
16325,0.08139687838266262
16326,0.07314042807738166
16327,0.021024802231074474
16328,0.2453694542047014
16329,0.07679441133363675
16330,0.07211668147560542
16331,0.006109533149758409
16332,0.046106811058598145
16333,0.0054577131071919
16334,0.034849438254435476
16335,0.030941332572977633
16336,0.27554346390811907
16337,0.0008615446781889438
16338,0.0042346184313525855
16339,0.008950893256065044
16340,0.005770517359871413
16341,0.37222027766399207
16342,0.0007333220706363217
16343,0.2716424930764869
16344,0.047918567859158136
16345,0.012837573359313357
16346,0.9999999998680116
16347,0.027281303559373228
16348,0.008662190371456638
16349,0.25112275059578504
16350,0.012309897182861147
16351,0.027989162875216172
16352,0.008915124203505929
16353,0.014075918483369807
16354,0.13015244299453443
16355,0.7716501519858989
16356,0.9983441433354294
16357,0.9090923867575061
16358,0.014082117290560964
16359,0.15527718523169656
16360,0.008041469466069269
16361,0.6788277997632894
16362,0.052568321694340045
16363,0.0050593075859481414
16364,0.0185630182399266
16365,0.4942985853039619
16366,0.6806112668862905
16367,0.01620775290545172
16368,0.8701555313958269
16369,0.08544377174808716
16370,0.4966198424453574
16371,0.02164665126030049
16372,0.008027278200638465
16373,0.15118092087932372
16374,0.011621040327051371
16375,0.009203407413910493
16376,0.2631348273033758
16377,0.11444595129817103
16378,0.0005107660862549838
16379,0.459005503308417
16380,0.7009401670876751
16381,0.3102320950489683
16382,0.019454969188459886
16383,0.0010599105949412812
16384,0.035282310269557145
16385,0.05548325727387775
16386,0.7719280469990044
16387,0.004024178070261204
16388,0.0072742342473572814
16389,0.9612906382160267
16390,0.47223440769834885
16391,0.24013561137749373
16392,0.02735781976323612
16393,0.0013152006077316169
16394,0.005155913628414459
16395,0.014535704273415705
16396,0.550268687900131
16397,0.052874487621179966
16398,0.7614748695388215
16399,0.005701604201807334
16400,0.08007740267304345
16401,0.01050715149376223
16402,0.9043306462592394
16403,0.0041303770589647
16404,0.0004962777333156135
16405,0.04630059354694455
16406,0.6660959226825186
16407,0.8086296406578075
16408,0.46044238530126624
16409,0.016388730310710926
16410,0.15559615224367393
16411,0.0089670763393853
16412,0.9761852229479796
16413,0.9087918095982207
16414,0.0626822514111196
16415,0.002156673706560433
16416,0.005645431961983341
16417,0.03391342412296538
16418,0.007554157846678821
16419,0.06388586835851658
16420,0.14014635467061123
16421,0.04652582256354966
16422,0.031195203354913
16423,0.2809632792894557
16424,0.0013787835243000437
16425,0.10412945050901283
16426,0.02157112985260992
16427,0.0007888404031583935
16428,0.012299254421752363
16429,0.8952755556923984
16430,0.0025530983948743725
16431,0.03387204363714724
16432,0.06678210312212565
16433,0.08376597111109725
16434,0.6471892715061189
16435,0.004078249743692227
16436,0.0058534283689787355
16437,0.001771876177861901
16438,0.0815243651496187
16439,0.05966643281447848
16440,0.000969384016578748
16441,0.010988874147372868
16442,0.1889519485280908
16443,0.109254559617937
16444,0.25894673120009465
16445,0.11861442336330304
16446,0.09810488829819716
16447,0.0686918732396702
16448,0.038198357579757904
16449,0.005483424720215656
16450,0.007983756600263977
16451,0.007623186510546639
16452,0.6852488646352194
16453,0.037804161817148386
16454,0.21895025176146565
16455,0.08630836071188691
16456,0.03147454181397952
16457,0.1534802054763161
16458,0.018975180070131256
16459,0.0065615103063228755
16460,0.008504206382533519
16461,0.025606482822164784
16462,0.0018058785990708109
16463,0.8457105595494777
16464,0.005242086449912722
16465,0.02792712493535899
16466,0.1729099087569083
16467,0.012392357038376472
16468,0.1366873849865478
16469,0.00887492126157013
16470,0.014882732623071148
16471,0.5067864265057778
16472,0.03922819141337247
16473,0.03389953950488356
16474,0.00552550144182315
16475,0.9029835340436004
16476,0.9804805132767549
16477,0.00939925002535026
16478,0.013937747039483788
16479,0.008392631383239578
16480,0.008646720263438988
16481,0.04904317857207067
16482,0.0004834685070663617
16483,0.5484469966889184
16484,0.13512705067137185
16485,0.0015359655461168599
16486,0.022113730270574512
16487,0.01828073696869191
16488,0.017947002133404787
16489,0.9832662000213447
16490,0.05628241200225994
16491,0.014469058160195277
16492,0.5278403019835283
16493,0.02062250884297993
16494,0.619919126363316
16495,0.0007409403163384425
16496,0.029061452411241556
16497,0.17096232233673178
16498,0.2251127577870031
16499,0.008109136170574533
16500,0.019112879828971065
16501,0.02144800876105052
16502,0.1036579251533422
16503,0.02913036265830044
16504,0.006023025322741961
16505,0.013045813316566459
16506,0.06574414072362852
16507,0.019482307054262918
16508,0.10910998609558499
16509,0.06362427221740324
16510,0.997180254841725
16511,0.0682635320615314
16512,0.0041285285095208
16513,0.013929125064964628
16514,0.395827042520163
16515,0.01442740981316586
16516,0.001042363088287927
16517,0.15925354299410158
16518,0.14687442776203913
16519,0.0040084033278710365
16520,0.025253339537468934
16521,0.001062796890363011
16522,0.036563303751679994
16523,0.6769207943684111
16524,0.06352460224167314
16525,0.3121816333439683
16526,0.019497980254468875
16527,0.0023903620659831066
16528,0.8926023767315768
16529,0.21546054007980558
16530,0.005732525038204004
16531,0.00263020454798234
16532,0.8193529021176559
16533,0.005243038976902968
16534,0.07712244393241605
16535,0.04600586172847185
16536,0.023678680705515615
16537,0.002080533665618434
16538,0.01332571231368897
16539,0.6374311796963823
16540,0.4192934549842781
16541,0.003521172954136564
16542,0.010158039414073661
16543,0.11407678678188653
16544,0.38284102345994325
16545,0.15314832317419746
16546,0.008328297735452204
16547,0.3744189579534811
16548,0.523685920534675
16549,0.02577662331759827
16550,0.1350215119343047
16551,0.013503611112333823
16552,0.024239488492909602
16553,0.02217085616280868
16554,0.03897326370061713
16555,0.025876429247910383
16556,0.18378084172391737
16557,0.8754349750804726
16558,0.03588644740698619
16559,0.07386438821378957
16560,0.09023837480898454
16561,0.03052387855323366
16562,0.04701255030352002
16563,0.02084971972086534
16564,0.07291485975748493
16565,0.9669845928519888
16566,0.33748499398108767
16567,0.40384454809978987
16568,0.48534109898043926
16569,0.008510617571165193
16570,0.17925647523438867
16571,0.24113191438641282
16572,0.004960545099128764
16573,0.0012625248990963808
16574,0.7037024096039577
16575,0.006634412259925198
16576,0.0517377364307616
16577,0.05893275932415657
16578,0.010857051136638894
16579,0.06692455452666274
16580,0.01030487955109178
16581,0.02344102674923447
16582,0.3418826095323546
16583,0.029638718771705975
16584,0.0021698060983786054
16585,0.00935588534896269
16586,0.7610081236236494
16587,0.09143775732942548
16588,0.8744684978339992
16589,0.005988926924666515
16590,0.6802377948480124
16591,0.0022541398492719605
16592,0.9764314623401258
16593,0.2834772050547107
16594,0.6703703001296079
16595,0.03266921835726375
16596,0.009277096419911394
16597,0.7100149145044327
16598,0.5972915640391758
16599,0.02230659429592767
16600,0.6394289777816315
16601,0.0068254211343465295
16602,0.6333205834615291
16603,0.0030249739744646325
16604,0.0931855425324537
16605,0.06383050828572764
16606,0.005343157123996081
16607,0.08343854317375451
16608,0.8922592789937258
16609,0.7110158260030437
16610,0.4856502003425253
16611,0.01909340954201834
16612,0.002878700427478013
16613,0.0028781571430898985
16614,0.5836283248252191
16615,0.012340909752029562
16616,0.48137060431421
16617,0.05136061859333195
16618,0.0012606613264851824
16619,0.14670392421369938
16620,0.03725432448178502
16621,0.7046176728028863
16622,0.5782588428534915
16623,0.06981579974055133
16624,0.1644768700996127
16625,0.010954520436026296
16626,0.005121036532274278
16627,0.026834396525957444
16628,0.0015798088624806896
16629,0.022127108384084382
16630,0.06759372433975139
16631,0.748113381954586
16632,0.0877801767189267
16633,0.2126361590198301
16634,0.009076416471488024
16635,0.8540469910394369
16636,0.09844618579137261
16637,0.008058678931248429
16638,0.13397851291056506
16639,0.028802208548168222
16640,0.4754311268921824
16641,0.006507628739567895
16642,0.004033995283601625
16643,0.04918095356449497
16644,0.03613953236843883
16645,0.0651764036699367
16646,0.012978546149874764
16647,0.017601085292188776
16648,0.038856237455109514
16649,0.29523961143581573
16650,0.001552979778067573
16651,9.778392014037167e-05
16652,0.11709640135920878
16653,0.0028537146805287274
16654,0.003770480955035266
16655,0.00015546353778614333
16656,0.7221715981368254
16657,0.3575003409157554
16658,0.005058788614283849
16659,0.0018406085619699938
16660,0.8695983513578938
16661,0.013850818240828011
16662,0.07569252992270165
16663,0.027452281614904105
16664,0.0019095637172500612
16665,0.03218018647488093
16666,0.017369097330555697
16667,0.020372008601797744
16668,0.6055661235413586
16669,0.005111852746097482
16670,0.007319146461187677
16671,0.0017392392520461015
16672,0.32565189433734965
16673,0.7240432235550236
16674,0.005979417425647672
16675,0.07568308184029145
16676,0.010256440125410611
16677,0.009737529681624274
16678,0.006574093455904457
16679,0.0016873505096922864
16680,0.006576788617015984
16681,0.019331631517719102
16682,0.6468183168599525
16683,0.02348389885080288
16684,0.005043249649160184
16685,0.02400121917949481
16686,0.5240930527036085
16687,0.01691787477404617
16688,0.1641314513464249
16689,0.06454004389087917
16690,0.9989762393923729
16691,0.20152194103023335
16692,0.0037832993131168154
16693,0.09234891696769573
16694,0.0015971844279882403
16695,0.0012052807774344764
16696,0.005582650535941242
16697,0.014778997698944914
16698,0.02099283488310529
16699,0.028057213190234676
16700,0.021853358691964062
16701,0.908047963056885
16702,0.00493905628937037
16703,0.019418817779787118
16704,0.028223239805635122
16705,0.025626109257927535
16706,0.013645273776217508
16707,0.6619670461652595
16708,0.008542910365690602
16709,0.002074748334600622
16710,0.07966144983891058
16711,0.7486015968001355
16712,0.008988039963473337
16713,0.6965584649787571
16714,0.007361279861600251
16715,0.253875854552999
16716,0.05510212462975116
16717,0.13960181548953987
16718,0.7388762564738176
16719,0.7330493954877345
16720,0.008464733835884693
16721,0.30430917291105036
16722,0.36385505676334323
16723,0.005996797487865026
16724,0.10837581698938893
16725,0.000990871508620119
16726,0.004495160770138365
16727,0.9999999669086266
16728,0.2850055162137998
16729,0.11567667522539077
16730,0.0011240750884766587
16731,0.00954483133727095
16732,0.8880504289919136
16733,0.02678689663510169
16734,0.04664865665403984
16735,0.1636896010660225
16736,0.5581881797988373
16737,0.032498090202752565
16738,0.005428669975032748
16739,0.9009067299118607
16740,0.006459006421558919
16741,0.012019652880987856
16742,0.5279702353716909
16743,0.0037730979123609598
16744,0.07176110858940393
16745,0.0017329953467448444
16746,0.005763366536399749
16747,0.005677327640167294
16748,0.1051160529728086
16749,0.0187531769477433
16750,0.0013739892237652302
16751,0.0013837948257754795
16752,0.06315338379924748
16753,0.0015573711651593602
16754,0.033763559736796254
16755,0.0035937800645239777
16756,0.041194504204527735
16757,0.007265963407481515
16758,0.004165958426269966
16759,0.03884469376517523
16760,0.005167194063965477
16761,0.019333197397515035
16762,0.012846746738815541
16763,0.13646230977223003
16764,0.5684873440927289
16765,0.00569516373254288
16766,0.05403879804404268
16767,0.026890239915460364
16768,0.08043654964826905
16769,0.10244867357180894
16770,0.49856492382148543
16771,0.0006222983217612813
16772,0.2177284722788335
16773,0.004856604703215912
16774,0.0021212495760868414
16775,0.014438268840332825
16776,0.016367161588584263
16777,0.038885948303533646
16778,0.22285806101175004
16779,0.006475939197384922
16780,0.23954089554093208
16781,0.225815820980778
16782,0.6621826100397666
16783,0.009166011402619282
16784,0.03958495265067203
16785,0.00856488827702059
16786,0.018930721964002216
16787,0.018589482616747338
16788,0.019692776947150936
16789,0.8049601347737848
16790,0.09653224234459486
16791,0.0016849609047463795
16792,0.11495583399850966
16793,0.021376957365357756
16794,0.05847793773601379
16795,0.6571929335140321
16796,0.013491020129589106
16797,0.03281780119117194
16798,0.07230917652500493
16799,0.011792164175709823
16800,0.16530448817294788
16801,0.08066272586134585
16802,0.04743414117235002
16803,0.0009884134396825177
16804,0.10446191882156779
16805,0.0016095765068958787
16806,0.002355200826512262
16807,0.44624370372294764
16808,0.0001916315946084254
16809,0.0015773079552814928
16810,0.0079909140309267
16811,0.0009105533339054721
16812,0.04153470719062993
16813,0.2681274009958615
16814,0.09617078796890444
16815,0.13937711703188968
16816,0.020771030939203
16817,0.04921667842599229
16818,0.8055663077583227
16819,0.9961679504217509
16820,0.23055777172186204
16821,0.9006880205437032
16822,0.0005970895780571096
16823,0.008598340318754453
16824,0.9160336205630241
16825,0.04117310207802502
16826,0.01448620973842941
16827,0.0018156409252259086
16828,0.001671882757837616
16829,0.9282337526014047
16830,0.12499524692857904
16831,0.9548982916157875
16832,0.7783090648554248
16833,0.7376262315233435
16834,0.012448114180431213
16835,0.029389577960890725
16836,0.10125747816809938
16837,0.22439338484091634
16838,0.41037416805016014
16839,0.8657053732143012
16840,0.9845299737241869
16841,0.009856068635164953
16842,0.37318108218095897
16843,0.22281357287191375
16844,0.931323419510395
16845,0.014151665285863577
16846,0.7631246819404619
16847,0.6645911619037659
16848,0.6063842086597894
16849,0.0693477009647377
16850,0.9978819053407596
16851,0.04730704695724024
16852,0.004628437321992265
16853,0.33501757101272783
16854,0.5901419519127229
16855,0.012671638805637823
16856,0.36696552240570984
16857,0.710859621012841
16858,0.8542335751970203
16859,0.009717436208012468
16860,0.3170076351110213
16861,0.001836016740135031
16862,0.005016359433496321
16863,0.01842694712485582
16864,0.13842930069655204
16865,0.037362564450246404
16866,0.06468439775841064
16867,0.01505254346268044
16868,0.23461870398624038
16869,0.005302183185095025
16870,0.3180463624112555
16871,0.5801660757795173
16872,0.05324800497106454
16873,0.004517576145200377
16874,0.004447102088597494
16875,0.8207290484927481
16876,0.007613815910756173
16877,0.006236890793273899
16878,0.0026410894173389157
16879,0.002926737884767877
16880,0.21370320043185884
16881,0.018470359098735276
16882,0.02327279372607349
16883,0.2050503210988332
16884,0.06427558328548662
16885,0.015797619119678794
16886,0.0024182780565462072
16887,0.4222944327195645
16888,0.0036622670592288764
16889,0.12155775922529446
16890,0.24364013834107834
16891,0.00623088157189165
16892,0.07646050583592731
16893,0.11992741284656125
16894,0.052099090657750105
16895,0.06153071646783203
16896,0.22585504857941555
16897,0.02142368849584526
16898,0.013832048308383263
16899,0.026645062673272928
16900,0.017726197439600983
16901,0.00036233362742948033
16902,0.9637101795020908
16903,0.019945787392399984
16904,0.5671314945943254
16905,0.0005851624748946546
16906,0.07445518979691468
16907,0.013732199774073256
16908,0.028585968843623133
16909,0.0013353385100856319
16910,0.0028506109144635183
16911,0.04161594177890194
16912,0.0026727170477967247
16913,0.009542671463246721
16914,0.006781040399924518
16915,0.049359464763031345
16916,0.0007632458894678351
16917,0.0253607049813681
16918,0.6955338270175007
16919,0.01679195603036592
16920,0.009630296295753765
16921,0.013063584895650182
16922,0.020028278949479755
16923,0.09524429589302438
16924,0.05522311972020468
16925,0.08686227341747237
16926,0.11468307687251984
16927,0.0008424932387650407
16928,0.5156495814339854
16929,0.6369782335591814
16930,0.002938805877561733
16931,0.8018583064483508
16932,0.34737851014594
16933,0.026489081411814448
16934,0.01674736011294171
16935,0.025338095144907653
16936,0.8029006483551603
16937,0.05012071793257739
16938,0.0008154678007828488
16939,0.003413823719247823
16940,0.4045847862689056
16941,0.01385115757727287
16942,0.31642245097071714
16943,0.9433620830337704
16944,0.01543919088331416
16945,0.004046216987634071
16946,0.05662533777315695
16947,0.11092662325602193
16948,0.1255002701939609
16949,0.9955251755130435
16950,0.03202737823680144
16951,0.9627854146629521
16952,0.04185740519904228
16953,0.04706707846728319
16954,0.17127374443197607
16955,0.005704172202983218
16956,0.05478449786849615
16957,0.20113441824724257
16958,0.024402269573660464
16959,0.0029304907558808614
16960,0.11323356942933092
16961,0.003026198955437301
16962,0.013363349368404404
16963,0.022826472667767262
16964,0.005275055030784181
16965,0.004218441228980817
16966,0.9630755222744184
16967,0.14801460156244048
16968,0.895500921457931
16969,0.017446207558347138
16970,0.0015074198164141083
16971,0.5477633688078734
16972,0.9310893581499069
16973,0.5169554222157964
16974,0.06149259199554245
16975,0.007696267606983178
16976,0.05685361926288221
16977,0.004901011338716782
16978,0.30794953594381874
16979,0.0065914903128757064
16980,0.527526984332314
16981,0.8864390388310195
16982,0.8355473260634317
16983,0.9748313429891574
16984,0.03189299564973076
16985,0.013345018169927917
16986,0.00233064196987918
16987,0.00839997078542067
16988,0.002771468110932398
16989,0.5608424550245659
16990,0.017355522229814242
16991,0.01651714157860885
16992,0.16405938329718361
16993,0.0022754152248882185
16994,0.11101428417291262
16995,0.013627984794855344
16996,0.0071830335536028226
16997,0.022276809935652817
16998,0.7213250485152923
16999,0.01588423708780366
17000,0.013651338074266292
17001,0.005436498324719928
17002,0.01814928793308932
17003,0.49819199695648186
17004,0.14990317343028312
17005,0.22139052895086714
17006,0.08539099345044318
17007,0.4582664632421312
17008,0.04351717505021208
17009,0.7229088696328072
17010,0.10669292590991349
17011,0.038588673899788706
17012,0.016335771022335778
17013,0.010304544097520877
17014,0.6825383572882857
17015,0.6654942089412111
17016,0.021047986207666174
17017,0.15351470158097058
17018,0.015946295033883326
17019,0.024929479483410514
17020,0.09489501245440543
17021,0.02831341597657142
17022,0.11518299063349173
17023,0.944880890082668
17024,0.008274628528662844
17025,0.04052175810136564
17026,0.004684845348436659
17027,0.009303301361443741
17028,0.6783259175129045
17029,0.0034923377185539727
17030,0.0026380401723439676
17031,0.00407586481130477
17032,0.5518285584742275
17033,0.027326091731911147
17034,0.01702696186773653
17035,0.023579020954737837
17036,0.020786019188367394
17037,0.0005046946089814672
17038,0.006397675716823806
17039,0.014006293247004151
17040,0.016340423908128947
17041,0.0029552030858330126
17042,0.9507852676804324
17043,0.07393440301325702
17044,0.006912500048707497
17045,0.18360154919166163
17046,0.5258939787773002
17047,0.0030257473427684574
17048,0.19968662619314717
17049,0.0477853663561246
17050,0.0959452683496439
17051,0.8954809934796185
17052,0.09407306983073387
17053,0.9110403598896661
17054,0.03426293761835822
17055,0.027968440422849822
17056,0.053343473692364335
17057,0.0031417512782191677
17058,0.01326842412082074
17059,0.0069828797232762896
17060,0.3962878295736267
17061,0.9638599027013847
17062,0.006388505439257375
17063,0.004811864968316042
17064,0.2528990373347741
17065,0.02207192180940168
17066,0.7199253247994812
17067,0.6991856180792176
17068,0.35606897157361844
17069,0.28197613410810973
17070,0.49663345047095586
17071,0.9063607063434423
17072,0.016517294171607477
17073,0.01833231793353447
17074,0.3242895057616432
17075,0.07602525332679422
17076,0.0033204912208800574
17077,0.6410917981671544
17078,0.40891100496485416
17079,0.39362323478805034
17080,0.1814066638361472
17081,0.008362407938448285
17082,0.04482949640964813
17083,0.07645860286348125
17084,0.40285496396762743
17085,0.9140576400572732
17086,0.03263404142668931
17087,0.2300002804838249
17088,0.00296261765735336
17089,0.02388320531706864
17090,0.002852497797925128
17091,0.005024059827958573
17092,0.2991283139741672
17093,0.01582327375855423
17094,0.05949695943104176
17095,0.8845458263257787
17096,0.512019773693155
17097,0.22071634966296802
17098,0.0108673619106654
17099,0.008253539041359777
17100,0.6402089218791798
17101,0.14653307521793318
17102,0.7789205936631672
17103,0.02375192972799056
17104,0.07375358480418592
17105,0.018673822879604448
17106,0.014699317523241556
17107,0.08115564590970234
17108,0.12559263988137429
17109,0.022897372554343775
17110,0.00464445686433053
17111,0.025058812379422618
17112,0.2257667703979428
17113,0.06482313476077745
17114,0.005581152839585443
17115,0.14214587698300393
17116,0.2055293253038952
17117,0.016862690396656617
17118,0.23671715136316576
17119,0.04278509304280187
17120,0.08786387052926065
17121,0.010559077221287846
17122,0.6887568794788461
17123,0.24454922239297164
17124,0.9835461937658503
17125,0.004511974958465959
17126,0.21438321305417296
17127,0.003983013087503328
17128,0.9090532405180242
17129,0.03229622417795228
17130,0.12553261251991168
17131,0.003993244121595747
17132,0.17363865947351279
17133,0.05628031046087862
17134,0.1905705914941658
17135,0.21198489433004516
17136,0.07926163716597198
17137,0.03124135966184195
17138,0.991483810667677
17139,0.2932828313791227
17140,0.011869975782949037
17141,0.24177371033284356
17142,0.13307814138220855
17143,0.523763665503963
17144,0.006913789326328497
17145,0.020222697760162747
17146,0.39059850853508465
17147,0.09342376627614715
17148,0.08537254554778351
17149,0.11458002641709464
17150,0.04481657895003744
17151,0.2503023964805969
17152,0.029258364670698898
17153,0.004887215179490141
17154,0.062081050655894233
17155,0.007510583459318393
17156,0.2699793606706474
17157,0.07294678604590948
17158,0.4299555553200154
17159,0.11905771862622101
17160,0.05556431154401259
17161,0.5070993791499415
17162,0.001954597087420001
17163,0.846237579935809
17164,0.006983620893937136
17165,0.0006784757513728384
17166,0.043992548824032356
17167,0.036422771527960925
17168,0.04256947170732942
17169,0.7736988298362812
17170,0.0008713354087928129
17171,0.015569158934511043
17172,0.1726260193142714
17173,0.18961701140100573
17174,0.06050600202890423
17175,0.5092917265629934
17176,0.03812817605390713
17177,0.3845818537105281
17178,0.031014881642238087
17179,0.5620315569716816
17180,0.01655030413008841
17181,0.2590571481776481
17182,1.0
17183,0.20967900857848293
17184,0.29327023138759734
17185,0.008773346004256655
17186,0.004495492722102923
17187,0.013436601116031108
17188,0.6935756723533979
17189,0.020665326616800803
17190,0.2467767688346166
17191,0.02970068558500932
17192,0.0027806792541088298
17193,0.0025582827499715678
17194,0.007302093441042253
17195,0.01622229389002065
17196,0.020289882062351404
17197,0.007076138856663011
17198,0.08111651272694671
17199,0.9716791956640363
17200,0.1130375853508993
17201,0.2797122467386175
17202,0.056166690991519844
17203,0.037056693538353044
17204,0.9401466803088131
17205,0.011090836380604112
17206,0.011668672942080894
17207,0.0213788400262636
17208,0.00351996172458159
17209,0.002540637059754486
17210,0.0011483310604426245
17211,0.0007300740193850603
17212,0.05487942193410249
17213,0.19594710481087885
17214,0.16967359383516156
17215,0.9814608867875657
17216,0.0024206445580285275
17217,0.5670329017532846
17218,0.3769294488353902
17219,0.009634579897897226
17220,0.0051581742638660165
17221,0.013267346372699511
17222,0.09655447843098755
17223,0.04582399753170783
17224,0.140113664343852
17225,0.8995268691438331
17226,0.02621817958404147
17227,0.0042191297032496255
17228,0.03244619914008992
17229,0.6741652140472583
17230,0.03024545888079601
17231,0.00762449977922992
17232,0.0038615199673047705
17233,0.047627063427744976
17234,0.035556001611518805
17235,0.04009640266812334
17236,0.00027863332346008876
17237,0.01915982356384018
17238,0.26963136896483275
17239,0.03348796564560053
17240,0.003023128866479983
17241,0.009214389736868483
17242,0.021565145161139724
17243,0.04064343020492964
17244,0.6302170607032542
17245,0.0017240512785319537
17246,0.001540448048137352
17247,0.002904019335805306
17248,0.0236226730203307
17249,0.05338296243923958
17250,0.8217083151645579
17251,0.2710872676777562
17252,0.15425074097927133
17253,0.037363091891178576
17254,0.11553676981720074
17255,0.016733692672699967
17256,0.0170775648567891
17257,0.9441118314854516
17258,0.31280564544898054
17259,0.882694103572864
17260,0.1918900513303437
17261,0.049259516067424486
17262,0.18866626859870636
17263,0.01162020776167182
17264,0.4167502150189818
17265,0.0013854410008054506
17266,0.0028820806319179736
17267,0.022214908185914636
17268,0.21706732384223038
17269,0.25160031636939884
17270,0.006033040545573033
17271,0.05260370383059297
17272,0.3889740295295375
17273,0.9234071098658189
17274,0.006156824331536998
17275,0.15614888980703598
17276,0.1577380000914119
17277,0.020066554777540355
17278,0.023835347290650663
17279,0.9241575795771803
17280,0.05004363334511578
17281,0.030486550387518102
17282,0.06946860079775516
17283,0.8738057810077123
17284,0.04922140678835857
17285,0.030484976159115638
17286,0.057284470757293586
17287,0.6331042645172092
17288,0.00481571092305403
17289,0.08100326668946208
17290,0.0037035476804482257
17291,0.00684361311695874
17292,0.3477088337741051
17293,0.6093995397975184
17294,0.7458476751981132
17295,0.01571336565253883
17296,0.0013777976810498017
17297,0.011874043460538788
17298,0.03306733538570579
17299,0.200570399942057
17300,0.018271436710151686
17301,0.8228472076033302
17302,0.03738253236489618
17303,0.09101260332555869
17304,0.15736022691850485
17305,0.0030905879021668153
17306,0.2574195844365631
17307,0.030749895277396178
17308,0.006661724681890708
17309,0.9620469947083293
17310,0.22900839256411357
17311,0.15352897834344115
17312,0.8794084276573645
17313,0.9598310647403221
17314,0.0012146209591119691
17315,0.36006263439340264
17316,0.21605677123312786
17317,0.00719482629551154
17318,0.0063497481585568704
17319,0.02168226126770509
17320,0.9978715784657918
17321,0.22241111866836646
17322,0.035734297467353154
17323,0.9884182401499286
17324,0.026841982098870894
17325,0.00560762343763509
17326,0.0350768949224297
17327,0.006732897954601403
17328,0.634708335898927
17329,0.005742412301313624
17330,0.009656592176171331
17331,0.07954093124253715
17332,0.1754069969389252
17333,0.4908633517273379
17334,0.37602782501027004
17335,0.10373237105240574
17336,0.03299476907201592
17337,0.17739656480954194
17338,0.01692484634705709
17339,0.02559787346148603
17340,0.05487830760789749
17341,0.11210472368831537
17342,0.33735920787269785
17343,0.013395534654871932
17344,0.9212428222824377
17345,0.2260992375399948
17346,0.19785473263742157
17347,0.9158711236432908
17348,0.5738043184184954
17349,0.00024350384336016277
17350,0.022506964346244305
17351,0.07107221476479866
17352,0.06678487135203744
17353,0.004105369728603526
17354,0.09078594199237107
17355,0.4282206122617301
17356,0.8196149235232629
17357,0.07458920884628689
17358,0.0027519129505111264
17359,0.06742219269617107
17360,0.05156652851031184
17361,0.12213158322157674
17362,0.14023509607673681
17363,0.9967116096718523
17364,0.03371005872048733
17365,0.005537489279138934
17366,0.03269388130341936
17367,0.005444895103362954
17368,0.06928240403879311
17369,0.010662210116739046
17370,0.0012613492593229196
17371,0.9963646774024233
17372,0.03923652797297008
17373,0.01825077517426001
17374,0.0011154853083914036
17375,0.021177698738432484
17376,0.7339744156738323
17377,0.7683232702791126
17378,0.1041402529960557
17379,0.9818379041147656
17380,0.003952346103236512
17381,0.0020807547184289172
17382,0.02154741627704613
17383,0.01343457299325823
17384,0.004451804802902374
17385,0.6264113078441063
17386,0.001882573371907977
17387,0.5244758322115533
17388,0.42886368088990956
17389,0.007109970419377821
17390,0.9258936684563592
17391,0.7812238495542512
17392,0.2290231862090426
17393,0.07618401459748071
17394,0.7540604067797567
17395,0.2671924514372845
17396,0.09994896370772009
17397,0.048447319934015846
17398,0.9185403084164491
17399,0.024352324579755426
17400,0.1230276327596758
17401,0.0008343264616878722
17402,0.023980414944923385
17403,0.6345166245904137
17404,0.04283574586191725
17405,0.6881320781523234
17406,0.006288135608963199
17407,0.004914461500804265
17408,0.25894144020774484
17409,0.005322379952039669
17410,0.032819945956390206
17411,0.0025055531882451566
17412,0.29210301315369896
17413,0.03999027319423618
17414,0.31160526231674446
17415,0.1477572654649822
17416,0.0037773133518457396
17417,0.04345815383391697
17418,0.5465312647801476
17419,0.3213093538818258
17420,0.014797568730228803
17421,0.7896680445213441
17422,0.03667553013652849
17423,0.007117890664627159
17424,0.44727333020650006
17425,0.004110156639929144
17426,0.24320034454257644
17427,0.003543571621267174
17428,0.009338392062199016
17429,0.1348095379809153
17430,0.002804883438443433
17431,0.0883140874510274
17432,0.1865904285273845
17433,0.9770930811459992
17434,0.01486944695899455
17435,0.01647052362719294
17436,0.8377435590844944
17437,0.8276656080445804
17438,0.032341750327106275
17439,0.005269828262893179
17440,0.08825330926909707
17441,0.00017364018817026404
17442,0.003311668773825558
17443,0.04161293415544679
17444,0.0029366719597073276
17445,0.005462646483432535
17446,0.9609700864934441
17447,0.0038924304364689353
17448,0.010306587464395162
17449,0.6209045052225595
17450,0.020725035487418806
17451,0.01809370430262547
17452,0.095863309200616
17453,0.02174981271275619
17454,0.5969866847449902
17455,0.0673801111254213
17456,0.015952262658590052
17457,0.015766416849755334
17458,0.02134616760549207
17459,0.19017284969951317
17460,0.02306103904848853
17461,0.08558683128993613
17462,0.5631051080773257
17463,0.007952158198477124
17464,0.7510888350350612
17465,0.002072695978690272
17466,0.022131115277009478
17467,0.04774033678674247
17468,0.011395412728006095
17469,0.008802735427313989
17470,0.1258028332266232
17471,0.6488741724765352
17472,0.008716207349957044
17473,0.009369736536221246
17474,0.01719747636547354
17475,0.8220566902897372
17476,0.00038790959020548114
17477,0.023982343485011375
17478,0.01698054796620067
17479,0.08731628485818126
17480,0.004649618021435309
17481,0.0067229474325286795
17482,0.03147387018385176
17483,0.4660319669489801
17484,0.09826649225848498
17485,0.0015762500301982204
17486,0.25750363754056516
17487,0.007830864651047608
17488,0.003862547602629612
17489,0.9780482552268794
17490,0.8180378316547108
17491,0.009848298585812792
17492,0.05215911375476471
17493,0.00781732475794623
17494,0.0032571056775531656
17495,0.09308156758857693
17496,0.01665739574606119
17497,0.2488781696536823
17498,0.012853036554867626
17499,0.7728283731034036
17500,0.0006401199167612959
17501,0.003596875993593549
17502,0.45483691187842534
17503,0.037276264368786345
17504,0.007030336918964936
17505,0.9935503347815979
17506,0.006468781286131368
17507,0.6495574781215124
17508,0.6977917384577793
17509,0.008363416984196827
17510,0.5744457147516566
17511,0.2060477220934341
17512,0.0982683888594407
17513,0.07740966869207772
17514,0.7655922586720798
17515,0.02158309711121006
17516,0.024971073574904686
17517,0.8216785729186041
17518,0.015409904335808966
17519,0.65965451822726
17520,0.18957950124151907
17521,0.776482012772116
17522,0.00238753715976948
17523,0.08862016525898869
17524,0.015196814582559936
17525,0.05371754684285453
17526,0.000987102122565476
17527,0.041943901805042705
17528,0.007474711856174433
17529,0.9809918072743158
17530,0.0576339202146251
17531,0.008252968194074005
17532,0.9867621926854359
17533,0.03931599974037458
17534,0.24675733870717387
17535,0.013037580682187619
17536,0.0068478842932496835
17537,0.004873190690323392
17538,0.002450450340269831
17539,0.06036854074662038
17540,0.5893860814387726
17541,0.5074480052203962
17542,0.014085116203475787
17543,0.032913206637734525
17544,0.0009518241885798267
17545,0.9421910967219109
17546,0.19200695704320514
17547,0.3471202563328184
17548,0.31291773828490976
17549,0.6285852183151897
17550,0.9773331862324138
17551,0.17246271652302983
17552,0.007805031485397854
17553,0.3078322371057128
17554,0.904356396820514
17555,0.07498505124975131
17556,0.018188072688747666
17557,0.023821208474154597
17558,0.002303957699465249
17559,0.04002250546116376
17560,0.0883810868766425
17561,0.005484418731316506
17562,0.3702163447733249
17563,0.5697166271150604
17564,0.006305311206681417
17565,0.03790431002215607
17566,0.0260839987640289
17567,0.21418345072176168
17568,0.008826468910490503
17569,0.23164890782700137
17570,0.0027972442579083895
17571,0.0021692528996815983
17572,0.000337416557473421
17573,0.02982767363174235
17574,0.13477129058401657
17575,0.7090167336730229
17576,0.05824879250709914
17577,0.5009310110477553
17578,0.8310659215937626
17579,0.0021671871662034387
17580,0.5836709858174844
17581,0.445021949378561
17582,0.004856286013455743
17583,0.004541515060613877
17584,0.016484212005116204
17585,0.03135711600756191
17586,0.038339744870009775
17587,0.030981430422547054
17588,0.008138148224257962
17589,0.06719665936828262
17590,0.25033010657794685
17591,0.3618975751054349
17592,0.021551812647647325
17593,0.20758566735440795
17594,0.006640350509468748
17595,0.040235829366010945
17596,0.015885278431678754
17597,0.009093070060873324
17598,0.19485100276713
17599,0.18317349363010593
17600,0.04118118700769974
17601,0.1351521255470361
17602,0.6158790557901591
17603,0.15573329818851653
17604,0.006850603353889858
17605,0.014420668106613002
17606,0.006036606544743663
17607,0.013912056143550186
17608,0.1479054690010526
17609,0.968093911570243
17610,0.017314856063129037
17611,0.5723055222214184
17612,0.015043182236818
17613,0.26775503250526705
17614,0.02411162663886167
17615,0.32387116060581417
17616,0.13926959814072332
17617,0.16162955908031962
17618,0.006751701617870919
17619,0.9615670448815903
17620,0.010838191304795191
17621,0.00699308425902982
17622,0.016628582697574286
17623,0.0007160088692659146
17624,0.027586463257643582
17625,0.9178228407047344
17626,0.07715610487976785
17627,0.9435596589559565
17628,0.026316408319564548
17629,0.16415474445643688
17630,0.6482478091378132
17631,0.00960529041919092
17632,0.9412672436126372
17633,0.0015867632379694405
17634,0.4841264949087292
17635,0.0355903784903239
17636,0.04685513807570281
17637,0.9835115697157979
17638,0.29984425376169305
17639,0.011306188843938268
17640,0.2942163676503658
17641,0.00622305374452805
17642,0.20829341737826335
17643,0.015904153094936823
17644,0.04359770218945807
17645,0.010276783138217569
17646,0.07903651783389462
17647,0.5942543069576179
17648,0.7712035777574798
17649,0.01325035682628798
17650,0.001159736607916559
17651,0.12391867593022765
17652,0.9996391600765764
17653,0.02585188815355976
17654,0.21177037533683807
17655,0.10475143950832184
17656,0.0044777382005548195
17657,0.040004871925949544
17658,0.031290161150600286
17659,0.9142590482741454
17660,0.021768223271608177
17661,0.10541697819865813
17662,0.05409719217006035
17663,0.1104906062925308
17664,0.22345363435968618
17665,0.0016510368289261942
17666,0.012833813372738223
17667,0.1959912097031149
17668,0.019463677878825962
17669,0.0785155973902397
17670,0.002730971562925309
17671,0.00040496957950277804
17672,0.10934548172796957
17673,0.008337498824934597
17674,0.003334388562699781
17675,0.05702750772801073
17676,0.8538138839165769
17677,0.007137967213681258
17678,0.01708200731125044
17679,0.004281024640106598
17680,0.02669800415665313
17681,0.28428012593211016
17682,0.628123563084415
17683,0.04823299766296761
17684,0.9613442093408838
17685,0.029720832413634577
17686,0.031762534459032675
17687,0.05928359279585748
17688,0.016772927272710236
17689,0.01335643261037547
17690,0.00601201387360395
17691,0.009551809334139018
17692,0.12881432061558537
17693,0.21881728866807335
17694,0.010890975696107183
17695,0.9415026405376034
17696,0.031293295679884967
17697,0.0040251431378683835
17698,0.47695126753782313
17699,0.0031624233217271984
17700,0.01272542718296936
17701,0.04437971705524877
17702,0.026479507129621493
17703,0.522187596836134
17704,0.001903464435909096
17705,0.009619379630527109
17706,0.996520530700888
17707,0.009792290915351193
17708,0.003507750898254154
17709,0.0006457076412349797
17710,0.004483712922892657
17711,0.004629942821075511
17712,0.08958250964236036
17713,0.008516236807917809
17714,0.011482779470883851
17715,0.032349220446430224
17716,0.001949311296302595
17717,0.09582289484018773
17718,0.14151480123046517
17719,0.2775853386903152
17720,0.7889646792694432
17721,0.48017276083368376
17722,0.0007804351607103129
17723,0.006908500138120611
17724,0.05659531509352583
17725,0.8444646101597783
17726,0.7454271673253178
17727,0.39072758288830833
17728,0.12696740788534666
17729,0.06353787734744944
17730,0.625839889814321
17731,0.45836749577856645
17732,0.0025764560248429966
17733,0.0674885865619344
17734,0.17999857373617456
17735,0.6024478838336987
17736,0.007406407593298655
17737,0.05283917148180117
17738,0.5533222964352551
17739,0.001208131304132011
17740,0.07641058347669545
17741,0.006220671835837577
17742,0.0678338394976667
17743,0.021288421456331547
17744,0.05515506679806918
17745,0.0017261570476030024
17746,0.12677896831858307
17747,0.22016890078462115
17748,0.014010714906174265
17749,0.006909404599854041
17750,0.010507548269032083
17751,0.00990999055421721
17752,0.0671368214806551
17753,0.5005623047223882
17754,0.02758974878826912
17755,0.002305687823987756
17756,0.23308540377685366
17757,0.365437886052326
17758,0.02157847949651661
17759,0.18453722823171878
17760,0.42123861859415246
17761,0.07982334290498447
17762,0.026162536873663635
17763,0.01117976126255798
17764,0.128625778728887
17765,0.8242487063433716
17766,0.2706197343139511
17767,0.9274638036009114
17768,0.6365304606441311
17769,0.9861239973489114
17770,0.0020428760854500233
17771,0.1091287239232714
17772,0.0916291316224433
17773,0.0019226299637329853
17774,0.21519350486805558
17775,0.6357237191727002
17776,0.3604377155122538
17777,0.002172344800119074
17778,0.004477808587810913
17779,0.6830227097258253
17780,0.00887256639631432
17781,0.7831754581930538
17782,0.04116063452218399
17783,0.009140539556770076
17784,0.04060392073299839
17785,0.0036712441602068076
17786,0.0950521047223762
17787,0.8957628100014857
17788,0.023974209314056624
17789,0.06270086275523128
17790,0.019748317896061664
17791,0.04833600799943816
17792,0.0317190109934161
17793,0.3304131569397195
17794,0.006355106565557816
17795,0.016158593254687822
17796,0.01567079584160637
17797,0.8938951466169999
17798,0.6729931911140554
17799,0.005978383388591311
17800,0.10164065807716617
17801,0.2595330084371996
17802,0.009526895631899901
17803,0.09237562695261704
17804,0.005817275213594603
17805,0.02884913029329603
17806,0.8417910426077253
17807,0.032710806115723384
17808,0.003100155088470493
17809,0.770848645292469
17810,0.0013497624875385334
17811,0.9999335684953315
17812,0.022714359402801775
17813,0.01509547344392788
17814,0.012097759935878952
17815,0.12532267963380822
17816,0.26159334547637497
17817,0.014930628239506201
17818,0.006854125972072522
17819,0.5298586274790703
17820,0.10144331739137272
17821,0.157819444408503
17822,0.000385184503374767
17823,0.507940158571332
17824,0.0008256119793370394
17825,0.02468168872007862
17826,0.026333277270601314
17827,0.06160845476048625
17828,0.01378777764884327
17829,0.007345511196632992
17830,0.3341347765690604
17831,0.15913705456745805
17832,0.0007413892158357262
17833,0.7857681191074246
17834,0.001236843619220034
17835,0.790469038834835
17836,0.050171540421550996
17837,0.17669551530683478
17838,0.850406136623214
17839,0.07113346306108057
17840,0.008266455665220761
17841,0.26286544236373743
17842,0.023639116878085214
17843,0.08126869172729684
17844,0.10248373227146067
17845,0.606707243092484
17846,0.00751720282016194
17847,0.04012363793655239
17848,0.03570497659000628
17849,0.976131703038419
17850,0.4210385596563095
17851,0.035044653430083894
17852,0.0023151474752183794
17853,0.012277353553190047
17854,0.01284048909946734
17855,0.015574953560432965
17856,0.5357348165741842
17857,0.07748773712303847
17858,0.032160514492404715
17859,0.02403969313534842
17860,0.6342280198768581
17861,0.0482869360751453
17862,0.8745721890369973
17863,0.01895350700939845
17864,0.01380356784877791
17865,0.8871502950907896
17866,0.07946981233032233
17867,0.7186894181788519
17868,0.013375721548789792
17869,0.004645489201027376
17870,0.04800144185415361
17871,0.0063560550319364875
17872,0.004766883845468862
17873,0.01044997094194313
17874,0.20033154824892302
17875,0.030973325220911133
17876,0.08284400296665506
17877,0.6199971192039296
17878,0.01626089686957894
17879,0.008348117111814258
17880,0.0007808153256559135
17881,0.009218385946641691
17882,0.1277915905889679
17883,0.1346203660511731
17884,0.05768481074264894
17885,0.3145845543350174
17886,0.07960090702066076
17887,0.0073455548104433355
17888,0.7077715345436436
17889,0.983519835890326
17890,0.024101966651906212
17891,0.0025435498557893647
17892,0.578373605771468
17893,0.9661753401530827
17894,0.4202727083642967
17895,0.18947180037246628
17896,0.24322005632785054
17897,0.08525412659994877
17898,0.28544495874167447
17899,0.00533276565175218
17900,0.019640300525811415
17901,0.03076526984890217
17902,0.008134645840273026
17903,0.0059047689382826524
17904,0.022670396457129777
17905,0.9413031169219893
17906,0.0019936127528968135
17907,0.011009536233963604
17908,0.9026572469725939
17909,0.008518900010679526
17910,0.10498454825234915
17911,0.4113105684573923
17912,0.7076859031524259
17913,0.008728909199164596
17914,0.6868744117152275
17915,0.019277470135455454
17916,0.016850134582221312
17917,0.028540687654969324
17918,0.010027217105264948
17919,0.004445260423440999
17920,0.020689418130126896
17921,0.19406141030014049
17922,0.24580641415480312
17923,0.0014692041884719982
17924,0.11967398406040047
17925,0.022611115235353346
17926,0.009788001506251824
17927,0.0030106239758569083
17928,0.1110650534136368
17929,0.12098964826347706
17930,0.5044481645435622
17931,0.46934502634951486
17932,0.7176571667916435
17933,0.017695129478077457
17934,0.0031348744653981533
17935,0.5188952220533652
17936,0.0008335714139335486
17937,0.5402112693706932
17938,0.021487473403651487
17939,0.04576665588716202
17940,0.08991137265776988
17941,0.010458782580443172
17942,0.004071313283404513
17943,0.07218926891783319
17944,0.886619429818449
17945,0.6056004803212285
17946,0.0026156659323822657
17947,0.05376528684917816
17948,0.24748958644228156
17949,0.002138964274704415
17950,0.021896526188890417
17951,0.049768965189342707
17952,0.0015067675670967595
17953,0.74537022389535
17954,0.04503404738546705
17955,0.012442527316888727
17956,0.0038272333724573516
17957,0.01173576012099498
17958,0.23513818275188983
17959,0.9286015741532605
17960,0.9919886786762016
17961,0.0031664617633867785
17962,0.00791012027468057
17963,0.4777393077904599
17964,0.0186665094846474
17965,0.0026112815665842387
17966,0.4777615187329796
17967,0.06210219412407318
17968,0.0294198614381313
17969,0.016770703016727454
17970,0.1786599485107111
17971,0.0008891752217949789
17972,0.13384013814389964
17973,0.035702137511711016
17974,0.02812816096286042
17975,0.05930281308997965
17976,0.006400631156610427
17977,0.04061939209768657
17978,0.02496039685310741
17979,0.013452645536977025
17980,0.009662088118521376
17981,0.5652745316673564
17982,0.006349735164811502
17983,0.008648006522189406
17984,0.017582825234557013
17985,0.17274676373349987
17986,0.0031262466998788043
17987,0.019501275203799222
17988,0.01870066966411037
17989,0.0053750050024627075
17990,0.0011280565514303455
17991,0.001056364351563458
17992,0.05026562808647577
17993,0.22372236929937586
17994,0.007526573953153672
17995,0.020397195036560564
17996,0.1961200452759554
17997,0.0646966065474373
17998,0.004428837246633549
17999,0.861464340142076
18000,0.0005797144345389808
18001,0.9124981026143689
18002,0.16429179229461977
18003,0.02051779996795145
18004,0.017137604195693955
18005,0.1424766075375851
18006,0.139578918077753
18007,0.0013951882862732006
18008,0.06560588653712617
18009,0.005707739567006433
18010,0.09546322314183621
18011,0.009929558359294188
18012,0.03589949264599652
18013,0.11709506760904985
18014,0.025240135899124844
18015,0.007509564587098792
18016,0.015738905257190672
18017,0.0077768539932298476
18018,0.07114840385771648
18019,0.1274665289601995
18020,0.002703580441853403
18021,0.43119896652644324
18022,0.12650665590351237
18023,0.11021149824619589
18024,0.9065068037395935
18025,0.00911097745515203
18026,0.3023273166791076
18027,0.06758961285201896
18028,0.004368369220437346
18029,0.9289102390965779
18030,0.019525119637780898
18031,0.05521777271174376
18032,0.01110062423500426
18033,0.11549310548237071
18034,0.05323600051105504
18035,0.20786725300004508
18036,0.046358557214700835
18037,0.009031943872084877
18038,0.005358379143942325
18039,0.18190992272109358
18040,0.20704850686304543
18041,0.13449907713680379
18042,0.940914676835147
18043,0.09162663708144221
18044,0.022326626493265563
18045,0.0010273901877072371
18046,0.030230079378110477
18047,0.04659492197352761
18048,0.000867309430145031
18049,0.046598703832375556
18050,0.45055518287002944
18051,0.14099223175841133
18052,0.004923300159095154
18053,0.8803001289024882
18054,0.06547341409716334
18055,0.31435668193164323
18056,0.001630294640733108
18057,0.04784298062473488
18058,0.009887783125090548
18059,0.06328432648524455
18060,0.46051636641240656
18061,0.01955432530647721
18062,0.047852611492610476
18063,0.1206138129492286
18064,0.027281963812680412
18065,0.7356946896477491
18066,0.025606005344009305
18067,0.27345091185260784
18068,0.001458001941595626
18069,0.012423105405357307
18070,0.021248519144518606
18071,0.00503796816181128
18072,0.8605528853308839
18073,0.9214987082178342
18074,0.002609204634641252
18075,0.01058493159678387
18076,0.004141272236797736
18077,0.04385667369603896
18078,0.01736139853889161
18079,0.006150524782869763
18080,0.004770828269091692
18081,0.16382283763146732
18082,0.0427549419996281
18083,0.0014121228417052821
18084,0.14354782168050076
18085,0.10366449573337021
18086,0.9738875238887683
18087,0.3859061551978614
18088,0.5233463799314743
18089,0.00808980321124135
18090,0.002430734099873315
18091,0.9158552917722574
18092,0.6486529647955963
18093,0.07430993870878964
18094,0.6999252391172787
18095,0.011880938485611184
18096,0.02546404470089486
18097,0.0018256000375875955
18098,0.005719001455959183
18099,0.05887941495717424
18100,0.552499847313864
18101,0.9999999839992626
18102,0.0016303661174779628
18103,0.09793608406763005
18104,0.0129940585935188
18105,0.005216272398428123
18106,0.40784756240852144
18107,0.0029595541292707843
18108,0.02277620372509079
18109,0.20984984777290738
18110,0.0701983515881331
18111,0.16841506362891703
18112,0.31744634332011207
18113,0.002949464306908078
18114,0.02026353033827809
18115,0.027185406531218037
18116,0.0025136807474598604
18117,0.007280164642756431
18118,0.013807364545987744
18119,0.02480901823454292
18120,0.014351964832609925
18121,0.004825071878250864
18122,0.025101340255559244
18123,0.009708681782016127
18124,0.15032323727884206
18125,0.09097831397194601
18126,0.14250499863176422
18127,0.5262038923995639
18128,0.008729667869611822
18129,0.0008352600165871625
18130,0.293609359758387
18131,0.006805940659582957
18132,0.018073362809750918
18133,0.009839240704331061
18134,0.0010448577245200082
18135,0.042057718873655614
18136,0.898676794736679
18137,0.920377700310787
18138,0.08200553098104578
18139,0.05431035887957216
18140,0.2015984227010653
18141,0.0073193483290262444
18142,0.0005273755012670023
18143,0.9927739866127506
18144,0.01741095672161905
18145,0.014023680321543098
18146,0.5544190791863116
18147,0.03147990811841358
18148,0.5975887108618562
18149,0.0016529699828188537
18150,0.003374903636863439
18151,0.3187723370013273
18152,0.011957618717155274
18153,0.005899217871307744
18154,0.020856211762291115
18155,0.7415003573016559
18156,0.00028555854969482427
18157,0.25048737258405346
18158,0.8678937803940217
18159,0.025588602015959267
18160,0.6692258340316525
18161,0.05245075725761586
18162,0.11955746993681107
18163,0.011756455266804008
18164,0.18905940735592874
18165,0.1034278886000514
18166,0.13868997273468164
18167,0.637631459990357
18168,0.3686186364238586
18169,0.02430051142393063
18170,0.9155404553566111
18171,0.9813688042425186
18172,0.17768632270164283
18173,0.005382892377474934
18174,0.05559236941750329
18175,0.022067355357290076
18176,0.9464863162367901
18177,0.6361001382183495
18178,0.06581662023357512
18179,0.13961625396646185
18180,0.9996049192528534
18181,0.42889314211805213
18182,0.00019859379941829307
18183,0.2379899836694527
18184,0.01852306896173648
18185,0.5063092476743907
18186,0.003858474191312594
18187,0.0598290824428556
18188,0.9877289023429121
18189,0.25959319061186653
18190,0.9351401106201707
18191,0.028356770646974616
18192,0.7909700206368124
18193,0.017375440991550365
18194,0.00488775642095009
18195,0.9430005316052174
18196,0.009088686629343472
18197,0.010796600353640894
18198,0.4955633767337135
18199,0.013507171517796606
18200,0.4110776194948015
18201,0.5805614761356507
18202,0.3963350280005218
18203,0.5897597504340903
18204,0.04454519387812846
18205,0.002959960721074934
18206,0.043390466828980304
18207,0.15148368809235063
18208,0.017451025965580676
18209,0.007831786881265457
18210,0.008191468928175849
18211,0.06677960497203263
18212,0.021005882474116833
18213,0.19269329208307998
18214,0.9955740272222253
18215,0.02717179852397781
18216,0.48628790164707064
18217,0.5035352766384661
18218,0.1774771449316463
18219,0.029103529012221314
18220,0.47172243663539726
18221,0.07464773891216721
18222,0.000642753566259496
18223,0.43345055581892816
18224,0.7131400310493395
18225,0.004041487096226587
18226,0.5152740487863628
18227,0.022855984190771155
18228,0.000702686780977674
18229,0.5664951537480106
18230,0.009972911516082667
18231,0.8050719201164903
18232,0.9175121139549605
18233,0.1353963560557182
18234,0.8063668271247103
18235,0.7698346059749627
18236,0.010539024533731556
18237,0.3407104117787073
18238,0.02828369418224697
18239,0.08325405206147911
18240,0.0319761844496388
18241,0.6849424437852047
18242,0.02162873664863341
18243,0.027387281380911396
18244,0.7326864556004549
18245,0.13148262361964666
18246,0.06320280585203598
18247,0.07539782818755124
18248,0.3832557877089551
18249,0.047560414376399775
18250,0.0022362385906417185
18251,0.0204055087868767
18252,0.009222331196479777
18253,0.8047868295289123
18254,0.39039793570869097
18255,0.914223171634061
18256,0.006642037839610775
18257,0.0015573781175221343
18258,0.09278548147879846
18259,0.006304328156885757
18260,0.006418820423763418
18261,0.0009116749958531091
18262,0.021577379120434528
18263,0.38577004089676536
18264,0.0075871747480379705
18265,0.37452030961250193
18266,0.4326118091633593
18267,0.7336373578439467
18268,0.0015733619834689958
18269,0.999581774934055
18270,0.1073961558453724
18271,0.06595054225389503
18272,0.5994030631173354
18273,0.012965755491227776
18274,0.024644862385296624
18275,0.014134421651890187
18276,0.7348165364844876
18277,0.030872358424867574
18278,0.017969761784152806
18279,0.003803383238503323
18280,0.05366950249303085
18281,0.08468493862956236
18282,0.03349052604509234
18283,0.16283891007984444
18284,0.1461641119884411
18285,0.009662621370107887
18286,0.09293729320198718
18287,0.004016853266827709
18288,0.014409060091603348
18289,0.611923293252689
18290,0.0030331208395155047
18291,0.0027326222901241444
18292,0.041793507638629136
18293,0.0685595288578611
18294,0.014717605311643909
18295,0.1408580556154474
18296,0.8916717494258644
18297,0.00449400797852159
18298,0.03317055502283836
18299,0.20730553238429747
18300,0.24821012739911372
18301,0.0016980929352670795
18302,0.7565201861083031
18303,0.04754625665096214
18304,0.008087084174223382
18305,0.7925675435617316
18306,0.06430548059746373
18307,0.03513300031925146
18308,0.9224265292725108
18309,0.000913145479556418
18310,0.08494738828661849
18311,0.13209226288168877
18312,0.008124064050662787
18313,0.00717105705046551
18314,0.04551903348206473
18315,0.024163159366288326
18316,0.012089441934982187
18317,0.027111372899965035
18318,0.0023594835405795628
18319,0.0033823662919079322
18320,0.18353633474195835
18321,0.22853278330869775
18322,0.7183198084827896
18323,0.044016293563370314
18324,0.8349190148656066
18325,0.9731365070081368
18326,0.07559314923969672
18327,0.0590152906263153
18328,0.03405652441397382
18329,0.2504515850831146
18330,0.012912995310394318
18331,0.31234741525216503
18332,0.00944731829391883
18333,0.01785948180837473
18334,0.0030308429451544674
18335,0.19305564078148682
18336,0.03779086206208609
18337,0.8064117485730606
18338,0.006610336140101349
18339,0.006684423634852358
18340,0.056364652872917365
18341,0.008676132310133288
18342,0.08949661275199025
18343,0.009117396835690442
18344,0.9879873494791814
18345,0.8277291333707553
18346,0.04389642877523272
18347,0.029874011707556387
18348,0.0015469149588304791
18349,0.03190944209714507
18350,0.5380485681121742
18351,0.0038274106142239584
18352,0.04975051850946118
18353,0.03493305378499738
18354,0.007229875363463849
18355,0.003362508004543689
18356,0.015347478591048014
18357,0.7717197583597114
18358,0.21693025610456815
18359,0.02646938150208464
18360,0.015048516219880645
18361,0.8819534210275592
18362,0.022301950503646535
18363,0.003781088626451853
18364,0.6112873969718537
18365,0.864339049000679
18366,0.7039693088474095
18367,0.003391593997037953
18368,0.0024826973324150277
18369,0.039484344504415986
18370,0.2637026371647309
18371,0.7573098565937941
18372,0.008121979173043454
18373,0.06703410935061596
18374,0.01849327011433474
18375,0.1957829347174466
18376,0.13854691444738404
18377,0.006721929416937084
18378,0.1447911919277941
18379,0.0074344878437360125
18380,0.45012614082806024
18381,0.9693030343401625
18382,0.20616530074650033
18383,0.29769728621028946
18384,0.0040869336496423105
18385,0.0021187843426819877
18386,0.9221312070276877
18387,0.7797113448562336
18388,0.35116647363537995
18389,0.0102548194405973
18390,0.42310178538266213
18391,0.2160310937881844
18392,0.15145286826221707
18393,0.15903757015246256
18394,0.06287681286569483
18395,0.3296005951826481
18396,0.6362993321722783
18397,0.004144389886625986
18398,0.9593035659282301
18399,0.32484259555482015
18400,0.13698939188019005
18401,0.0013805952525527345
18402,0.5097781319955859
18403,0.38857318699457594
18404,0.01987026200136525
18405,0.04989603604081444
18406,0.8501389305360854
18407,0.09831849594071883
18408,0.7135423077886013
18409,0.01707020735222361
18410,0.035922684640968844
18411,0.00378245916889557
18412,0.007998323993445498
18413,0.9379095996528298
18414,0.14187973613217714
18415,0.008849473066963695
18416,0.12488303033599248
18417,0.0007665433448278892
18418,0.9888469301760798
18419,0.5318018399910324
18420,0.0055058421127100405
18421,0.9015991661502105
18422,0.007812833317716428
18423,0.04439912687517546
18424,0.5439850353212315
18425,0.9995525011221036
18426,0.14902017836330173
18427,0.6933476994406405
18428,0.001543019468737167
18429,0.18642322236227685
18430,0.8671696773487378
18431,0.0008058735353955898
18432,0.0029379064927664345
18433,0.015249113565302338
18434,0.007982899138712661
18435,0.1625705063024619
18436,0.3103561954930814
18437,0.008584105766041322
18438,0.05473711304638314
18439,0.027991694177750777
18440,0.10018332651217257
18441,0.15247936436253523
18442,0.10868538278286105
18443,0.027817348534515493
18444,0.22910707480103581
18445,0.8527371884470886
18446,0.8868832722188653
18447,0.0027605945818805076
18448,0.8427595984445709
18449,0.0114694632016634
18450,0.15050416954398652
18451,0.0004301211554787508
18452,0.8817948227760743
18453,0.03351145200607141
18454,0.8822366607359781
18455,0.4157105176242672
18456,0.004415636496827952
18457,0.04200275384465233
18458,0.9067236742427253
18459,0.6064773168394252
18460,0.06240858224635301
18461,0.14641493821663004
18462,0.06560473592898339
18463,0.008931474827152095
18464,0.0029998546834398665
18465,0.0027170034867351244
18466,0.017214136801075322
18467,0.0901625325029529
18468,0.6074847500426985
18469,0.006382306463072405
18470,0.3861434926475635
18471,0.9203271277185424
18472,0.006341493428148436
18473,0.03392840826494804
18474,0.003418549201708657
18475,0.05812226731351979
18476,0.1494337657897655
18477,0.0051232538477428815
18478,0.975448937600883
18479,0.014798323530012704
18480,0.9448415678693007
18481,0.01008762870635643
18482,0.6731154931635339
18483,0.0014702362306794777
18484,0.15425827914031867
18485,0.9873059167278385
18486,0.09764063598343385
18487,0.0025566547911489296
18488,0.8726016423672082
18489,0.017466828334321064
18490,0.0043636708622458035
18491,0.002092964966174766
18492,0.8201217778885008
18493,0.043836437334980216
18494,0.20907836906136854
18495,0.9094171050304748
18496,0.08099624716175507
18497,0.030536722502254914
18498,0.8089865236637556
18499,0.0005286800790862904
18500,0.48038015831360326
18501,0.7638478980781654
18502,0.02586609741965539
18503,0.010609919657200572
18504,0.00871519967408624
18505,0.00889336150017849
18506,0.07219336407344945
18507,0.1133374997427721
18508,0.0171495428554495
18509,0.0032850797405417622
18510,0.30294975452787737
18511,0.00527294140352113
18512,0.05156340606504201
18513,0.8387783598253984
18514,0.0010815520029053385
18515,0.02049685969173937
18516,0.12816766033299032
18517,0.0005135221774868945
18518,0.03365553632258655
18519,0.048755057298496975
18520,0.0012455493087610001
18521,0.04870565537349099
18522,0.0034839809349245412
18523,0.0007643579162715232
18524,0.04132448577874762
18525,0.00757691612600361
18526,0.3300973426065502
18527,0.9825202891622179
18528,0.003822991509615722
18529,0.004685547839361621
18530,0.006449857085945699
18531,0.01744443508751821
18532,0.15851543995306092
18533,0.002045760089896206
18534,0.4391131574494073
18535,0.00334944745251844
18536,0.003083950830094705
18537,0.5610595605607083
18538,0.5194730656484399
18539,0.03821196938115348
18540,0.33652301916685823
18541,0.0028231168911861983
18542,0.40778335470197974
18543,0.017077099361875066
18544,0.11507000696040953
18545,0.024364920328541068
18546,0.170403098611155
18547,0.052058769101171944
18548,0.8590423052009869
18549,0.9738462655182443
18550,0.9987444436910571
18551,0.019204652463163233
18552,0.5095483516792704
18553,0.5981149497940915
18554,0.06802608515422828
18555,0.005923795202992622
18556,0.002740339037395945
18557,0.010973851789688422
18558,0.011854252293342209
18559,0.7858357339013118
18560,0.1966295611883121
18561,0.013647461962095282
18562,0.5133660881558233
18563,0.0513928381051209
18564,0.7912516863703524
18565,0.005885032203436039
18566,0.00555656953350948
18567,0.028641974591992102
18568,0.0007248123694680443
18569,0.0073952512220577865
18570,0.3679884093606889
18571,0.002796971886511983
18572,0.0017506608429117504
18573,0.017055198388027562
18574,0.12855367347778313
18575,0.03588175528711994
18576,0.006030401895040634
18577,0.05791736933446191
18578,0.012460509436764735
18579,0.09370017539201306
18580,0.06493027144277622
18581,0.005069749747293106
18582,0.046347995816640536
18583,0.02144171049571934
18584,0.21196193630322507
18585,0.030357711385890433
18586,0.1521006571338124
18587,0.018627350729234774
18588,0.6602170773860624
18589,0.08405151756875219
18590,0.010351797865064329
18591,0.2445125061771979
18592,0.4709435535114575
18593,0.021306739268245806
18594,0.05348467650766378
18595,0.967898857728229
18596,0.2977688663269195
18597,0.03191705304965235
18598,0.6060012243081252
18599,0.6498002852371111
18600,0.6830071732605444
18601,0.005884431091940715
18602,0.00029068299704576784
18603,0.009689440317536494
18604,0.6856868069544523
18605,0.020003021082542104
18606,0.033689736567118586
18607,0.12102625657950108
18608,0.8514133664440439
18609,0.4001648964770721
18610,0.35176562637375863
18611,0.004098269572481524
18612,0.04030631690921178
18613,0.964397213427477
18614,0.01744893315828291
18615,0.6567760682649296
18616,0.004890513062709111
18617,0.9409841409253988
18618,0.015807381718756883
18619,0.007183977229369177
18620,0.016238396853002803
18621,0.0034685071008841483
18622,0.013408718024292006
18623,0.12319450437503415
18624,0.040077960546703116
18625,0.010038058466274102
18626,0.0013745813717265917
18627,0.09869123407756158
18628,0.0038809027794727137
18629,0.0633991978027132
18630,0.19334837284737266
18631,0.6917790481228989
18632,0.013014532483248284
18633,0.012708779225324157
18634,0.43855583804748
18635,0.0026271263008334766
18636,0.33845433685552606
18637,0.2085581329747727
18638,0.013980099589936509
18639,0.09395081183674157
18640,0.4327553578135852
18641,0.0020351195206253503
18642,0.6644289756088445
18643,0.011552331991804669
18644,0.006233954621326748
18645,0.005812578410919139
18646,0.3290927572419932
18647,0.007551343855050939
18648,0.12698994201839717
18649,0.004931356082446023
18650,0.13532822971107702
18651,0.07813065789095643
18652,0.006846300574670506
18653,0.006532021898787344
18654,0.23530479243878238
18655,0.06574746371913745
18656,0.06670601570545077
18657,0.003153060780399455
18658,0.0599527307484217
18659,0.012204294257792578
18660,0.0009428229315945896
18661,0.014224516461929093
18662,0.008295499007759092
18663,0.030238186228953988
18664,0.017657774381152968
18665,0.020084576527437885
18666,0.09437243607061031
18667,0.023292939930185292
18668,0.020588796524405123
18669,0.02207601839897145
18670,0.10847416109226962
18671,0.004545309267397478
18672,0.9196908305765851
18673,0.6464589936368914
18674,0.006665192424107777
18675,0.6765149181853384
18676,0.004681263947007042
18677,0.004715487496849537
18678,0.036790350588703426
18679,0.029676850072886063
18680,0.5018323955502628
18681,0.0372965035618975
18682,0.13272481608940573
18683,0.10083301949942389
18684,0.9686917945169823
18685,0.0020676309061913737
18686,0.17352026564404155
18687,0.9194540397600345
18688,0.03700075946297945
18689,0.13817446220442486
18690,0.006155868696479239
18691,0.11142733608551764
18692,0.09564209983378744
18693,0.5176628644587686
18694,0.07382799967004451
18695,0.9999999999947764
18696,0.40595103761173
18697,0.5382103694240064
18698,0.8813933734831549
18699,0.013938109569432106
18700,0.0012667055706983884
18701,0.048324382877383804
18702,0.3746099827751968
18703,0.00045263192298574653
18704,0.6123468590872522
18705,0.07496714572602764
18706,0.04589076415230242
18707,0.31892104408625427
18708,0.009574398399235405
18709,0.8117681351744669
18710,0.06333871115579083
18711,0.034705949775844305
18712,0.01904608542863282
18713,0.006927365888010974
18714,0.16718371672683763
18715,0.004756505975690069
18716,0.5998306737429692
18717,0.03497767752717337
18718,0.008768506562575579
18719,0.0054595573012539336
18720,0.07279816931603506
18721,0.02192986102571836
18722,0.0024775673314757435
18723,0.6574096476438489
18724,0.6333377197075745
18725,0.9122294233722794
18726,0.20077571819218032
18727,0.020015389985994014
18728,0.38403822694623396
18729,0.6010284298231695
18730,0.003306507591865169
18731,0.9435726298685272
18732,0.0006548838320241623
18733,0.9649655094245276
18734,0.009390427854107125
18735,0.12582203806799813
18736,0.13079992009681057
18737,0.2875450528393509
18738,0.16997432294170228
18739,0.004160059865808793
18740,0.011006683081965094
18741,0.0030490512868826826
18742,0.38441719807303204
18743,0.020761728031262326
18744,0.002813185538448319
18745,0.0018118035722438067
18746,0.1325606091177511
18747,0.9999998554724143
18748,0.9603823371550715
18749,0.6515546266824873
18750,0.011389459511350454
18751,0.0406291406566418
18752,0.0003623669703262176
18753,0.49531626883332586
18754,0.047875248376326104
18755,0.003041242841310398
18756,0.07065328752880033
18757,0.032131211690067704
18758,0.08643194501754936
18759,0.3649722972273149
18760,0.005018259628381737
18761,0.005304116502210178
18762,0.28352711586993934
18763,0.5872729558703411
18764,0.013751288564633356
18765,0.0410543622450236
18766,0.25105527122278637
18767,0.12708308644494481
18768,0.03597946968626765
18769,0.007430530232881986
18770,0.004833247372576047
18771,0.008800328702400318
18772,0.04026597431062042
18773,0.04944608890908991
18774,0.11084602174160842
18775,0.005485651539503294
18776,0.0014185897496740943
18777,0.02460945649581513
18778,0.007938584479916456
18779,0.002595130128698001
18780,0.04588077526438862
18781,0.013077661348473619
18782,0.01077404522558237
18783,0.5195834554469423
18784,0.8600496080719819
18785,0.00544774852059392
18786,0.023272691862461944
18787,0.012803680764662945
18788,0.4430582889630572
18789,0.20379361111594302
18790,0.6757005919367164
18791,0.0010496235756905468
18792,0.019950747508890587
18793,0.018626277634568533
18794,0.005966210033977494
18795,0.3295237236444399
18796,0.04257142711747409
18797,0.019133616570376863
18798,0.009091466973945207
18799,0.011664748724606589
18800,0.006918285412062031
18801,0.01216707423772866
18802,0.7917336263154817
18803,0.028906680798900502
18804,0.03067111965358501
18805,0.10336559442472036
18806,0.056294798520404775
18807,0.07616496754218506
18808,0.24485156884774312
18809,0.01737191345526966
18810,0.20674704107698763
18811,0.02544136400275709
18812,0.012854013326708552
18813,0.02786184609295012
18814,0.03400569179655137
18815,0.020861600093261
18816,0.008753579258539684
18817,0.00968575768605444
18818,0.02514654636972924
18819,0.009942595226233093
18820,0.09995989418267248
18821,0.7723588079143124
18822,0.06290440750670874
18823,0.06962927391798879
18824,0.9221038563303778
18825,0.08860821409284758
18826,0.5665626710828636
18827,0.8023079140787436
18828,0.018995615823704525
18829,0.00579164908073069
18830,0.031148779968918825
18831,0.9286828156018906
18832,0.854215560460984
18833,0.009659637906076645
18834,0.6457583502620342
18835,0.4650876414385926
18836,0.49082057811769614
18837,0.3532968967199757
18838,0.1001261677021735
18839,0.13469723819411247
18840,0.008559270199112432
18841,0.0023594084214699326
18842,0.017163443975977
18843,0.007254904676558848
18844,0.14043390129405195
18845,0.0855862511316829
18846,0.017383038304496314
18847,0.6621526332846558
18848,0.03967685329461641
18849,0.0018928737688372883
18850,0.8272214162501061
18851,0.004507045073555246
18852,0.11665673778762212
18853,0.9984046868691544
18854,0.11219332871558091
18855,0.08741206193131779
18856,0.047073730034188514
18857,0.13880157826402412
18858,0.0017839856733902026
18859,0.0037038880030374013
18860,0.6356246720918232
18861,0.007140430129272749
18862,0.012044633492311016
18863,0.1550994502526966
18864,0.11295821412479573
18865,0.0024999788889161177
18866,0.05403665384908012
18867,0.003554725055628984
18868,0.005084198309355728
18869,0.026945334201195954
18870,0.0740107970663665
18871,0.016905856338144436
18872,0.8445272846680192
18873,0.6176449365187439
18874,0.012601051159738221
18875,0.011419616824232674
18876,0.9703463184382581
18877,0.006481198566476585
18878,0.4496350662928747
18879,0.09187306149159694
18880,0.6390060229780313
18881,0.056071412382802534
18882,0.4156542403098684
18883,0.36279107352417195
18884,0.9222820086701271
18885,0.999999970362405
18886,0.9937672313840992
18887,0.010912387268189865
18888,0.03052514151024478
18889,0.03304108223500843
18890,0.2852248977104802
18891,0.0021555837023134487
18892,0.006170575252356877
18893,0.01154119080239815
18894,0.04473376833924786
18895,0.3336456729815389
18896,0.593351096454049
18897,0.0210777576060615
18898,0.01574397392525272
18899,0.008848795009628808
18900,0.059489734136342044
18901,0.23128901556557763
18902,0.00917049503563627
18903,0.010777831422527952
18904,0.02316119786866968
18905,0.0017055441580133153
18906,0.0918806736896368
18907,0.0021325964997135297
18908,0.006945394795977009
18909,0.6463225996274692
18910,0.35525905586910667
18911,0.23212677679212218
18912,0.6814864888641011
18913,0.07566958255257532
18914,0.1303104743949982
18915,0.05709830738508463
18916,0.7075962967173212
18917,0.0017228618494749195
18918,0.9671015818539542
18919,0.4591322562732816
18920,0.2496763654925543
18921,0.146406186025419
18922,0.6682576262096288
18923,0.9312496815894403
18924,0.01985387269854801
18925,0.5985118286131763
18926,0.025629423932358397
18927,0.0031675585976109477
18928,0.21223301836895528
18929,0.008941587798251362
18930,0.14411291668777418
18931,0.9455251440522792
18932,0.03928051995482719
18933,0.7825410037227402
18934,0.005987087824690329
18935,0.3753160732702619
18936,0.0017865714243634086
18937,0.002113259847426992
18938,0.21579029889706675
18939,0.8468635774842667
18940,0.014536573514470814
18941,0.02668691131461246
18942,0.03461536120145307
18943,0.00036266298537313224
18944,0.9379985736119758
18945,0.13842763710679118
18946,0.014833242165157481
18947,0.0013529074074986784
18948,0.0019152267360778089
18949,0.008622944915889177
18950,0.5451539734371345
18951,0.9130655518683174
18952,0.16846927027836656
18953,0.00520648028005036
18954,0.00034856421979537124
18955,0.10528488657869482
18956,0.9426917506865404
18957,0.0020033728489454515
18958,0.030897625600824298
18959,0.002671967050536536
18960,0.03026715734516009
18961,0.01184442342878266
18962,0.01017687520446186
18963,0.07002811394070117
18964,0.0059156105405519695
18965,0.7679187675547652
18966,0.03478237179713102
18967,0.8086547566717055
18968,0.9222046501488655
18969,0.1452623358642289
18970,0.7612679990778767
18971,0.004538800436899827
18972,0.03104069554615468
18973,0.026034271506480595
18974,0.006403381829680384
18975,0.008857921101949953
18976,0.00966781826612951
18977,0.0679773612803597
18978,0.3400713331860146
18979,0.01745281324185863
18980,0.5408754929292933
18981,0.0828378801471184
18982,0.24982158006590174
18983,0.033143432805823526
18984,0.01218001036210258
18985,0.0014041518528848656
18986,0.9694606881957258
18987,0.002719668678019733
18988,0.000508261395565764
18989,0.11022371041754973
18990,0.32437209286125834
18991,0.01214146303728548
18992,0.9087303423044517
18993,0.010653214788465301
18994,0.1448830051440812
18995,0.13571174113842902
18996,0.7691787706775602
18997,0.7695453787483045
18998,0.12950477608497152
18999,0.01321670548832061
19000,0.18512565384318266
19001,0.026338569582007487
19002,0.01411992261014857
19003,0.00417408436566208
19004,0.9135861683419767
19005,0.13357270721355952
19006,0.2391405918146668
19007,0.004927094861617326
19008,0.92458050788044
19009,0.26806177435327666
19010,0.0062647408242497305
19011,0.03603414718165768
19012,0.006272749411913354
19013,0.0036798719154616413
19014,0.7738649460779854
19015,0.037839501457633005
19016,0.1924713066124649
19017,0.023527610347704307
19018,0.001468852066288629
19019,0.012724408377602463
19020,0.02724006279768342
19021,0.1468438646373955
19022,0.00942533118363077
19023,0.023790375283555428
19024,0.6844830416913334
19025,0.015550125361276812
19026,0.005003112934209968
19027,0.17067319289570043
19028,0.42879629697256677
19029,0.0041820907220520365
19030,0.23437571422115921
19031,0.022398097433587238
19032,0.0137972322570274
19033,0.05379943729646739
19034,0.0035112657443150228
19035,0.00782749950279922
19036,0.005309506657271532
19037,0.015172904896996258
19038,0.007115714030534184
19039,0.003778087834842827
19040,0.27401227036093734
19041,0.03814076673296605
19042,0.001180860028246226
19043,0.0020369912007428804
19044,0.04998063053280934
19045,0.9823429159224728
19046,0.0023309285032337337
19047,0.8103778682902292
19048,0.01068870086193654
19049,0.18272003160384806
19050,0.03194749410854371
19051,0.029594562548393613
19052,0.9715582419506871
19053,0.007678010576590389
19054,0.1138924384212373
19055,0.32433679350467354
19056,0.11619156545972359
19057,0.004841732021783161
19058,0.48456935255206857
19059,0.13860861117762385
19060,0.01282152199343973
19061,0.0033030324707330944
19062,0.018058715495988805
19063,0.001294911245719137
19064,0.05440874741633907
19065,0.027276578815206055
19066,0.5656222200518168
19067,0.02062117276198011
19068,0.010611382443972157
19069,0.018892674500933578
19070,0.23897824799741738
19071,0.6792394446273285
19072,0.2404857742074277
19073,0.902371612306616
19074,0.0008013748413263299
19075,0.4962198476449092
19076,0.15171267748306236
19077,0.06435366410362887
19078,0.009026493063299286
19079,0.27697247836212235
19080,0.0002936913246996206
19081,0.03736405811024424
19082,0.00476412548585338
19083,0.7120744170930985
19084,0.002025559411747632
19085,0.01723989770700213
19086,0.9025703597675547
19087,0.7291429355576484
19088,0.13690653028472913
19089,0.08229451715897651
19090,0.2405132454223285
19091,0.6334399041595549
19092,0.9148102444542426
19093,0.025827410673566593
19094,0.014235873176563775
19095,0.21203348086726087
19096,0.012630992612874481
19097,0.09029135463958601
19098,0.8634277282379689
19099,0.038316868578678116
19100,0.8138039525768536
19101,0.3677143207526281
19102,0.011184217512393348
19103,0.017075193126654394
19104,0.011163719680489521
19105,0.014620375100561595
19106,0.021283821457326692
19107,0.20684874872588624
19108,0.03053115631944471
19109,0.03756690166338791
19110,0.06858383501154426
19111,0.03120495315088318
19112,0.004988030567562353
19113,0.021597217591782143
19114,0.02607274671773878
19115,0.12595703400416086
19116,0.09702741562614095
19117,0.06412256368926236
19118,0.022009587243899276
19119,0.26216922649229496
19120,0.002849841774945343
19121,0.027487938672299123
19122,0.0013725648634570194
19123,0.024703402656866883
19124,0.014124987707334355
19125,0.019663993233148828
19126,0.031863787921332785
19127,0.0031714734882573514
19128,0.011543833396135518
19129,0.012798395911230174
19130,0.9120520943345743
19131,0.14586739359223008
19132,0.4863531151769315
19133,0.006013189743090039
19134,0.00046659363997484125
19135,0.7642972524231321
19136,0.41369343685889964
19137,0.0062088638256956
19138,0.01206236792613524
19139,0.001536107617584098
19140,0.06009433940384733
19141,0.30460242723874564
19142,0.7865271573819053
19143,0.5064397461876524
19144,0.25664668137820434
19145,0.0016072382809630837
19146,0.0014506456250726284
19147,0.005381498601977092
19148,0.2538496118491023
19149,0.05026000370524141
19150,0.006251957572026308
19151,0.01193608254437347
19152,0.8538737635107757
19153,0.9547120315808157
19154,0.06748922621517897
19155,0.09970346513400542
19156,0.10641935489720249
19157,0.1714410041050141
19158,0.00681278421851502
19159,0.07678091363934303
19160,0.8475234380002448
19161,0.5399343154546014
19162,0.01752473619876327
19163,0.029804636107326338
19164,0.04688153202071149
19165,0.008696013879346756
19166,0.0007810622850448195
19167,0.06652128398692099
19168,0.749671588013708
19169,0.289734449948829
19170,0.805837812233145
19171,0.012087684118247618
19172,0.2515123397579009
19173,0.023940696449277616
19174,0.008006697410625669
19175,0.01863277137794066
19176,0.04124577956312863
19177,0.003749707909051369
19178,0.014962918651555416
19179,0.05550055377782135
19180,0.023203361608485296
19181,0.11729054961675532
19182,0.5508127335582991
19183,0.04712588502134454
19184,0.0681495061290786
19185,0.0008274698329644567
19186,0.005931774005744593
19187,0.37988623174679625
19188,0.021591107015775882
19189,0.010618503596276828
19190,0.037638121904446334
19191,0.2759096884823607
19192,0.7465809615539617
19193,0.01773615412873046
19194,0.09111502586293817
19195,0.06586992164133348
19196,0.9999999683676245
19197,0.03832394388340124
19198,0.1527414365565609
19199,0.9801607507150151
19200,0.8857672776044557
19201,0.27037994333675136
19202,0.72295328500201
19203,0.0028549530357424163
19204,0.005726764447657022
19205,0.07772953521698187
19206,0.008801843059521685
19207,0.9441622312957183
19208,0.0016533493409090873
19209,0.8467135227256262
19210,0.9045015925608345
19211,0.2645621013935338
19212,0.9871469960664023
19213,0.01648983078381907
19214,0.08739941779137402
19215,0.3269865905680724
19216,0.01610214572496659
19217,0.020054457646913652
19218,0.3197954150630374
19219,0.008077510510741698
19220,0.48970481926175546
19221,0.052861079449296966
19222,0.33442985482814624
19223,0.0021561072306137486
19224,0.48365567894121336
19225,0.5509979936059539
19226,0.49226410034858886
19227,0.3471010271387634
19228,0.0030125724771344086
19229,0.010884658057668826
19230,0.2942533844927753
19231,0.03903491728498818
19232,0.062178571753159016
19233,0.007210613333155493
19234,0.02767708462450438
19235,0.0033500213494481908
19236,0.024513913444798044
19237,0.2150920671946156
19238,0.010548388462560048
19239,0.004560673736095573
19240,0.0035065733036674066
19241,0.035456101434336876
19242,0.0037234685626614185
19243,0.9329062367478856
19244,0.02025847458891865
19245,0.13305676487074297
19246,0.00027242720754265846
19247,0.8266557336391747
19248,0.01000784017499648
19249,0.0027557093330424793
19250,0.013937450782303544
19251,0.012558032549890798
19252,0.0032724843527264357
19253,0.0005225667377444746
19254,0.006797920248593093
19255,0.08053737710990436
19256,0.04356954268948164
19257,0.042082447667602246
19258,0.9533761529494631
19259,0.9025087818082791
19260,0.793567988799058
19261,0.014575526178473274
19262,0.007122882376346294
19263,0.0006887629045290665
19264,0.35524762117314707
19265,0.08671876762318545
19266,0.014766788977473725
19267,0.009909601609527616
19268,0.4845307987514664
19269,0.04905400269451642
19270,0.07669628606054239
19271,0.14292704644260582
19272,0.46353735794111467
19273,0.004282734626376218
19274,0.0017134061472406305
19275,0.31045628510031903
19276,0.05362484566363081
19277,0.0012208765706452976
19278,0.6254413885096507
19279,0.0038795973722371346
19280,0.05175317277801872
19281,0.003170536986339565
19282,0.0017814088252906765
19283,0.0069667931291904454
19284,0.004963370505115516
19285,0.5455394101489794
19286,0.005280545294619036
19287,0.018706253765035062
19288,0.06323966943617472
19289,0.003766165219093273
19290,0.19427128504238164
19291,0.11412260584190755
19292,0.9855019588584301
19293,0.9166315724052634
19294,0.001998484584473566
19295,0.0016199136604880444
19296,0.0017641255664357985
19297,0.04025097526000467
19298,0.9700536418239384
19299,0.03174636935442099
19300,0.04079166535156051
19301,0.14956467539508658
19302,0.21841324835858705
19303,0.07371581511566441
19304,0.7663073771656679
19305,0.2661944462368004
19306,0.024097976342743178
19307,0.02343272697819549
19308,0.1971422508499819
19309,0.5153046539077489
19310,0.003598363929881846
19311,0.39530999896611857
19312,0.226107249793404
19313,0.14260471067659536
19314,0.7178311674713499
19315,0.041515400838959965
19316,0.1458503233816784
19317,0.16679944180328513
19318,0.22213439905342794
19319,0.1893271762310211
19320,0.0009361254463786414
19321,0.15654860939292667
19322,0.24508381958839529
19323,0.20667274751921222
19324,0.001910180295800079
19325,0.2578899521715266
19326,0.6411358003884745
19327,0.005905711805258817
19328,0.008142757903759948
19329,0.006935826622106461
19330,0.0035765252886390837
19331,0.9789243668108689
19332,0.018630940861000287
19333,0.00667894896465594
19334,0.014815053970170567
19335,0.009944252171197472
19336,0.20259862121874944
19337,0.9605708990623426
19338,0.6556452484473225
19339,0.0026155662415106797
19340,0.22218562730737249
19341,0.1278529901699034
19342,0.001973164589558666
19343,0.021479091654930383
19344,0.02658708663962862
19345,0.08014365963373957
19346,0.00031513371369428205
19347,0.03999975302463126
19348,0.03805106936055372
19349,0.4740826472264984
19350,0.02559460959424749
19351,0.03795253827128197
19352,0.8533732751446157
19353,0.24048468234225512
19354,0.10038576877276757
19355,0.06459436229232368
19356,0.05928038085787931
19357,0.024576461519620438
19358,0.1333097376126632
19359,0.09938718640675807
19360,0.34061773577981097
19361,0.00814306295021259
19362,0.6627881036711638
19363,0.15935648227353502
19364,0.22490060709967957
19365,0.4537953285740732
19366,0.006491358905509929
19367,0.801789831634819
19368,0.2884600995716915
19369,0.08133839843068723
19370,0.00454428001665737
19371,0.655611703279137
19372,0.008062550735038188
19373,0.012959484736236622
19374,0.02975480246966568
19375,0.017026158425977416
19376,0.001242146409237026
19377,0.8815918783197626
19378,0.18356510544654764
19379,0.003268560239738913
19380,0.0019278675493307326
19381,0.007057015567778286
19382,0.024373110332756187
19383,0.014189051479656531
19384,0.002572288940923635
19385,0.052071027269018695
19386,0.03360855528334059
19387,0.0025406611343575824
19388,0.12054352268044251
19389,0.9815827582945006
19390,0.6655270432840422
19391,0.7931151599068683
19392,0.015137379921145343
19393,0.015341570732297487
19394,0.22290394660048962
19395,0.16743483809064924
19396,0.016017176398852407
19397,0.6345378913601519
19398,0.13490087427334826
19399,0.0034504144743068505
19400,0.6485263866254543
19401,0.04722123816156716
19402,0.009307990796887563
19403,0.18648121640775214
19404,0.006788488903627018
19405,0.001441886109081585
19406,0.6969911710280025
19407,0.2338086937686926
19408,0.021738363926452436
19409,0.011683180939872877
19410,0.003599394136856471
19411,0.0006015141799133351
19412,0.011390578774993297
19413,0.002443860020978545
19414,0.6799002169298151
19415,0.0014319622161206409
19416,0.17069643918163172
19417,0.992533322724723
19418,0.0061144584249404384
19419,0.1879108041533469
19420,0.0780260633690622
19421,0.8454660392115
19422,0.09133732352993744
19423,0.17364749487828848
19424,0.7979703454480741
19425,0.004781484166070563
19426,0.007611041331555215
19427,0.05214235390114734
19428,0.013970747272889885
19429,0.05361798971416657
19430,0.007273154694538453
19431,0.04983510600917373
19432,0.0008492792775263993
19433,0.030251633286637204
19434,0.6603898418289881
19435,0.04212474286523588
19436,0.0012385701061749714
19437,0.9845470728368819
19438,0.0002757975933180883
19439,0.5102229500378279
19440,0.09400871292073351
19441,0.03806637868889457
19442,0.3076006294344071
19443,0.01468074253555225
19444,0.010359977515524168
19445,0.15736668683411587
19446,0.002514699890366616
19447,0.017358886515051932
19448,0.1404247909619285
19449,0.0028951956579850264
19450,0.043279245362873794
19451,0.603101537339245
19452,0.0038869217136880884
19453,0.02752617911395804
19454,0.7306192772022331
19455,0.5057369647236913
19456,0.764540773907909
19457,0.048841865239569876
19458,0.08118038683084879
19459,0.01140653653517402
19460,0.9919450369938774
19461,0.018450282673608407
19462,0.0010684550426419382
19463,0.0038404318642523342
19464,0.12139405016580315
19465,0.15475334129988555
19466,0.02338253513433571
19467,0.06466681013539957
19468,0.8933518796365012
19469,0.006048534508664497
19470,0.06698694379728289
19471,0.42657995591831127
19472,0.593011815696609
19473,0.014911375826195042
19474,0.057613335064798335
19475,0.1316778293040028
19476,0.002206885050814046
19477,0.9028127222557508
19478,0.14434015913437392
19479,0.003670016597513453
19480,0.06638975469033298
19481,0.6742879508671669
19482,0.01692516399709673
19483,0.005334927097314587
19484,0.0007184105837665459
19485,0.003929543315875853
19486,0.953468825491344
19487,0.06461119826487507
19488,0.06137199370397351
19489,0.3279152472691532
19490,0.004029736566362063
19491,0.2072315511666613
19492,0.12167978513160499
19493,0.2536033245400355
19494,0.486613457789592
19495,0.021747980428279797
19496,0.6459621449508688
19497,0.03524691419032458
19498,0.1133444767080718
19499,0.01167775028420383
19500,0.688916985487538
19501,0.008034124223419179
19502,0.9744070557899909
19503,0.5954925433239985
19504,0.9603564531069776
19505,0.12744647381971247
19506,0.20651091316732215
19507,0.6806017143149095
19508,0.0481454677950032
19509,0.010988172149374517
19510,0.0046727914630275945
19511,0.11390461376407493
19512,0.358773372052882
19513,0.035514969422098086
19514,0.00328713274264816
19515,0.717037784717309
19516,0.6438762178030831
19517,0.07135081236933909
19518,0.01269226308012756
19519,0.005849049512302621
19520,0.002075276950494401
19521,0.05648703441515373
19522,0.7865425227850946
19523,0.9999999999999203
19524,0.1694406685763313
19525,0.029775421900493152
19526,0.003614731788750342
19527,0.21939448604472622
19528,0.6183436084655451
19529,0.028203697067390558
19530,0.8415188641541739
19531,0.008531158788642058
19532,0.36806501287063625
19533,0.06682173466648686
19534,0.13217700810337982
19535,0.016138616616216624
19536,0.1741086711501118
19537,0.004371163634605543
19538,0.1029012365187866
19539,0.8406542331172547
19540,0.5054964995478294
19541,0.015504855019769486
19542,0.008613691233628262
19543,0.010562650431144016
19544,0.8195128897901283
19545,0.6008244690319201
19546,0.7195260435371548
19547,0.018717461800762558
19548,0.00475790458871964
19549,0.003396106542727229
19550,0.3643337165693614
19551,0.06983381011464038
19552,0.015750993741216628
19553,0.0038936903096256554
19554,0.10545178605532345
19555,0.015250191470039885
19556,0.012768330703056132
19557,0.9892140007578188
19558,0.0017869594964574512
19559,0.041534717585858694
19560,0.013649292241217486
19561,0.9654765569399432
19562,0.03455464282515468
19563,0.1394004764717083
19564,0.01761203759828115
19565,0.08382342592405365
19566,0.27510993110567517
19567,0.9257527162477915
19568,0.005507586849770001
19569,0.17763441636653202
19570,0.0037583619608431537
19571,0.00045946572424872853
19572,0.08869747172561729
19573,0.011553321345299456
19574,0.0008350198116886782
19575,0.23320973349245436
19576,0.90542990770258
19577,0.007893917523191579
19578,0.0037835249091357796
19579,0.3695844523713951
19580,0.014604326402199186
19581,0.5440564739169519
19582,0.08221941856967435
19583,0.007268011502141857
19584,0.04249422672877023
19585,0.001625099682628667
19586,0.2599676114496917
19587,0.1125686247649129
19588,0.021655049206937407
19589,0.039770774499837354
19590,0.22080691410979852
19591,0.15105862259040553
19592,0.035950479843333
19593,0.9693037126199524
19594,0.10372708006675746
19595,0.29586301280412336
19596,0.32007269181440307
19597,0.10235155458455614
19598,0.0005257727905831969
19599,0.004143040742110437
19600,0.04162435480495491
19601,0.8860200791696736
19602,0.9122339154429097
19603,0.9445935142683922
19604,0.04346124797677632
19605,0.21609627338464457
19606,0.0794143518181536
19607,0.013528498511202674
19608,0.057173862659715004
19609,0.048011833307035776
19610,0.31289984280836924
19611,0.5857842638799913
19612,0.3830347297258227
19613,0.0020820482630997746
19614,0.06143630537269547
19615,0.006992153707131999
19616,0.006048202061635485
19617,0.0018775237170212294
19618,0.43553162344905055
19619,0.053152105278917075
19620,0.026708035360034247
19621,0.08360748191314399
19622,0.9803962477711935
19623,0.004879313103702097
19624,0.168930538623379
19625,0.020537007055263318
19626,0.6331404869287928
19627,0.01691519370006366
19628,0.33068897304521805
19629,0.011692639810380474
19630,0.03618971550069763
19631,0.9944731026301822
19632,0.16838505245261687
19633,0.06702849167151462
19634,0.03148882198501566
19635,0.06720104127052738
19636,0.2781475833755547
19637,0.7731841005166985
19638,0.02694303723542484
19639,0.0013082900763693559
19640,0.010427215775041252
19641,0.0023581623644860646
19642,0.0076717177017427
19643,0.0012759783886197433
19644,0.010194698548148038
19645,0.39282559777470033
19646,0.03877069621752352
19647,0.0290225291441755
19648,0.04329396767763608
19649,0.4961625908400866
19650,0.002460409264201933
19651,0.0061082481942383825
19652,0.15045672055318154
19653,0.0006757644767549853
19654,0.9116907848604061
19655,0.023118201400075526
19656,0.11110348729016077
19657,0.01252442619460256
19658,0.9853577383532602
19659,0.0015210624777935175
19660,0.5176044095284672
19661,0.10000203809801086
19662,0.06812079023006531
19663,0.01918470849629065
19664,0.7160252046627009
19665,0.023192690601829397
19666,0.02481577129417425
19667,0.14584798836119112
19668,0.005309614313293279
19669,0.0032105800990599154
19670,0.23771937766786455
19671,0.4257731464672058
19672,0.09225478669982917
19673,0.03744548871336986
19674,0.09981000109487544
19675,0.381087197269627
19676,0.04716101925645823
19677,0.00026448228019781533
19678,0.0004036699775130466
19679,0.06778642953088682
19680,0.011147300283733312
19681,0.820556344154232
19682,0.9863586028523136
19683,0.04394951102093477
19684,0.05094861644546701
19685,0.40553525827292913
19686,0.0075148092578992114
19687,0.0784293009891239
19688,0.0050551461115630305
19689,0.04969914647369741
19690,0.5058112454539705
19691,0.024895066940326584
19692,0.9352991371380011
19693,0.004407625940572583
19694,0.019485334197296433
19695,0.12995838974292429
19696,0.014520956424882039
19697,0.3912181500699722
19698,0.04373386453282534
19699,0.46949189085805465
19700,0.0010952824541110512
19701,0.00021983291169417053
19702,0.6846030686603639
19703,0.002015822360837649
19704,0.12717152950779695
19705,0.36562393178166436
19706,0.532673834076837
19707,0.003976062218616455
19708,0.02647330498452907
19709,0.0014143377948065373
19710,0.0009218729149490418
19711,0.9682443634692516
19712,0.05211292771863222
19713,0.009490230767425866
19714,0.5346791556517219
19715,0.04851366222244939
19716,0.005860448672532632
19717,0.1387145031982902
19718,0.0068821228523538985
19719,0.0016862710987921128
19720,0.3695985572636903
19721,0.003089219193943734
19722,0.841208608761102
19723,0.9412262386285037
19724,0.0018514447788679166
19725,0.3169139253165174
19726,0.0034839168358975193
19727,0.03098430574699319
19728,0.1036383620324592
19729,0.044027833094469525
19730,0.014257804472576383
19731,0.432267193407563
19732,0.12069563972113495
19733,0.014444568572058508
19734,0.1249063706875525
19735,0.03379131430792918
19736,0.04551455819734527
19737,0.9969606105840528
19738,0.8928991741263853
19739,0.20216795018847358
19740,0.010237017453152324
19741,0.01120115905015137
19742,0.06832680295725722
19743,0.5725584485658712
19744,0.0004596810419637929
19745,0.049964628485948966
19746,0.04458063767123354
19747,0.010258491009599406
19748,0.11760261575857513
19749,0.002020503196212756
19750,0.01996151808349129
19751,0.5486523146100338
19752,0.002734270628849565
19753,0.0021311060320178617
19754,0.019504757416231585
19755,0.00227565624796662
19756,0.011225717283752821
19757,0.03686069003561712
19758,0.6439919616580935
19759,0.1716631769445044
19760,0.08748830512724068
19761,0.0015438690929222346
19762,0.005046163564360156
19763,0.000707766194341302
19764,0.8533436784061803
19765,0.011736285490597801
19766,0.805589187314525
19767,0.29079201201066907
19768,0.9997426384213685
19769,0.011934988698987474
19770,0.040187825190479726
19771,0.002305639605624927
19772,0.005900160300951594
19773,0.08177317383414588
19774,0.9648194452410727
19775,0.012467045238137207
19776,0.0006656080446516044
19777,0.3342699709601848
19778,0.1316748510340658
19779,0.03948675057737428
19780,0.023300926693731717
19781,0.368810849312954
19782,0.018689007803567012
19783,0.0016266767755411364
19784,0.011569025511532034
19785,0.0064227829273961305
19786,0.00480046876771654
19787,0.005568633004314156
19788,0.0383592426257142
19789,0.020966958503655302
19790,0.8858041956460427
19791,0.6407312338658027
19792,0.012362156539043729
19793,0.0996198168681053
19794,0.7613558119884707
19795,0.005746023939932932
19796,0.1540314600952246
19797,0.11544418752306564
19798,0.0011044454985584436
19799,0.9832512340979246
19800,0.013277187082081542
19801,0.06953554268410474
19802,0.01692436558853481
19803,0.34465189738216073
19804,0.9999999996648437
19805,0.19969782160923874
19806,0.002945040142595922
19807,0.04659605510470188
19808,0.06063322836366032
19809,0.005814132667679048
19810,0.08225310851801644
19811,0.0005445995400189812
19812,0.01942154914450144
19813,0.0007240704011184916
19814,0.027231887005041602
19815,0.06600075002542391
19816,0.029623289327358655
19817,0.013150711526563153
19818,0.06126594288487012
19819,0.0013536507620772003
19820,0.05065162112905998
19821,0.016763508767577984
19822,0.001100693301329092
19823,0.06981907882896803
19824,0.025065373578114534
19825,0.22815082646821322
19826,0.11548898344963314
19827,0.15939579252380043
19828,0.05593126812211515
19829,0.6337952342783615
19830,0.03048987383282234
19831,0.019096730725178167
19832,0.0416369126422461
19833,0.5954173151461541
19834,0.016977701214669728
19835,0.6130574976604172
19836,0.008990850441101945
19837,0.006048407899167827
19838,0.013473618348262035
19839,0.10431615901656398
19840,0.28099456908728715
19841,0.48723372470076143
19842,0.008908061305509004
19843,0.0705676805436778
19844,0.012864839472100398
19845,0.6016252989288023
19846,0.0057080420199177645
19847,0.018761083500348313
19848,0.05273773948879055
19849,0.01574413124413908
19850,0.0056403608532791276
19851,0.015355949348831615
19852,0.14250842769302405
19853,0.03929951783950262
19854,0.9807959666052796
19855,0.05549850377103682
19856,0.224858628287849
19857,0.7960572009066424
19858,0.3846198310845136
19859,0.6903078026716185
19860,0.6131432672735597
19861,0.9999332403156801
19862,0.10316500538926655
19863,0.2660245911596188
19864,0.03406363063467608
19865,0.04041758782928079
19866,0.08169723301937963
19867,0.02024850720832119
19868,0.044004270502063424
19869,0.036592424754601414
19870,0.12898666883753732
19871,0.22185330303923195
19872,0.054420357206209066
19873,0.345722007746205
19874,0.0073897142958278
19875,0.13593030983939758
19876,0.0002677421314900243
19877,0.028314119391312165
19878,0.002160061650871517
19879,0.008379078957949988
19880,0.05380243048861645
19881,0.016751917492744687
19882,0.0025266057957440656
19883,0.03724978469595897
19884,0.12071123412688045
19885,0.9731951205421805
19886,0.03333332384157741
19887,0.015371674120747835
19888,0.9995931232023542
19889,0.38397316368541246
19890,0.060263153041594415
19891,0.4609990521066824
19892,0.07096141296136782
19893,0.0057590435847718864
19894,0.012246842520197664
19895,0.3879946058015952
19896,0.0021100074804864936
19897,0.5458294847296306
19898,0.061283263599229816
19899,0.05431610365434088
19900,0.11839651760996932
19901,0.24565460683404636
19902,0.013744814453763656
19903,0.10363400204045886
19904,0.019301324955309937
19905,0.012628366834746744
19906,0.22172001645798076
19907,0.016331901824284206
19908,0.0016214134565558065
19909,0.05769398143017498
19910,0.8743536688196301
19911,0.5403164694530136
19912,0.004677348457587485
19913,0.010982460728826108
19914,0.006338992684280706
19915,0.44056478387401293
19916,0.0043338955376882185
19917,0.03414390033272136
19918,0.003956172222388553
19919,0.03228442334925863
19920,0.09306153173595437
19921,0.03197728009276123
19922,0.3969318790024657
19923,0.08993609963852536
19924,0.38968299869902
19925,0.10637008029403973
19926,0.32606094244166256
19927,0.4673484526282094
19928,0.011085634649795294
19929,0.2398671571812466
19930,0.037008704316059494
19931,0.0082971315342031
19932,0.11653955195126953
19933,0.0036053570322481425
19934,0.033573692912510264
19935,0.042353356769333286
19936,0.0019916892419459984
19937,0.290647103512241
19938,0.006927493420665673
19939,0.038341582602282064
19940,0.007534769815638571
19941,0.010469735046201719
19942,0.023738003976110027
19943,0.003696365218011684
19944,0.018002349251484598
19945,0.06385216444443141
19946,0.025715181102105533
19947,0.007543416296287027
19948,0.14955801574958846
19949,0.007044488912591897
19950,0.23363666145494955
19951,0.2926485684163339
19952,0.035824815967799614
19953,0.3195842527119216
19954,0.013883595200884388
19955,0.010262318443597509
19956,0.42541506643368165
19957,0.010090180837053845
19958,0.008961542347058078
19959,0.03314874938074361
19960,0.18752353656136272
19961,0.006982136306289582
19962,0.05460185687278666
19963,0.020872686599954497
19964,0.007775157066953978
19965,0.014304751449954524
19966,0.46689595524572564
19967,0.16748430929066374
19968,0.7784644784261072
19969,0.8448359464532105
19970,0.5307933217855885
19971,0.004548051377477528
19972,0.009022584541463157
19973,0.8923933479361741
19974,0.0022158786402389154
19975,0.9788741985985089
19976,0.11773570783906706
19977,0.00903378572498311
19978,0.019524527857892493
19979,0.823272718479455
19980,0.315019030376401
19981,0.024004652166386222
19982,0.0466874656707109
19983,0.5618552183674215
19984,0.7884998650559565
19985,0.18406404313216593
19986,0.006506175478493466
19987,0.9977046566088965
19988,0.008980984837872297
19989,0.009973983447299014
19990,0.2274865086388928
19991,0.005644753831245852
19992,0.9290945915025505
19993,0.08390566160539382
19994,0.3007446117904971
19995,0.11061892120965669
19996,0.09293815215833673
19997,0.003592293199382092
19998,0.0015026273116446973
19999,0.0005386448035658232
20000,0.013997351352532635
20001,0.0023267093364668042
20002,0.03454955381181972
20003,0.10718308992629234
20004,0.10370712914359559
20005,0.38706569926275936
20006,0.9806208484781381
20007,0.16691523813699882
20008,0.5262521875192452
20009,0.01484444370997342
20010,0.009324932758609072
20011,0.07322178687683537
20012,0.004639594781358807
20013,0.030783904522298972
20014,0.03852589213106076
20015,0.06288159823555652
20016,0.021566655820083803
20017,0.020476049463791904
20018,0.006354389180480248
20019,0.01055367217056538
20020,0.009555141746741321
20021,0.02522922875732186
20022,0.07044527594497792
20023,0.11796508532481517
20024,0.026628647354788385
20025,0.02093193966328211
20026,0.03310279476476234
20027,0.9670486385796843
20028,0.006759185059185437
20029,0.6173287072759034
20030,0.035317570181143045
20031,0.0024453210967050735
20032,0.055793065239484595
20033,0.2942903841051415
20034,0.016856918255709293
20035,0.5273891446180626
20036,0.006664109423963418
20037,0.0709479373737121
20038,0.9999382752352797
20039,0.4685446051764174
20040,0.0037070645537423956
20041,0.0024364162540433678
20042,0.014774298738040523
20043,0.02452492886018274
20044,0.006331937757805123
20045,0.13441244330825045
20046,0.8073788891212875
20047,0.9995814903666176
20048,0.0014934487918641982
20049,0.7503555046862824
20050,0.23585290378850815
20051,0.02259500194577439
20052,0.04095133285305627
20053,0.9944752873437501
20054,0.01244313667673158
20055,0.27111818543330457
20056,0.0029058143532921426
20057,0.06953321414737362
20058,0.35756335785506965
20059,0.21358961935343798
20060,0.08357992790399175
20061,0.02653073161681891
20062,0.03870810540608493
20063,0.002123215977261738
20064,0.01743692462369341
20065,0.5349395799950997
20066,0.4657523751779288
20067,0.046974518053711535
20068,0.3250629946438685
20069,0.7496554211853008
20070,0.023016662140851792
20071,0.020572905592795704
20072,0.2961560945650777
20073,0.02045479205927748
20074,0.003910332988982441
20075,0.0024834901305138745
20076,0.2300623953172998
20077,0.1596523753199586
20078,0.028974201238814525
20079,0.0026469114613902936
20080,0.44503008995073506
20081,0.6776064458858295
20082,0.05919788449194257
20083,0.37484072893251347
20084,0.9443491403990955
20085,0.0012526875562324092
20086,0.0013820105724302236
20087,0.059567692559736006
20088,0.17587736168113838
20089,0.01531025135175472
20090,0.1640148226709173
20091,0.2937846907575135
20092,0.01183478297390926
20093,0.3585984548338007
20094,0.16403977140768417
20095,0.6826452815792572
20096,0.7548288877065479
20097,0.19744630624599177
20098,0.0014936275185190022
20099,0.007349629362032603
20100,0.9150130485642431
20101,0.23242971617578764
20102,0.18977112379317557
20103,0.01065579171814696
20104,0.7806077165804043
20105,0.016834037079650258
20106,0.033922643901873314
20107,0.7479776934432618
20108,0.011875702762269348
20109,0.9885260721839828
20110,0.7560033220568049
20111,0.006401326354732914
20112,0.03136560925699014
20113,0.025787984751560387
20114,0.8861931833637957
20115,0.9424934761712344
20116,0.32020920261050845
20117,0.0016712587321045071
20118,0.0032867319810844396
20119,0.12562678634488608
20120,0.03219774174776491
20121,0.007128463818572975
20122,0.10468161973894193
20123,0.08125215900183218
20124,0.2614669001708218
20125,0.04845761071086759
20126,0.05227899951543021
20127,0.03270486163047728
20128,0.9726180533053702
20129,0.3792774991269753
20130,0.6675191848412483
20131,0.002305787741475929
20132,0.08533377044054312
20133,0.0008868111816758705
20134,0.06246673125711577
20135,0.6114469275395169
20136,0.0015616716890844613
20137,0.0038225255434572118
20138,0.9908923051976858
20139,0.01207243223365884
20140,0.2646514502798878
20141,0.00029118958512744614
20142,0.03614404256184205
20143,0.015472595552366164
20144,0.12275876316408052
20145,0.0024319212743665755
20146,0.008852796008267853
20147,0.0909018542135474
20148,0.0039019938397039885
20149,0.4533024764388339
20150,0.076548505917966
20151,0.982580293755874
20152,0.00829095625769636
20153,0.13782429695850815
20154,0.0028107691200423943
20155,0.0041128950090400474
20156,0.001314866941744678
20157,0.29005181689407655
20158,0.022632810660178825
20159,0.2803092667855754
20160,0.9782553984400005
20161,0.0001909879302031096
20162,0.008957722235793806
20163,0.05133591827485101
20164,0.48732790917610613
20165,0.057676638117778595
20166,0.00884648788262632
20167,0.621535835513827
20168,0.0012712940447485543
20169,0.0059394842254340266
20170,0.024729037334441036
20171,0.7546638686067253
20172,0.8642737105699838
20173,0.9914127446615614
20174,0.06782926758867722
20175,0.5042208061395149
20176,0.0032445987198902984
20177,0.0024116895625707286
20178,0.021485512259134094
20179,0.021374661487531442
20180,0.018069062858913507
20181,0.01299385465816911
20182,0.028637592540470613
20183,0.006355701382213154
20184,0.9508281402583241
20185,0.3294037277523066
20186,0.059770630553185974
20187,0.0008602509526314586
20188,0.18862468474896085
20189,0.03503868413653726
20190,0.832103343199043
20191,0.009284644082250016
20192,0.9124422272440579
20193,0.09241715461118052
20194,0.013682255865676968
20195,0.7274633124301516
20196,0.007681537346852908
20197,0.02435926646314209
20198,0.004762075381225676
20199,0.029418954339412166
20200,0.005785328323677949
20201,0.39080581922958857
20202,0.0009853205168305164
20203,0.006619106250344521
20204,0.03696004077787691
20205,0.004506556089744994
20206,0.04123676842862013
20207,0.9758600830537264
20208,0.013303620811234436
20209,0.004046079685601903
20210,0.013552023833782002
20211,0.06314482038741427
20212,0.902567022147016
20213,0.009472596240528045
20214,0.23584867947032404
20215,0.1672454660369878
20216,0.031038443579216004
20217,0.032794134479184424
20218,0.038365719829606286
20219,0.9766962966367937
20220,0.10365036374451438
20221,0.7594626045380479
20222,0.013124328787677492
20223,0.11724072272232645
20224,0.005224632965108888
20225,0.10253968381696138
20226,0.0052924259954016005
20227,0.7010074894235502
20228,0.8733083574709546
20229,0.12692514666345991
20230,0.005706462123511757
20231,0.6841514636217386
20232,0.1610817726727793
20233,0.005705979394094865
20234,0.008282489563613164
20235,0.0161239157593404
20236,0.4624703125281116
20237,0.47483436343232965
20238,0.0736689860287821
20239,0.007443360724442177
20240,0.0009723376193867647
20241,0.0013030632291551436
20242,0.0006319333897735815
20243,0.008064608831372293
20244,0.004702510104780502
20245,0.6445826293471275
20246,0.9257459524562954
20247,0.043367593068011884
20248,0.015809052752338827
20249,0.7598483651956284
20250,0.056552838583185376
20251,0.023641185145579224
20252,0.008551380803534904
20253,0.0006314338384303608
20254,0.04792954578839208
20255,0.1444675964483957
20256,0.7490639560018137
20257,0.9154269979052861
20258,0.48955896531837734
20259,0.3750112663012605
20260,0.0021273962712019283
20261,0.6007670102674811
20262,0.06643760494404698
20263,0.9678478843122633
20264,0.12151058072690726
20265,0.14544440474110545
20266,0.9414826912371159
20267,0.5370207433575908
20268,0.005690616076645971
20269,0.13121468010963194
20270,0.02601777079714381
20271,0.43312815049867603
20272,0.019896282653576795
20273,0.1125352786499675
20274,0.1528707189500945
20275,0.0009454543886512866
20276,0.5716647466482859
20277,0.7951634471100042
20278,0.04775850846465286
20279,0.5030812282767246
20280,0.00586440379317398
20281,0.10231278814611279
20282,0.03706305449416787
20283,0.5833475492703046
20284,0.022121105932165208
20285,0.5813437693192068
20286,0.004985370293532529
20287,0.002258423204937927
20288,0.0014883539755597322
20289,0.8865359663677568
20290,0.0033443233104878327
20291,0.012045398768850505
20292,0.8660278300387338
20293,0.8111433424208386
20294,0.007618573571953452
20295,0.061697020316714764
20296,0.23381057343795827
20297,0.01840474991194559
20298,0.02277951417765325
20299,0.9406104811843007
20300,0.14983195132993107
20301,0.0011411086326464075
20302,0.9784154848441966
20303,0.002683274364605651
20304,0.09436605908361437
20305,0.003105338403234059
20306,0.0014146039856375084
20307,0.04805900575754595
20308,0.1526270382387029
20309,0.09418391682468748
20310,0.05001444620076788
20311,0.012737618358066995
20312,0.016914712916270717
20313,0.0021938921482947873
20314,0.7805424518781451
20315,0.9658502195910493
20316,0.043704596838498436
20317,0.001413733242130429
20318,0.023675837552085268
20319,0.9229915113394971
20320,0.9529228650377612
20321,0.0444926773182985
20322,0.07215896820624335
20323,0.0010938861270937703
20324,0.7390883130531037
20325,0.0009183067416798535
20326,0.18321469634276127
20327,0.029184499017557913
20328,0.025524309968543435
20329,0.07250542253836577
20330,0.7243427345426499
20331,0.9999999246180605
20332,0.34835034611296056
20333,0.38973817028121577
20334,0.9322470993363425
20335,0.6843836329906077
20336,0.05047594981020891
20337,0.0026678169383023507
20338,0.018637609291352154
20339,0.7322914730571394
20340,0.017797945879340464
20341,0.18426189605733792
20342,0.006518241126030478
20343,0.7042463712840151
20344,0.005595614915994334
20345,0.9201473039780789
20346,0.12087399224264998
20347,0.0035779611881355954
20348,0.740994068151827
20349,0.03219889580658832
20350,0.0024055046431659846
20351,0.04903175844421342
20352,0.21197903652677202
20353,0.017828726459699504
20354,0.24491721555352564
20355,0.0560028233615307
20356,0.01097068508836519
20357,0.717134183649497
20358,0.014846668949745429
20359,0.09993706900928823
20360,0.4060663205556759
20361,0.01853269694515236
20362,0.014518441590285168
20363,0.0055400122045576984
20364,0.8983223757601474
20365,0.007186735230328046
20366,0.002446428051551224
20367,0.02615035312529289
20368,0.022388569940083865
20369,0.02059369212150408
20370,0.13096868980310908
20371,0.024579131149495812
20372,0.017017402846378295
20373,0.09934319137369764
20374,0.003215090062266412
20375,0.03930067921795123
20376,0.043639308060872566
20377,0.9999963446317826
20378,0.003055041511823103
20379,0.2248119801561205
20380,0.006061812495122606
20381,0.8705275883618275
20382,0.016815160673381395
20383,0.9572710005054066
20384,0.0126848283071458
20385,0.00795080036068135
20386,0.005812202983323917
20387,0.0121836724543778
20388,0.018917176291710344
20389,0.03988446110831349
20390,0.5207867534998896
20391,0.1880523534992229
20392,0.13557930953832828
20393,0.02211759391446004
20394,0.9792318208924697
20395,0.032451101605665174
20396,0.16581302278531854
20397,0.0022778592945492935
20398,0.9743430537342354
20399,0.017553677208983074
20400,0.26838177233714605
20401,0.9841205404121889
20402,0.8812323451499801
20403,0.003821451314793969
20404,0.004680175654906821
20405,0.014723377491520298
20406,0.009848307359602156
20407,0.5113543505667081
20408,0.3955994599077315
20409,0.6246297503983198
20410,0.5492097406258969
20411,0.032237227330748734
20412,0.010654203103293028
20413,0.028502212097430677
20414,0.9894726875455799
20415,0.9109590587226953
20416,0.0211833809627325
20417,0.05838387473655324
20418,0.017140321385466808
20419,0.01303363475901543
20420,0.05209819286978619
20421,0.12883352265367584
20422,0.0010912084872547656
20423,0.030285488560336023
20424,0.11277262042776974
20425,0.0017173118200997943
20426,0.8471088588808061
20427,0.002527679659975499
20428,0.9626999073009305
20429,0.20781499900278408
20430,0.005231773206922451
20431,0.021304780766779174
20432,0.12492404508156874
20433,0.05181730529082154
20434,0.04870294627706917
20435,0.0013421621065836677
20436,0.0015519029307331745
20437,0.9331612015440862
20438,0.934786449007518
20439,0.02907170330744352
20440,0.029448106866079425
20441,0.11663191439078059
20442,0.004296213977478492
20443,0.21122773712257123
20444,0.2183061092370189
20445,0.2514507084307944
20446,0.017585205604132337
20447,0.7325321832627871
20448,0.14374480686878102
20449,0.9999999868386769
20450,0.7628353910553356
20451,0.9839719653060046
20452,0.030677912950376803
20453,0.011540190525374076
20454,0.04325960700927281
20455,0.001971040566090018
20456,0.005520430164032011
20457,0.0028566415211543844
20458,0.2895757062439432
20459,0.8484483810603538
20460,0.29952789238337646
20461,0.02233346364995269
20462,0.00944412463031096
20463,0.25607988099879425
20464,0.0005927698004830054
20465,0.009792319377513183
20466,0.036747523761947155
20467,0.9023803554326304
20468,0.02898538878597946
20469,0.5400030468505788
20470,0.00455425917534572
20471,0.44927801886760765
20472,0.02728134974663629
20473,0.010339469544371933
20474,0.0042453382978292105
20475,0.006605690108190648
20476,0.010177508316608004
20477,0.8980426919348558
20478,0.13662664819408318
20479,0.340777939480163
20480,0.2480444296263664
20481,0.21962148463229975
20482,0.29183183063967405
20483,0.016283304181710218
20484,0.014010398006382973
20485,0.002417316685001309
20486,0.03697445725908543
20487,0.5985523179764999
20488,0.0011749758154908864
20489,0.8582061597754305
20490,0.9945695025642501
20491,0.11339779092852195
20492,0.06343838575983421
20493,0.01651699018691481
20494,0.03150183093780546
20495,0.0020978807087285714
20496,0.00781896333091902
20497,0.0004447264215464908
20498,0.1576271130289088
20499,0.7196584638384492
20500,0.00516836651121142
20501,0.005062301494411498
20502,0.47606929276338633
20503,0.4050598129939011
20504,0.04283790286728086
20505,0.9331816522399623
20506,0.00950503227337033
20507,0.02598064184272797
20508,0.4107412555634549
20509,0.8604618883835254
20510,0.06950304233649232
20511,0.0006226519422811394
20512,0.9444453981454967
20513,0.6245701887256365
20514,0.012854459724078471
20515,0.7643443784610707
20516,0.008506310888794309
20517,0.04712780775341241
20518,0.011712843222178157
20519,0.019250541820466878
20520,0.008233877579202553
20521,0.7523111508450505
20522,0.007572324782313303
20523,0.12822755247247405
20524,0.11669319390754355
20525,0.04954619114310228
20526,0.0003104661804896676
20527,0.04293123361619492
20528,0.011612781463924632
20529,0.134923803837652
20530,0.019220863206823216
20531,0.10735077385241049
20532,0.309819465767941
20533,0.02323447138287852
20534,0.004102091679769742
20535,0.05579201487435945
20536,0.00517676965838794
20537,0.6292651298352069
20538,0.10000954988062445
20539,0.02540280640024248
20540,0.42326221327776503
20541,0.007009392246642752
20542,0.02568135499760279
20543,0.19078251117862596
20544,0.8365223945489606
20545,0.15929452329986565
20546,0.0011875939155423624
20547,0.13313772139939764
20548,0.7949372404372855
20549,0.07522126561386248
20550,0.09114517640516491
20551,0.007280377934558299
20552,0.3513429543072798
20553,0.008901503967456668
20554,0.0531463097805733
20555,0.04893288874395597
20556,0.10199734313523176
20557,0.17529383894778933
20558,0.001979671580069845
20559,0.00432230947949424
20560,0.023819364138298365
20561,0.0038742595229204163
20562,0.00029284819368387196
20563,0.002101225179906556
20564,0.09485443027159872
20565,0.07429693870073283
20566,0.38745964329108384
20567,0.0098381058181412
20568,0.003373412514352697
20569,0.018109957887688398
20570,0.12122165415865525
20571,0.0013345492506025795
20572,0.0694725253756904
20573,0.021506858694230472
20574,0.1881263472825395
20575,0.007560902874282033
20576,0.3779279936463738
20577,0.41003503788188544
20578,0.7253515806794754
20579,0.020488316263768513
20580,0.002399662659771019
20581,0.2640056304582609
20582,0.06977567378236424
20583,0.5579977306947614
20584,0.014599017758095108
20585,0.015802414202772126
20586,0.02293723673487415
20587,0.04466018767965465
20588,0.024318253291461867
20589,0.9463555628612706
20590,0.1389296316281229
20591,0.034525421272575685
20592,0.8475970318379814
20593,0.23605768340613448
20594,0.06147287556521842
20595,0.01995396951993519
20596,0.22641213302488036
20597,0.020004276671465857
20598,0.36447971706166477
20599,0.23977641707660746
20600,0.7287524878700051
20601,0.0016143508690011593
20602,0.6293025350939611
20603,0.04132005022736236
20604,0.025391532889251188
20605,0.008959890205272306
20606,0.42712398590027884
20607,0.002731804308322101
20608,0.9920088866103842
20609,0.8931972308565643
20610,0.7062353585246212
20611,0.047004113444682166
20612,0.008583583411282968
20613,0.33909746122534207
20614,0.9989515382517112
20615,0.6271756478006301
20616,0.2669807052492174
20617,0.009621066920516175
20618,0.01327767898199854
20619,0.001824636602369858
20620,0.3506457051665813
20621,0.011022468883878598
20622,0.002834345198118134
20623,0.03996572138984954
20624,0.6079761610497958
20625,0.2521315525968311
20626,0.0019550039659609244
20627,0.01286539971682271
20628,0.2287124231232048
20629,0.7691244124005596
20630,0.071043963444762
20631,0.027890501451689295
20632,0.032132886025081145
20633,0.0003350403953675586
20634,0.7187611409767332
20635,0.00641368199024314
20636,0.0011899032158406912
20637,0.35967543179903355
20638,0.4271413539522701
20639,0.01566124183422355
20640,0.1602153021711372
20641,0.03873285970647589
20642,0.005903109136676422
20643,0.11907800765347311
20644,0.6558032180017173
20645,0.2138697309316449
20646,0.010239488609379312
20647,0.06676196181804342
20648,0.04475240309017483
20649,0.03820638209623599
20650,0.27414890821107907
20651,0.06745908152731614
20652,0.16769821938697488
20653,0.11017987670883168
20654,0.3586322394665555
20655,0.033764650242688495
20656,0.6521552371887316
20657,0.1769434920303967
20658,0.060096498110415564
20659,0.8790934188071555
20660,0.09467628809128978
20661,0.02163849485266394
20662,0.006556844499205546
20663,0.0776803337515115
20664,0.0008861868018952383
20665,0.03192122714799989
20666,0.028087880401005034
20667,0.011761343696960384
20668,0.017626120360397096
20669,0.0643998143259617
20670,0.999093079157741
20671,0.01623357902145622
20672,0.9235098865875206
20673,0.03978481004960088
20674,0.010743349319818948
20675,0.0018668180167571908
20676,0.054747740604775046
20677,0.04846428637501858
20678,0.014399602158211023
20679,0.013679815904493802
20680,0.612154726860385
20681,0.0013047833564271774
20682,0.2276874918674106
20683,0.5345595409592963
20684,0.013334699243345778
20685,0.013543748177214793
20686,0.03262588959411155
20687,0.04567482045406101
20688,0.7567475785252955
20689,0.4607772898868114
20690,0.0081250840222625
20691,0.0008009901171406558
20692,0.356436163215212
20693,0.12556699080042868
20694,0.0031578779650202515
20695,0.018391617621251476
20696,0.003333873875599317
20697,0.9834915776844526
20698,0.05395244303644015
20699,0.007007928858970248
20700,0.00496111472137557
20701,0.6022444609075678
20702,0.013278910601324651
20703,0.773854230103024
20704,0.002553387224912607
20705,0.33212199389978037
20706,0.01808821625644795
20707,0.03265304450564957
20708,0.20171329760365678
20709,0.02938947060963629
20710,0.24135264479951435
20711,0.022208575383086022
20712,0.25981605486652853
20713,0.8714736452269374
20714,0.7289909271332087
20715,0.0013601282104856866
20716,0.20192851003732992
20717,0.15167096585833878
20718,0.5339313287990713
20719,0.0020872137160400338
20720,0.10535409214829038
20721,0.12251103035886615
20722,0.16237543790591316
20723,0.016679232822907893
20724,0.016642450428267064
20725,0.001591036108896492
20726,0.009116073840746976
20727,0.9250806999169053
20728,0.07608022809247354
20729,0.01629624759692355
20730,0.03296725180037359
20731,0.18520616483619223
20732,0.057351881149243805
20733,0.8742748152247699
20734,0.07120099007759433
20735,0.6284531938611336
20736,0.008080890737373158
20737,0.42059615515051313
20738,0.6190378700102231
20739,0.04156695798498146
20740,0.012064387714113244
20741,0.4542007996454721
20742,0.0009745511341629243
20743,0.061831879147537266
20744,0.21781109821774458
20745,0.8483256727373104
20746,0.08464107158801383
20747,0.09216489351711049
20748,0.04238616838658911
20749,0.00872501125261313
20750,0.02429979025012365
20751,0.9791617181897457
20752,0.006667886542802937
20753,0.5348213756802483
20754,0.12699778347013743
20755,0.14637286352899276
20756,0.0790119515710752
20757,0.0299912553880478
20758,0.08321917827151298
20759,0.10293009871214708
20760,0.02016831734541336
20761,0.027355123533876327
20762,0.31870394013770936
20763,0.002363317400282141
20764,0.6796680344789274
20765,0.0720481599217338
20766,0.0638140960250524
20767,0.5795702103227747
20768,0.0076224611058630575
20769,0.03058550451070174
20770,0.01145541374575527
20771,0.14628658634257916
20772,0.020780644565294795
20773,0.0012609383074680873
20774,0.022441882830496283
20775,0.01940767662439438
20776,0.05830669019176844
20777,0.008728623829262882
20778,0.04268266362710826
20779,0.8123988900443647
20780,0.9350894692678237
20781,0.08757043460846904
20782,0.021260115943212195
20783,0.48486426760643564
20784,0.014224525683597356
20785,0.0038122266631644337
20786,0.9843623346845706
20787,0.11698451256304862
20788,0.47838261066698085
20789,0.4942901699044759
20790,0.012564418914605757
20791,0.5199588347625275
20792,0.015104917274136136
20793,0.0027583016197517225
20794,0.001357185363192507
20795,0.03150072116997843
20796,0.6881507725122739
20797,0.2565956255585405
20798,0.002691578276239057
20799,0.19825436386057627
20800,0.7914366841460075
20801,0.4014046908804056
20802,0.2780433712831532
20803,0.7774917925759904
20804,0.029674584923931883
20805,0.012216861718728518
20806,0.36939770587187837
20807,0.01732074189885455
20808,0.07521225189623872
20809,0.335808676469413
20810,0.15564678439061533
20811,0.0260184943418573
20812,0.07059377264369643
20813,0.012630585040935716
20814,0.04788171776337671
20815,0.7932099346553723
20816,0.1841814246521526
20817,0.001235510374225464
20818,0.00018213054369704132
20819,0.010268457336856615
20820,0.5925187750031963
20821,0.8096930031543597
20822,0.12581542629422593
20823,0.0016480106340482415
20824,0.004980579934201826
20825,0.4322739915915257
20826,0.05469868913266255
20827,0.2837199181731263
20828,0.11681675589695563
20829,0.109908509437013
20830,0.8209601362019251
20831,0.265779433634668
20832,0.031513095018420124
20833,0.8421898742543055
20834,0.6838818642406084
20835,0.019288005887524173
20836,0.8661619236778924
20837,0.002989492608619551
20838,0.03286911925177387
20839,0.02009720169028055
20840,0.01746624014834238
20841,0.11340337005970325
20842,0.2387948320044545
20843,0.013529772320464394
20844,0.059788777544807596
20845,0.6747607903276382
20846,0.0029792894314018886
20847,0.0942877538627382
20848,0.0011235072647370124
20849,0.00891024308610768
20850,0.04761301010965117
20851,0.07268147571205325
20852,0.9458564484228054
20853,0.06183284525946201
20854,0.005427229846130623
20855,0.1873198688517248
20856,0.30274468005568383
20857,0.7423139451542133
20858,0.9732264330349728
20859,0.021965447183806726
20860,0.10572755802346583
20861,0.01793846061039686
20862,0.08960065977993756
20863,0.48755673769667235
20864,0.01679203769418895
20865,0.03744238252067515
20866,0.029995053096746275
20867,0.002961680628080643
20868,0.9236097443400172
20869,0.003921191034269906
20870,0.0012370638809164453
20871,0.005906186888165639
20872,0.016107371820392694
20873,0.02102073687781642
20874,0.7428587867583563
20875,0.19958899725739845
20876,0.07893631221014581
20877,0.2621393080697709
20878,0.031142534038202593
20879,0.0003001683120615493
20880,0.005567770990858359
20881,0.09464661382095979
20882,0.46444660756711553
20883,0.032252984080573005
20884,0.008318732431014634
20885,0.0548980761761437
20886,0.22576340192326694
20887,0.006679938716686791
20888,0.09006743094338518
20889,0.03343828465617133
20890,0.012014443410772173
20891,0.04210342248620207
20892,0.00906640732729365
20893,0.5349227216645526
20894,0.02326101616024794
20895,0.10921828635500343
20896,0.6987599942990755
20897,0.0002068664387298162
20898,0.3017535641873757
20899,0.25717086668442707
20900,0.02527580349776444
20901,0.023655625574383703
20902,0.33567424653438377
20903,0.6909033231269505
20904,0.005019308951128548
20905,0.06694826256721566
20906,0.18769656685911335
20907,0.014296661921382443
20908,0.0021646014718769853
20909,0.007829723238181364
20910,0.255908617427076
20911,0.510366951573646
20912,0.0019421225503237739
20913,0.7291365545932144
20914,0.25110130565408245
20915,0.12433650762060841
20916,0.0070651130662047175
20917,0.011197500957427244
20918,0.027561084372257235
20919,0.009037482243137654
20920,0.008027159831889836
20921,0.002740776517712496
20922,0.791126295987029
20923,0.003023208278449601
20924,0.9497464379035481
20925,0.07279867706290692
20926,0.9997837872622068
20927,0.0030914757807085844
20928,0.09277106168513079
20929,0.3629422691044586
20930,0.06461655576413161
20931,0.011200845509754429
20932,0.004368980572834117
20933,0.011701818841349044
20934,0.015482974867206628
20935,0.09572369201634613
20936,0.9134067558321444
20937,0.0051784548024203635
20938,0.030325498975759476
20939,0.011551271740710162
20940,0.5564144180970003
20941,0.009283306573043347
20942,0.037724277150180806
20943,0.1190771665028411
20944,0.6604032117915947
20945,0.019270930800239304
20946,0.8354827899886192
20947,0.006390784654464923
20948,0.041939187297594056
20949,0.14650236664322358
20950,0.024168016350539515
20951,0.01623099463974551
20952,0.6884815450147304
20953,0.08781940263138409
20954,0.011983649874721931
20955,0.0686115449486937
20956,0.0035426575319927388
20957,0.0623026434455973
20958,0.043146691561079815
20959,0.657115257289792
20960,0.10709888613979868
20961,0.05991113444148162
20962,0.09106218967488422
20963,0.014117290705137779
20964,0.09328624837282389
20965,0.020900925885745568
20966,0.4987374985826729
20967,0.36544387404247425
20968,0.06869961449458534
20969,0.015751619100315778
20970,0.002914022085185325
20971,0.030451930411373965
20972,0.004446088081056681
20973,0.006563632265674037
20974,0.0015333119729608496
20975,0.37773124208030723
20976,0.004801643572353159
20977,0.24091664369661486
20978,0.18030041024783547
20979,0.018942863927859273
20980,0.311663382259282
20981,0.04477123850703323
20982,0.006865837465802736
20983,0.023553332471331886
20984,0.011303076799970337
20985,0.017503822999767656
20986,0.16250613921928259
20987,0.9785457192959088
20988,0.7970332618192673
20989,0.10701250538622209
20990,0.7068741003736803
20991,0.9238958626521234
20992,0.17708204752063958
20993,0.004200054391158756
20994,0.03284752577728167
20995,0.053433180891556284
20996,0.0487076309238001
20997,0.22247002388903697
20998,0.07563643019468407
20999,0.013060500947246586
21000,0.9932781752931987
21001,0.008788009506303417
21002,0.7839132652330955
21003,0.004534061706897623
21004,0.6554377942337922
21005,0.02742359274331701
21006,0.9172451270505663
21007,0.0046282921250342625
21008,0.02286343486555411
21009,0.02536872750384525
21010,0.9153337676511162
21011,0.13929140309958818
21012,0.0367894800568507
21013,0.010457136529235795
21014,0.1620242582179917
21015,0.19299166881922156
21016,0.060085366885383115
21017,0.002848017570839772
21018,0.0007701640439876559
21019,0.13626907800785384
21020,0.05917995211648953
21021,0.012474472867446034
21022,0.7715024836065674
21023,0.01624230456524876
21024,0.7793526738902589
21025,0.02401538582962173
21026,0.3269693196792074
21027,0.9454883869956838
21028,0.661677185637745
21029,0.035549759561739204
21030,0.0590095487933309
21031,0.5917830729184151
21032,0.09636432477626751
21033,0.8704647407629321
21034,0.9065385625068376
21035,0.03611329450289857
21036,0.8966171936416556
21037,0.4439100484175536
21038,0.002453015387310668
21039,0.9559710537273781
21040,0.01583933111749537
21041,0.18868840768364872
21042,0.1014401713524531
21043,0.015295206079543334
21044,0.8538138113320505
21045,0.054778115155261
21046,0.44417657236919955
21047,0.9470892613971619
21048,0.015644258390265633
21049,0.9692083024583555
21050,0.0084201086073706
21051,0.3743073262597218
21052,0.010953813342375522
21053,0.27583108766187336
21054,0.4300795059417635
21055,0.017725337004122068
21056,0.03829879045846468
21057,0.9916214755042811
21058,0.01504688482310808
21059,0.7733938535140356
21060,0.8639747650705154
21061,0.06482040398730758
21062,0.004018946275710958
21063,0.05477583309752053
21064,0.5379945439898985
21065,0.08602760639286802
21066,0.006622960200676605
21067,0.0030803659061500142
21068,0.224350096874305
21069,0.05516652884248566
21070,0.013750305839788866
21071,0.5256203273994003
21072,0.004129169888699655
21073,0.24329943515578487
21074,0.022034362665707123
21075,0.045814324758015466
21076,0.023176136824510075
21077,0.12664749552525206
21078,0.2797975183416315
21079,0.8792352665168381
21080,0.10743195642460389
21081,0.9930057510324775
21082,0.11376645131672064
21083,0.03887623615683901
21084,0.397497643336243
21085,0.0035327743137505726
21086,0.07835433887140118
21087,0.30465754434525516
21088,0.30114154273173177
21089,0.19320335002227707
21090,0.012050596849664997
21091,0.014433646980864622
21092,0.10211694444833837
21093,0.000863369348026021
21094,0.016172136746647716
21095,0.05797390466995397
21096,0.004610604687554761
21097,0.01043428914699311
21098,0.023919391285863813
21099,0.10466779229317691
21100,0.11895877078734317
21101,0.00993280671730949
21102,0.005788128467080028
21103,0.15171762642699274
21104,0.16139838244447477
21105,0.0019549358529205264
21106,0.7907887368919368
21107,0.06201111808314904
21108,0.2606415037548877
21109,0.9242470163824683
21110,0.6430056015514352
21111,0.9999999999967482
21112,0.0023985161556707947
21113,0.023082404616253802
21114,0.96222160530878
21115,0.1341522059274911
21116,0.95173704848868
21117,0.10998792370075974
21118,0.002385850797922527
21119,0.9658416556443619
21120,0.005240139261776294
21121,0.1269944521158377
21122,0.010428787946025435
21123,0.09313542939477674
21124,0.03729949144312167
21125,0.11534524276653602
21126,0.0004887585893542815
21127,0.008809172843219668
21128,0.0029637559970593437
21129,0.0382491361980924
21130,0.8338236744164298
21131,0.5325511727502661
21132,0.05343765343376273
21133,0.030210003952286336
21134,0.014753156962148241
21135,0.9297581820950045
21136,0.003944947857557239
21137,0.005414852562031815
21138,0.0006137303700121262
21139,0.050173413815352015
21140,0.6423952325317615
21141,0.01004100664134438
21142,0.04117703263075749
21143,0.11790002457161561
21144,0.0058832255883405375
21145,0.02495899870651351
21146,0.07191339205069125
21147,0.447795914127215
21148,0.3435431386425543
21149,0.01879017633768072
21150,0.01943921190424845
21151,0.8786600718778355
21152,0.0031388078724628415
21153,0.4708550074101676
21154,0.009684344060490981
21155,0.0484919534497344
21156,0.5699693461802472
21157,0.05937186171609843
21158,0.3514898362507871
21159,0.007116945393025884
21160,0.021242808830346065
21161,0.0031970953020254798
21162,0.05479049269988789
21163,0.6498209523599704
21164,0.013335321746832666
21165,0.418974379171461
21166,0.9161990215923517
21167,0.08529471893376857
21168,0.007670429262812937
21169,0.42631325034116146
21170,0.5601089628402253
21171,0.34033908718556705
21172,0.25143129833844335
21173,0.006885372493965259
21174,0.984011294154396
21175,0.19468344709150304
21176,0.007881061759777146
21177,0.5719600844227589
21178,0.7708117719223389
21179,0.004637869110244354
21180,0.8632321898546168
21181,0.050323882479920666
21182,0.004264058327478343
21183,0.08631133162704967
21184,0.6394224769946993
21185,0.25521963410828635
21186,0.012164331252159148
21187,0.0036637400631583223
21188,0.0030195762356329033
21189,0.0032721782843111117
21190,0.020820513607860185
21191,0.7960835594110647
21192,0.06933333801904558
21193,0.29893336449968166
21194,0.9826205168487653
21195,0.06453987977173507
21196,0.2768929470821517
21197,0.003008521290557688
21198,0.016486530650747924
21199,0.6754712307479097
21200,0.015712086465967622
21201,0.030167218265805446
21202,0.006520421225749105
21203,0.19089119926267398
21204,0.014571722165128738
21205,0.0013795894324270415
21206,0.9461197712175703
21207,0.0033965278129818002
21208,0.0019644188070296483
21209,0.928190510634922
21210,0.07239776205180173
21211,0.9510822792119313
21212,0.005712642097706078
21213,0.8647431611658412
21214,0.025841858360738323
21215,0.05205955017818082
21216,0.5132505878671997
21217,0.4656636971069998
21218,0.005074733984684319
21219,0.011350302866942276
21220,0.1793591905465489
21221,0.02003276937762114
21222,0.01360436066330187
21223,0.08932804198728585
21224,0.46468502033739034
21225,0.008955361861287498
21226,0.36479608074894704
21227,0.011992845115431324
21228,0.9010165030071998
21229,0.9235998367645538
21230,0.38369208287365303
21231,0.7775265248837585
21232,0.08873424487656627
21233,0.3685862332012429
21234,0.017380808227929968
21235,0.5285724816694182
21236,0.810265089796485
21237,0.005551973463073278
21238,0.007589001713788789
21239,0.006752405158882679
21240,0.0013469909597906278
21241,0.5225815024228995
21242,0.902725124255385
21243,0.4223460617868179
21244,0.05749695651547514
21245,0.9386064408229103
21246,0.003932650702470848
21247,0.004497559196424518
21248,0.08199005421273234
21249,0.9662077921868266
21250,0.002240837677583454
21251,0.009351422442680472
21252,0.015945027766017583
21253,0.006203054153279785
21254,0.006642996933182912
21255,0.07937375340166637
21256,0.07598005775817261
21257,0.5975454194237076
21258,0.1184895873491558
21259,0.05409151445944445
21260,0.020935180184604402
21261,0.016058110339248474
21262,0.01806681596058846
21263,0.1352787809297293
21264,0.0031041723677577827
21265,0.02042276546198876
21266,0.0012063591619076626
21267,0.012590134175750273
21268,0.9691286042910012
21269,0.4175006268470513
21270,0.031144768230323312
21271,0.24814499424518274
21272,0.11406086594345351
21273,0.008901661265518467
21274,0.004936408228278138
21275,0.1255426838120558
21276,0.0016515015956806958
21277,0.031891472366903054
21278,0.5253649605609505
21279,0.2643238704305887
21280,0.13103079962781258
21281,0.0011141976637834329
21282,0.2774881677616565
21283,0.251501758377958
21284,0.9655283389186817
21285,0.02652065730062125
21286,0.3424917851418242
21287,0.0032249993157502134
21288,0.020273516123383042
21289,0.006044462270979697
21290,0.4398378069779643
21291,0.0005659335389596207
21292,0.9177200752752886
21293,0.017945918685643967
21294,0.22387802083024644
21295,0.3706892990658993
21296,0.007674883662692738
21297,0.9829194743662159
21298,0.2887194438037412
21299,0.5594305023298816
21300,0.1842896639983107
21301,0.9448382440013048
21302,0.9936818183978137
21303,0.0034291584659657546
21304,0.0005749053984824296
21305,0.014652000860838002
21306,0.005456348259413789
21307,0.0009396907489356412
21308,0.22515376731748513
21309,0.06260285640202905
21310,0.001337629978412947
21311,0.10107493757425146
21312,0.21475278883791812
21313,0.01593463350354408
21314,0.2776656241494088
21315,0.1773587330424375
21316,0.6174464419396787
21317,0.5234671119311662
21318,0.6048308075154644
21319,0.011409729909893968
21320,0.015180268063209925
21321,0.0025654605832003885
21322,0.07735208192111918
21323,0.972132965552534
21324,0.008924490878928791
21325,0.005106905481650904
21326,0.7847118434643795
21327,0.0017423122762547506
21328,0.03621154967999972
21329,0.03459929882321639
21330,0.0006857871774079358
21331,0.0032434867511161904
21332,0.0797859636310069
21333,0.0023985589322078793
21334,0.8792594337232489
21335,0.49057082158931414
21336,0.01795919701231987
21337,0.4876841825758138
21338,0.8354800756259387
21339,0.11423972744577891
21340,0.01390442499815823
21341,0.00800720974601443
21342,0.019550873163272215
21343,0.04410421145337852
21344,0.009448371923640403
21345,0.020038561676050174
21346,0.004194463768314918
21347,0.013748789017424807
21348,0.9998103923637711
21349,0.0006954826886376648
21350,0.06149090974089669
21351,0.7977947072161805
21352,0.005639494584524577
21353,0.9452076948578084
21354,7.739599731827317e-05
21355,0.1522548062822497
21356,0.004027392073962839
21357,0.01331806947832201
21358,0.6168614810704361
21359,0.529629407764975
21360,0.21623581258426747
21361,0.997248595989257
21362,0.036683409659839294
21363,0.16285650219085526
21364,0.0043346631175772525
21365,0.01187765332271087
21366,0.004974870966854853
21367,0.3202957501491585
21368,0.9900631870977072
21369,0.010661826416151456
21370,0.6996300267178409
21371,0.9276024160577429
21372,0.018619904287532133
21373,0.0025336533993531025
21374,0.01831083277179133
21375,0.026223402776759545
21376,0.4643151052677889
21377,0.08512986045514767
21378,0.91116475826115
21379,0.14775354158144607
21380,0.6593604121857353
21381,0.01882170568042851
21382,0.09019495775073656
21383,0.001646407043542767
21384,0.0005511958783705182
21385,0.26676827510226464
21386,0.9875150722012103
21387,0.14866163053742054
21388,0.38414289296630966
21389,0.1406305972357326
21390,0.0031204318603014073
21391,0.011956891981949673
21392,0.010989616865010291
21393,0.009112439934077619
21394,0.07610909805397795
21395,0.8003108976627442
21396,0.23869661941710302
21397,0.9329798397029481
21398,0.0011041522519694706
21399,0.16991638049797686
21400,0.8243747423180111
21401,0.0035942755539581034
21402,0.018503765448778495
21403,0.18270062365427867
21404,0.04218693707261647
21405,0.009279894237698615
21406,0.0014311709034321972
21407,0.04586427254012303
21408,0.025558404347443716
21409,0.05071222838904783
21410,0.13967530106673715
21411,0.2524613844668502
21412,0.038543399159994385
21413,0.00353858366281798
21414,0.017403671192774868
21415,0.0038963687344697458
21416,0.09155705664079779
21417,0.10003242113424932
21418,0.004449086269183161
21419,0.024419083934932032
21420,0.0020252157743254296
21421,0.3464838348069172
21422,0.28718779714005865
21423,0.007388141400262984
21424,0.19598347540936864
21425,0.6441585760533257
21426,0.2186614477245237
21427,0.10557516789867606
21428,0.04074421241515249
21429,0.31658486921115186
21430,0.0018624863058123626
21431,0.027823689836514717
21432,0.6823898602790737
21433,0.0026442877095802
21434,0.00920398096820282
21435,0.004167271688200339
21436,0.10288896542477505
21437,0.028717193022724623
21438,0.0019521349242956614
21439,0.4477690497775462
21440,0.02013882813488468
21441,0.04426509939923611
21442,0.01265230032504555
21443,0.05408314114835403
21444,0.005151005271942462
21445,0.061989136180266684
21446,0.019681613829601388
21447,0.005946323635606779
21448,0.1801019423140278
21449,0.024486511953889668
21450,0.1135159513463331
21451,0.7552441948240883
21452,0.8091640297807631
21453,0.05790468702774385
21454,0.05912034372118709
21455,0.6437642037447296
21456,0.035760183186058316
21457,0.008408427713058643
21458,0.5450184546930852
21459,0.18894410726351146
21460,0.0036175736031462745
21461,0.027116921877327782
21462,0.9449925398624208
21463,0.003043823715217379
21464,0.14642192867556378
21465,0.30540873183080397
21466,0.05322635239164762
21467,0.8228963990968283
21468,0.000890169240943356
21469,0.08422459507785948
21470,0.18727194735476263
21471,0.0008352812487410155
21472,0.46467264697420785
21473,0.00890626844296667
21474,0.5638807117777482
21475,0.012065409395277504
21476,0.0005333705714601483
21477,0.002883849511215289
21478,0.010295473912271931
21479,0.9231352269933913
21480,0.036817719518751194
21481,0.0020503557238098144
21482,0.015798150529325383
21483,0.48189040770509384
21484,0.0568522804267365
21485,0.040415094621501925
21486,0.0380068690116949
21487,0.035770745584980085
21488,0.3701249276081504
21489,0.02996900833949016
21490,0.006172095922803512
21491,0.008355434395206654
21492,0.08201002592922399
21493,0.28759646987272475
21494,0.018020125350975805
21495,0.22988698678902553
21496,0.0236048207230321
21497,0.0027504972762173382
21498,0.023477680775768162
21499,0.3559369819559728
21500,0.16449194466116868
21501,0.06528592920103735
21502,0.039835607051332184
21503,0.13425790766328938
21504,0.2383949275263558
21505,0.5808573994082133
21506,0.039924520166438326
21507,0.013303582461546237
21508,0.5144347830032595
21509,0.0036890748538553324
21510,0.4395600860525644
21511,0.6788813600300496
21512,0.014664885027230396
21513,0.11289036856705323
21514,0.0023417526433003994
21515,0.107701868255305
21516,0.4603366965779369
21517,0.2405929852102906
21518,0.01570055106743334
21519,0.0003278386665405598
21520,0.014704305352154516
21521,0.07015515220543338
21522,0.009364824627249413
21523,0.007481223648107627
21524,0.005986996761882367
21525,0.048952214893021914
21526,0.6762820533120846
21527,0.00214524009320717
21528,0.007779879414037748
21529,0.0166230393087654
21530,0.30407791232937464
21531,0.22066831654648625
21532,0.8262133911601955
21533,0.00493291130531021
21534,0.09813677742267819
21535,0.22306061822663797
21536,0.8437557739663469
21537,0.3712032175448972
21538,0.0014191487399801922
21539,0.5406927211915616
21540,0.05479369478121682
21541,0.06423560530181643
21542,0.3289617713154474
21543,0.5805386219987867
21544,0.09439831407025497
21545,0.9586447436484843
21546,0.2647158550845019
21547,0.0013366798815748876
21548,0.032317109664494185
21549,0.13522452494761533
21550,0.9241029105494658
21551,0.1851880089419531
21552,0.12399829340473442
21553,0.002405395803233041
21554,0.009413252222269903
21555,0.024204179145392146
21556,0.1038759101123398
21557,0.02017555732829261
21558,0.049619180299718325
21559,0.6500681959000484
21560,0.0012411333213935454
21561,0.0293564353990599
21562,0.07450451262856986
21563,0.01599498760438855
21564,0.0022425396440528683
21565,0.0101892064907401
21566,0.06550923614019144
21567,0.0017523029090268174
21568,0.30656466319429604
21569,0.035926641476611725
21570,0.4330222220612208
21571,0.021967901429307202
21572,0.8090662580685813
21573,0.11227746490682239
21574,0.007469311510697496
21575,0.963896792229628
21576,0.5571371420333382
21577,0.16087650936856038
21578,0.018254442598349203
21579,0.04063042814026444
21580,0.013560072527898957
21581,0.46408171350052996
21582,0.0866347080216014
21583,0.14955671323690223
21584,0.01821855860900228
21585,0.13984670697086318
21586,0.8613129697021146
21587,0.015585368183776956
21588,0.468562837211082
21589,0.007607371527324666
21590,0.16381075287340582
21591,0.11047465685631909
21592,0.030909771065547022
21593,0.9281068875322032
21594,0.007489845936250916
21595,0.02272431875829737
21596,0.01209670145221519
21597,0.04313138118716685
21598,0.8571612711241765
21599,0.001384862690300633
21600,0.6738907492720355
21601,0.05339438469641473
21602,0.09906345715696595
21603,0.8278980454874539
21604,0.03137427478094687
21605,0.2164772481852819
21606,0.007487760479069946
21607,0.019208323593084498
21608,0.15802449893060758
21609,0.6052232320144022
21610,0.09483021538145683
21611,0.3384736613776787
21612,0.033747820187171526
21613,0.045749878267381715
21614,0.6318149355874678
21615,0.04140159165697456
21616,0.08246667652266843
21617,0.716608955755984
21618,0.013241338659206417
21619,0.6044824761206682
21620,0.003730322742858717
21621,0.046979645093892415
21622,0.809832562852766
21623,0.08058439775262734
21624,0.34660586359280937
21625,0.40724087414072274
21626,0.17939421006676176
21627,0.3036516345766247
21628,0.1632494550362056
21629,0.005408087504009647
21630,0.005361942276624163
21631,0.0038024565967365405
21632,0.812861965810794
21633,0.01638123259511739
21634,0.29528949620002337
21635,0.0028779070693569857
21636,0.03191150069365005
21637,0.0061471237548933345
21638,0.020864041794175243
21639,0.9998919282909063
21640,0.820755790189296
21641,0.3017535769369258
21642,0.02630258836709285
21643,0.051598321966183996
21644,0.024601618118441734
21645,0.01591219082058099
21646,0.11839683011975435
21647,0.016932437370368904
21648,0.9999999999992288
21649,0.0866682958425318
21650,0.11556156728155606
21651,0.3632648227887182
21652,0.013237896513296843
21653,0.24472358520690593
21654,0.010698525487885037
21655,0.038604220863318876
21656,0.09175999689177075
21657,0.021023998783421167
21658,0.016520807722025823
21659,0.001543083638163426
21660,0.12029509376369199
21661,0.07928844492957653
21662,0.5459699999631838
21663,0.1327515977027936
21664,0.25199547731113636
21665,0.006373041873955035
21666,0.1283848088911044
21667,0.004487258358347927
21668,0.008029812192121176
21669,0.02465391996054165
21670,0.4182932291860514
21671,0.004326509718989322
21672,0.16743825845180504
21673,0.327620673930669
21674,0.0486790645875974
21675,0.7199079400578928
21676,0.07142952877051056
21677,0.03147408073203162
21678,0.23163422593896515
21679,0.0017435345225678522
21680,0.2310299962521276
21681,0.012985526482174874
21682,0.00333819030973554
21683,0.07357829215524818
21684,0.6280964419238781
21685,0.4312042687729766
21686,0.010504693329602644
21687,0.0014315684551681033
21688,0.006578115589509129
21689,0.8104989240653441
21690,0.8667027979188372
21691,0.006736863320782061
21692,0.496381776040718
21693,0.006272902150755821
21694,0.1797703353683182
21695,0.011757729305918682
21696,0.009034396335225058
21697,0.026526256709135068
21698,0.016498688800259162
21699,0.002075837406929319
21700,0.7278343257062693
21701,0.09258830290906869
21702,0.16119720378242905
21703,0.025790846864182673
21704,0.1806202505786309
21705,0.18787417191927366
21706,0.19329656123023575
21707,0.0128302230290543
21708,0.012721009298068235
21709,0.08918820002442775
21710,0.027704845312139036
21711,0.19002788431706777
21712,0.05435796353869081
21713,0.5379454206567613
21714,0.19760073347144938
21715,0.017090447608696928
21716,0.9455581418459792
21717,0.004286672603685338
21718,0.17314517195893742
21719,0.9032235577249825
21720,0.19349124126588882
21721,0.02453553071584906
21722,0.02885781923616807
21723,0.037551425551066164
21724,0.35118634885859895
21725,0.01855949687394612
21726,0.4536226532083856
21727,0.007557944525760619
21728,0.012829647506260427
21729,0.0030868781964877566
21730,0.010329498992601273
21731,0.7136094130516283
21732,0.003263502365120088
21733,0.020653306540047035
21734,0.37135492481909627
21735,0.13845790310333664
21736,0.5514648275181666
21737,0.005118317904080734
21738,0.033522223885093794
21739,0.08141179778992833
21740,0.9212094319257277
21741,0.0013244667625361235
21742,0.0051974984095232825
21743,0.6678570930410593
21744,0.33267476864645723
21745,0.07871821127585339
21746,0.042403179099172954
21747,0.5856132454158443
21748,0.030858923197125108
21749,0.0011964861565404766
21750,0.03556309478976872
21751,0.008817314321033679
21752,0.1536911803096171
21753,0.027363288876393582
21754,0.9408276624565686
21755,0.007543300377325278
21756,0.50876694221624
21757,0.002112740734438218
21758,0.7256399145624638
21759,0.05230198638058647
21760,0.17965766369376437
21761,0.9132610394830208
21762,0.03579566125961259
21763,0.0034045928555476285
21764,0.9758880010486376
21765,0.006915319148435073
21766,0.7656103762331506
21767,0.16117672112260095
21768,0.9863144950849971
21769,0.19722340031049176
21770,0.08389452893788443
21771,0.09048068095161929
21772,0.017889623725943538
21773,0.007192349511261403
21774,0.009919528384528056
21775,0.4439586206664683
21776,0.04921469021646409
21777,0.04274600744912482
21778,0.01071189836989997
21779,0.06440709813120188
21780,0.7507823727378485
21781,0.002539226893126362
21782,0.8559855497908755
21783,0.031834196380774366
21784,0.02831878291595904
21785,0.021966712717537727
21786,0.25330229573854535
21787,0.004509965490361294
21788,0.0004273793399127127
21789,0.04838534634926822
21790,0.003120599068589402
21791,0.005756157738598433
21792,0.6475642067283628
21793,0.7773905935130393
21794,0.5417408723990735
21795,0.0020572367854292425
21796,0.631001791368904
21797,0.9490399795754645
21798,0.0675260554184823
21799,0.9999999999579081
21800,0.5743796365917443
21801,0.0017296617578295616
21802,0.011711246986883186
21803,0.12643909916879284
21804,0.18656463569891257
21805,0.88395522709567
21806,0.6709039564854393
21807,0.010855110329200245
21808,0.9972251361352965
21809,0.6457783922505922
21810,0.023864274661369332
21811,0.7038449746871078
21812,0.00036862619048510533
21813,0.009550535690696527
21814,0.9458165699269774
21815,0.6967437093159657
21816,0.9999999990111625
21817,0.4604335635692623
21818,0.6807579594933946
21819,0.0026685679738571197
21820,0.008373099049790507
21821,0.11644709327443689
21822,0.049326143163193885
21823,0.036659690546629736
21824,0.004076272300817418
21825,0.03629254621896217
21826,0.007646233332949656
21827,0.8183750674204137
21828,0.9999999999894229
21829,0.0008315968178652723
21830,0.01798772419357246
21831,0.020661196749531457
21832,0.046641153543003966
21833,0.22717292751562676
21834,0.6055936771167538
21835,0.13777058673347628
21836,0.8158740323146088
21837,0.06267667852310349
21838,0.0025371265620978585
21839,0.11284008754169506
21840,0.0060219245347779005
21841,0.42108607944740317
21842,0.7062296357070692
21843,0.1743915300990065
21844,0.4851781369499409
21845,0.014179095765656296
21846,0.0014088252127202542
21847,0.040707751007569064
21848,0.006984653429114819
21849,0.9615444138803754
21850,0.0023457550543260946
21851,0.6726422426065536
21852,0.931126540433591
21853,0.10864843798663791
21854,0.10721706692990532
21855,0.013265242758620219
21856,0.033155093436767605
21857,0.006725299996110641
21858,0.03131736230690194
21859,0.029200201550466515
21860,0.386467168618862
21861,0.00842893200387724
21862,0.0012675294480157463
21863,0.004389642413153634
21864,0.0015404487599149812
21865,0.014059293051262368
21866,0.7904041424488472
21867,0.001955713720383298
21868,0.004701776584682209
21869,0.15297201315559475
21870,0.0001581431937858237
21871,0.06519581725558557
21872,0.0037190836493277875
21873,0.38081806013251174
21874,0.025867137250604876
21875,0.006022696514687227
21876,0.7004548770595669
21877,0.10011516452615805
21878,0.47213686120431503
21879,0.7023484101849009
21880,0.0063633707354141325
21881,0.153156860576973
21882,0.001785176733940598
21883,0.0013948982209764857
21884,0.9383380519979729
21885,0.005073511892219181
21886,0.004615796804267127
21887,0.7597876161780116
21888,0.22146869868109512
21889,0.011425747749883608
21890,0.836419375500299
21891,0.01838791923466484
21892,0.664616881336667
21893,0.01973327398851646
21894,0.9805744442261745
21895,0.024685378510687087
21896,0.0192793952265175
21897,0.008168804117202954
21898,0.6307862078169849
21899,0.7485009995960092
21900,0.011964590538897292
21901,0.010188034793774609
21902,0.08922709026444334
21903,0.014027195197937393
21904,0.11030690500797702
21905,0.0015720373852746476
21906,0.21193567594559318
21907,0.11177682647657781
21908,0.09468149918430231
21909,0.8486564728705164
21910,0.05254607504141475
21911,0.04771016749323477
21912,0.00474104419232142
21913,0.007103678609350315
21914,0.01840732644733789
21915,0.062254659445587446
21916,0.2376500256071538
21917,0.026332659049879432
21918,0.0502808530635527
21919,0.020038727160605094
21920,0.35354082746701615
21921,0.32405300629487493
21922,0.24601501002540896
21923,0.2659272377197195
21924,0.008187130215505862
21925,0.141194376040391
21926,0.004474626113279002
21927,0.026415053185862822
21928,0.08591309434520923
21929,0.07469976423651056
21930,0.013522677232312087
21931,0.0822201892096713
21932,0.9437833944329731
21933,0.005984951340587049
21934,0.011254083583097827
21935,0.024908687113199778
21936,0.7885289061112247
21937,0.0207216754827293
21938,0.001416112310241946
21939,0.031399940239069
21940,0.05203975002968458
21941,0.00356180740218263
21942,0.2914564692789541
21943,0.001527216180152484
21944,0.0028109248466374782
21945,0.004572738404907238
21946,0.01805009385976588
21947,0.010127828020381162
21948,0.022990670718378226
21949,0.0017847991958643255
21950,0.06689738654082401
21951,0.003918355445486662
21952,0.02337947339374492
21953,0.7292436030847597
21954,0.2305419772260519
21955,0.6999310618971147
21956,0.602137404887238
21957,0.01980714065640362
21958,0.023136748267672178
21959,0.9434551050739868
21960,0.02359687006650762
21961,0.08883503237541118
21962,0.005946738218030107
21963,0.1412622086010651
21964,0.12422358742630007
21965,0.008574830488769274
21966,0.24333973477275217
21967,0.0016313544557176284
21968,0.2476117396121
21969,0.025552022465912483
21970,0.9983258544457503
21971,0.7750685942869073
21972,0.2749640698212597
21973,0.029148090183360127
21974,0.6801506194576931
21975,0.009308715797981433
21976,0.00020174227382550975
21977,0.12483541674177283
21978,0.08017782748634006
21979,0.007562778451822912
21980,0.004840288289114534
21981,0.03487569130554153
21982,0.6914763367388556
21983,0.02522555062825823
21984,0.34109635930544197
21985,0.998863430081659
21986,0.9994509428108959
21987,0.9900566146354345
21988,0.002054677654950693
21989,0.034571545613553155
21990,0.14932855310107693
21991,0.004925069835000408
21992,0.003190588301893207
21993,0.005804885352079763
21994,0.06349473999789872
21995,0.009945981111212414
21996,0.03912059428001399
21997,0.012565362672456401
21998,0.20648610356722652
21999,0.5702468073697586
22000,0.001709696666248709
22001,0.6887674546498145
22002,0.3974521922981737
22003,0.01366995032939812
22004,0.010539081624641154
22005,0.1946450139365467
22006,0.9309121476201496
22007,0.5025955472966532
22008,0.4007650760261124
22009,0.006384916893614072
22010,0.15322482155729658
22011,0.9126552827290377
22012,0.0023379793118258954
22013,0.2456933605300022
22014,0.005151795309550428
22015,0.025636375348890236
22016,0.025136358568092064
22017,0.06720854977958869
22018,0.12017940965966477
22019,0.05592662859801694
22020,0.1122231425496155
22021,0.13954154790830064
22022,0.7421481038648974
22023,0.09552302066659679
22024,0.012132458125845952
22025,0.021207716819498557
22026,0.8992042407062899
22027,0.12483491305108693
22028,0.1203103478606721
22029,0.008295354891106046
22030,0.00919310030048844
22031,0.0012179163918774735
22032,0.26935525382324205
22033,0.07051653985386136
22034,0.6797937029170936
22035,0.3314324821387958
22036,0.2579722769817267
22037,0.06650042737096185
22038,0.046983773632276404
22039,0.1361673202915462
22040,0.01454153708896387
22041,0.21256268503102052
22042,0.003111710005022997
22043,0.09603433505612063
22044,0.032060440467836314
22045,0.04353369700690368
22046,0.05234328740753791
22047,0.3265563322217319
22048,0.02330887974656419
22049,0.027703845483926674
22050,0.03876979034073264
22051,0.035889101134767655
22052,0.012612977795412556
22053,0.007276279617969744
22054,0.13323197889912797
22055,0.15711033233654512
22056,0.4858774364845502
22057,0.4722487659104287
22058,0.020274272386676347
22059,0.6448959496461629
22060,0.0037026769934180815
22061,0.09029280274283576
22062,0.02342009951624895
22063,0.5966584964454382
22064,0.013330352725144434
22065,0.01887917571603488
22066,0.33405687986145055
22067,0.05889147799256993
22068,0.02951344312970329
22069,0.0006317789274333419
22070,0.08483440814286679
22071,0.015055721000152043
22072,0.10713425223882131
22073,0.010738910465207887
22074,0.7958517255301649
22075,0.9972605253649005
22076,0.013780282740628324
22077,0.04484334931706902
22078,0.025394086904636973
22079,0.0010090620563810522
22080,0.09361184428690958
22081,0.005517320270700461
22082,0.9982106317945223
22083,0.7780162969415304
22084,0.0030483323089635227
22085,0.7094509758585338
22086,0.005002506988499523
22087,0.0016655166902959132
22088,0.0015690637320536231
22089,0.0012128154020605354
22090,0.013142042397575063
22091,0.020565564755884592
22092,0.0023231687403194937
22093,0.12499999629753655
22094,0.07361334434343976
22095,0.006514951261755472
22096,0.00461073965968638
22097,0.5858819783847886
22098,0.1630731196652299
22099,0.025030798875695405
22100,0.033067255291978605
22101,0.007544150408271105
22102,0.028818803898227326
22103,0.6434644280498852
22104,0.004652022093695447
22105,0.002117165184905565
22106,0.004322622345347896
22107,0.05292080609579565
22108,0.6286520869167351
22109,0.08441078831484751
22110,0.03384342280071501
22111,0.19736954310102042
22112,0.006263875481801788
22113,0.779527933137002
22114,0.04823046794994629
22115,0.5178621086776779
22116,0.08274784817431277
22117,0.13646115053602428
22118,0.12669584539457238
22119,0.0018332020304793423
22120,0.009127657765003804
22121,0.2960239882661027
22122,0.15441482674713036
22123,0.6418586529367901
22124,0.1278619945488271
22125,0.057637394872550866
22126,0.6078518451656194
22127,0.8849511315480142
22128,0.015142339600325967
22129,0.0287461500212676
22130,0.013649384560816616
22131,0.06226571221910111
22132,0.008953828225802249
22133,0.04840094162960277
22134,0.17367162446173898
22135,0.28298329615188617
22136,0.00037037052049037483
22137,0.8992278888246953
22138,0.20355343045580507
22139,0.5668822668005634
22140,0.16745405038442152
22141,0.05131917279821613
22142,0.2559092337732968
22143,0.09051593991102444
22144,0.18787761261303398
22145,0.86020485894213
22146,0.06463871272407916
22147,0.08984366467307896
22148,0.0026614524467716105
22149,0.001992941027957758
22150,0.008789608032732944
22151,0.43685720619474344
22152,0.0029417777443582404
22153,0.06192177039430201
22154,0.0394847643210086
22155,0.0068946911836308316
22156,0.04305799901811089
22157,0.013512323282495181
22158,0.36618586311802237
22159,0.6748405802865877
22160,0.021318800667807475
22161,0.010446884435345251
22162,0.020971468248598003
22163,0.03419691770441944
22164,0.024324234775633995
22165,0.028860252327673305
22166,0.2760996506139686
22167,0.3292281823366761
22168,0.07507767491320409
22169,0.09517133390523078
22170,0.035344956594172694
22171,0.6470541818605253
22172,0.13739420293057467
22173,0.014234768872306918
22174,0.9452191463445163
22175,0.006575981985298739
22176,0.0006667385357938913
22177,0.39820633967238084
22178,0.0086101347484178
22179,0.00984160587979559
22180,0.009098032931326409
22181,0.007615904240318339
22182,0.06098587105415584
22183,0.7033136696892401
22184,0.17508652936803792
22185,0.01825926717967773
22186,0.964994924569645
22187,0.8721854680633147
22188,0.02783569579172101
22189,0.1342091039927055
22190,0.0007637060534863866
22191,0.6810778918916401
22192,0.09820669059300212
22193,0.6356349899933639
22194,0.08963654992687779
22195,0.018801550468098432
22196,0.023873096446399053
22197,0.08397305201282552
22198,0.12082294279075767
22199,0.016945478150335407
22200,0.867445617160659
22201,0.10075158756012632
22202,0.0014665141867110636
22203,0.004627368768168172
22204,0.00786649955875781
22205,0.07062968125879691
22206,0.051151745415155436
22207,0.6654175042487324
22208,0.005883850206413477
22209,0.16713458390311806
22210,0.019555686270776494
22211,0.5923006764372165
22212,0.05557448491534837
22213,0.042152083986134146
22214,0.07829011392900934
22215,0.010885616830255292
22216,0.7249031819058414
22217,0.005850025127359875
22218,0.0027746713269162226
22219,0.003948528207263568
22220,0.7628806979636426
22221,0.002887262677877208
22222,0.059189618097747365
22223,0.47861319192401475
22224,0.055964715564060415
22225,0.032890152074528604
22226,0.0029807295448028783
22227,0.006465453564470065
22228,0.8196782842586312
22229,0.17388978414538053
22230,0.860475233322067
22231,0.7299151869615222
22232,0.10033772305776004
22233,0.006413125511033273
22234,0.09106209759809529
22235,0.00301084095523508
22236,0.05799233256573824
22237,0.017139231072983246
22238,0.7859670861805125
22239,0.05954915769519731
22240,0.0013108893688375009
22241,0.0835837926984735
22242,0.044115277529244906
22243,0.010867744505845173
22244,0.009646476498390776
22245,0.005695156304553341
22246,0.28335259481304165
22247,0.029149930644212316
22248,0.02529321350112896
22249,0.005352242279352945
22250,0.04584264389386906
22251,0.013227082546825664
22252,0.9248209081285222
22253,0.013755112900865105
22254,0.05954488084416555
22255,0.00543532428676189
22256,0.03403628620929759
22257,0.09586800557856381
22258,0.09366554417822003
22259,0.003772918214406829
22260,0.006133725335326012
22261,0.0058666876164633775
22262,0.49321115413386085
22263,0.9798164480908349
22264,0.01455184871145183
22265,0.00019891620590922887
22266,0.010441760715959373
22267,0.01241441732562717
22268,0.2659574011110409
22269,0.0027707013760849197
22270,0.012471690487637617
22271,0.003964645595636177
22272,0.056685482157114095
22273,0.5473334860583836
22274,0.03934350363011994
22275,0.2759042260599566
22276,0.14139536679252734
22277,0.9472924339841308
22278,0.5530906497309144
22279,0.0019229340535661063
22280,0.840267502910516
22281,0.6326217948157674
22282,0.19632808690560333
22283,0.6667234913015176
22284,0.1890290333511614
22285,0.017220829067187058
22286,0.014181194129360563
22287,0.12450594724502843
22288,0.06702124333710294
22289,0.018042516948265763
22290,0.003224331633999432
22291,0.056701449629818775
22292,0.07201064073646181
22293,0.9999999999945717
22294,0.020352994944510462
22295,0.2204625380359565
22296,0.9140959844704551
22297,0.8843143628016074
22298,0.9272088610279803
22299,0.13722130398039672
22300,0.022625456984713695
22301,0.04617432344191008
22302,0.05483115991461484
22303,0.8226495342231899
22304,0.017026303773624716
22305,0.023116095480936728
22306,0.021847127373943537
22307,0.0011679692006984555
22308,0.815432928480785
22309,0.22710185759774834
22310,0.9334846630673629
22311,0.03205313724971161
22312,0.9921043172209197
22313,0.000994488536648591
22314,0.017047071013128967
22315,0.029037436970207418
22316,0.06880462028393299
22317,0.4643523910771897
22318,0.9617655701959061
22319,0.3736312704203338
22320,0.10837340723303815
22321,0.0074638072309769245
22322,0.09365071940236117
22323,0.0020452802113076745
22324,0.007973668384928655
22325,0.12503684336965537
22326,0.639402596630593
22327,0.11211344294715388
22328,0.020048864633455066
22329,0.48392553694497137
22330,0.5982810393212985
22331,0.26707938580295115
22332,0.007861948116684628
22333,0.12243889244822082
22334,0.30301409114470784
22335,0.12062807527585352
22336,0.30497789584494867
22337,0.01207849324183858
22338,0.04611863852732756
22339,0.2501167806386939
22340,0.1550896378932444
22341,0.000339017088368513
22342,0.02492626628538344
22343,0.013750333157852051
22344,0.05327908976318562
22345,0.004140775328598712
22346,0.7009179433196441
22347,0.7812360119366571
22348,0.9007514909234101
22349,0.9301902940157106
22350,0.06985618969625185
22351,0.08914830738555425
22352,0.09437396785156343
22353,0.00536060974551797
22354,0.02882737705439002
22355,0.025212377435435116
22356,0.2757108304183493
22357,0.006957966858514843
22358,0.007223674699688008
22359,0.011483744029466307
22360,0.6536028856862672
22361,0.0024188693443073523
22362,0.044313953596084275
22363,0.487013791426628
22364,0.006400906392424409
22365,0.08878224209216125
22366,0.06672508130137109
22367,0.06389087334421309
22368,0.2965398363223567
22369,0.008186794795896415
22370,0.0025728488382675114
22371,0.9784220394182795
22372,0.7342233047342247
22373,0.2134223505375364
22374,0.999999982108332
22375,0.3510948220292461
22376,0.5961203284251443
22377,0.01837235534675856
22378,0.6008293056304392
22379,0.8847309009907985
22380,0.024206383056695036
22381,0.8629859968911666
22382,0.08414124564149401
22383,0.9891296186412052
22384,0.13896003401227422
22385,0.7053298231789081
22386,0.04402385415281352
22387,0.9650056073585457
22388,0.027188674267970003
22389,0.5623525855681225
22390,0.003891158196692131
22391,0.0004013513746457519
22392,0.0433500168145302
22393,0.3352525301816366
22394,0.9727575702912054
22395,0.01944448627120855
22396,0.09338266841816568
22397,0.7569139709007773
22398,0.03686009723376405
22399,0.5914291066407564
22400,0.42588790331453086
22401,0.14753096775696511
22402,0.005562929589050215
22403,0.10239144748916668
22404,0.012007806541877332
22405,0.28109685965637454
22406,0.02520914875850244
22407,0.01904863085026822
22408,0.007838630445203
22409,0.06917695466727711
22410,0.4708227057140829
22411,0.4961472753561468
22412,0.7165052652039068
22413,0.02872495744713318
22414,0.033932590223940705
22415,0.27947066984270136
22416,0.013428247541306088
22417,0.23719525042321832
22418,0.5648333285466234
22419,0.02764402192350119
22420,0.749436268961249
22421,0.9238917370097104
22422,0.38534700154313856
22423,0.004300737448449313
22424,0.0062045106084866715
22425,0.8823270747273845
22426,0.5882120414909675
22427,0.012722417079403617
22428,0.5560451548404046
22429,0.01344808366887479
22430,0.9994795835827119
22431,0.014881886223173907
22432,0.6344767560445235
22433,0.033059297772160316
22434,0.03644130967351184
22435,0.18582509973407593
22436,0.20065920781998084
22437,0.01794762807905802
22438,0.1372787036788306
22439,0.0031244512514027795
22440,0.00829735554865837
22441,0.001424055753983686
22442,0.26293254188758297
22443,0.02219229464848662
22444,0.001863192798432933
22445,0.005991278586290231
22446,0.05491701129064931
22447,0.0007891153944561684
22448,0.5191030287432604
22449,0.03953779628247579
22450,0.39733516715379913
22451,0.21868911970306204
22452,0.27192510269813386
22453,0.02835625582522742
22454,0.006788253825029498
22455,0.002541000176141751
22456,0.9818941067239408
22457,0.4181170454888512
22458,0.012934346429319201
22459,0.020359260607031006
22460,0.021332511463574965
22461,0.00010222522342599784
22462,0.10879315505535851
22463,0.007951111906512102
22464,0.20344500507382335
22465,0.7839901195270597
22466,0.09968295153440239
22467,0.01145072164719381
22468,0.006824166572626479
22469,0.024380773242141763
22470,0.5997207740450127
22471,0.48700627679420827
22472,0.8627860463365091
22473,0.008470144899755035
22474,0.0163985895150525
22475,0.031760453059027985
22476,0.0054602547147783965
22477,0.00708633293012876
22478,0.25395590105059646
22479,0.12378592096820643
22480,0.17497794343613896
22481,0.19787892259390877
22482,0.17093233701932806
22483,0.0051270586579676486
22484,0.4169004815842889
22485,0.00157322503193465
22486,0.7554550470696205
22487,0.889207327677614
22488,0.9358318981285565
22489,0.9965585770052624
22490,0.03961879259136822
22491,0.000642790583189695
22492,0.10145859316772943
22493,0.04641990175004092
22494,0.026397975806821256
22495,0.6603187921305778
22496,0.04585767430968164
22497,0.009957494410043058
22498,0.23500456029086453
22499,0.0029273524235642013
22500,0.014449603772052226
22501,0.003979524364577659
22502,0.006833800701733043
22503,0.009584834610707986
22504,0.032387038656740516
22505,0.008745631482215842
22506,0.9616057192978403
22507,0.5025412103057632
22508,0.008552430255854539
22509,0.9146762171152146
22510,0.023212879798418594
22511,0.7533392094474033
22512,0.05148448833638872
22513,0.013474306161826351
22514,0.07134547572865856
22515,0.7336293814069157
22516,0.003593116198754437
22517,0.7928198894289128
22518,0.04665592571434353
22519,0.012883038026111725
22520,0.9899757558698917
22521,0.012809524957028176
22522,0.009603335654193844
22523,0.22176059125777017
22524,0.09895204756007189
22525,0.05960510144907537
22526,0.030204457455948738
22527,0.978845823608037
22528,0.007167485436061786
22529,0.962737197432905
22530,0.09130799034718512
22531,0.2863839254580589
22532,0.1001972950184727
22533,0.023964982810522062
22534,0.14408943202566377
22535,0.6583452940156713
22536,0.35747681729653163
22537,0.023230447694898168
22538,0.025717629611244908
22539,0.4608322130376912
22540,0.001887751700216991
22541,0.003366555837110567
22542,0.007721918826649814
22543,0.005358248065447436
22544,0.09858522067805318
22545,0.005015909435127355
22546,0.7983478358517091
22547,0.013912852202457927
22548,0.6151066266514105
22549,0.009895481234464239
22550,0.22061736880058494
22551,0.7030178005080385
22552,0.1518871642808145
22553,0.030812475673274192
22554,0.46111846892548314
22555,0.4819262373325301
22556,0.004106135253140935
22557,0.09529188257275692
22558,0.4210133073870422
22559,0.03747622513658114
22560,0.10987758846628662
22561,0.05551483910380774
22562,0.004232237086688327
22563,0.01536823954909571
22564,0.9828375582496682
22565,0.22258376390362025
22566,0.27432429684591364
22567,0.003466141277183192
22568,0.1582031034534675
22569,0.04929000157223675
22570,0.002734193091402718
22571,0.02230689156707401
22572,0.042934511240486216
22573,0.1068016165338955
22574,0.0027708334634998786
22575,0.13471761752371922
22576,0.6506399744716871
22577,0.2647793195492434
22578,0.1176878993213942
22579,0.005172746418033283
22580,0.3551948736335414
22581,0.002584299720998483
22582,0.5341098846608283
22583,0.5101310903223908
22584,0.9784862846052454
22585,0.018435758662681375
22586,0.005881366399391997
22587,0.024850603128954638
22588,0.09743076526764752
22589,0.045529577136301735
22590,0.9896956749307149
22591,0.005480705876791802
22592,0.012754330141993469
22593,0.02240125328856522
22594,0.251973164223943
22595,0.6377449901331104
22596,0.07181770867068099
22597,0.57528049947671
22598,0.276585243319841
22599,0.04457735079555198
22600,0.011547190209716424
22601,0.03025815949455705
22602,0.011032688614808224
22603,0.9753091780595589
22604,0.003574271108335036
22605,0.007413022012645458
22606,0.05797383808369759
22607,0.12394651349089804
22608,0.7754622750110787
22609,0.00871273819645885
22610,0.04691487940299029
22611,0.010531920157706591
22612,0.9019243372179262
22613,0.07726429569550672
22614,0.9339596993335936
22615,0.027560659286164198
22616,0.19881965745371294
22617,0.02779435924554727
22618,0.003115886926402689
22619,0.9959315841124544
22620,0.9325373761476593
22621,0.004186333095120122
22622,0.005060833658795006
22623,0.03353417246146577
22624,0.38125319633328025
22625,0.004423507562108569
22626,0.028938970829823843
22627,0.925429804762162
22628,0.017974900838735847
22629,0.06075749650654373
22630,0.8885046979879507
22631,0.008614109040035234
22632,0.9471345243791478
22633,0.028734014507576858
22634,0.730906453371903
22635,0.08738939827190675
22636,0.3518464842462149
22637,0.882161923811105
22638,0.15684656558616905
22639,0.017730483690042938
22640,0.5131198531626702
22641,0.1375526372137822
22642,0.0008399895163499466
22643,0.00722816089234147
22644,0.0013169707521084799
22645,0.02343604075710805
22646,0.0023108507888846557
22647,0.19977116782598325
22648,0.02262898344252105
22649,0.9145606517200109
22650,0.0033811708292325747
22651,0.004937808574986402
22652,0.00446700186005936
22653,0.07801211417456988
22654,0.6413705930883592
22655,0.06489728601372698
22656,0.6229553528727084
22657,0.014724858329138397
22658,0.002035954023267257
22659,0.6923724369828119
22660,0.013529823177246244
22661,0.0187760907944322
22662,0.9108712590372144
22663,0.16315408756467073
22664,0.0032824358285044016
22665,0.017629197971131005
22666,0.004216177620169343
22667,0.05453642121006099
22668,0.05899494542583775
22669,0.04033234574539419
22670,0.0048489672903358726
22671,0.022116213868327624
22672,0.1617319176546901
22673,0.017943017627234013
22674,0.02718015880853513
22675,0.0952303821278696
22676,0.009335700986493481
22677,0.9054242795843409
22678,0.0068071922632855575
22679,0.05251148880586744
22680,0.12089353393007105
22681,0.000627437310507078
22682,0.23909299668635625
22683,0.002630726701908777
22684,0.009313151756741422
22685,0.15597969945929657
22686,0.6838941020473848
22687,0.13814538649496358
22688,0.029938443911259053
22689,0.15216173616557951
22690,0.032991419081198584
22691,0.016260166868587778
22692,0.9760552500053805
22693,0.5239340237263933
22694,0.8314705078516572
22695,0.6999565954603851
22696,0.5337810094141509
22697,0.04578322192942944
22698,0.0041203815070673805
22699,0.011935017725209943
22700,0.005410597012690013
22701,0.2697615180431012
22702,0.0017146927651802847
22703,0.0624970324196485
22704,0.0021993061488437267
22705,0.03881816134471178
22706,0.14151441083473118
22707,0.09099732890072296
22708,0.0346353511131764
22709,0.016605168484629087
22710,0.7982717552377772
22711,0.09355150761183069
22712,0.0005112551099195937
22713,0.5090778839956486
22714,0.0395173741294593
22715,0.1264337136453085
22716,0.005266756640321724
22717,0.08755061143252685
22718,0.06135711986683314
22719,0.0691721107898433
22720,0.05258849391084965
22721,0.036618789014275295
22722,0.09434319341470258
22723,0.03172252239779983
22724,0.40955877640525856
22725,0.03028426732928103
22726,0.2925423617035965
22727,0.014357616032775126
22728,0.025878896705483753
22729,0.001266280985432786
22730,0.012835931694155617
22731,0.2987775698900328
22732,0.04898872790757663
22733,0.6005679345512998
22734,0.0077531955779932705
22735,0.001372256402277954
22736,0.06171036651394665
22737,0.032688210731324455
22738,0.0044089086905825135
22739,0.003150995892173444
22740,0.002293731552113706
22741,0.0008075350212840675
22742,0.0023893044160764507
22743,0.0017378494892140637
22744,0.01936150762128208
22745,0.002371313951661834
22746,0.01591285042933021
22747,0.013900853912742647
22748,0.3100477102848806
22749,0.44025723403654216
22750,0.022428741727914855
22751,0.002290339407085822
22752,0.004934665723767828
22753,0.4532812097755163
22754,0.20780552259065901
22755,0.1122916684589815
22756,0.00249831494756842
22757,0.013418879456645593
22758,0.7778041058796296
22759,0.10447837124587064
22760,0.0021250526311324416
22761,0.03855086177652753
22762,0.0634925496303938
22763,0.5662642270662824
22764,0.06560891113165625
22765,0.9094618528169254
22766,0.19877760401961345
22767,0.05751027386541119
22768,0.052622762713915895
22769,0.0013987205846569927
22770,0.5368930098812438
22771,0.06225426205774102
22772,0.004756623975289516
22773,0.462593714735372
22774,0.5965551035655805
22775,0.026038766494040827
22776,0.6932478575826794
22777,0.00586426781278067
22778,0.13349304068349122
22779,0.0052649815079699675
22780,0.09724860347972135
22781,0.5257690200944554
22782,0.00946970127740457
22783,0.006913121250242547
22784,0.03737804555987086
22785,0.00912644548646697
22786,0.09975004813072952
22787,0.4139274837881845
22788,0.003691280960765027
22789,0.7846607328367156
22790,0.01946541796893296
22791,0.001526058853484632
22792,0.12021736015497848
22793,0.009478178410994045
22794,0.0013355360053685001
22795,0.3975311263650314
22796,0.6020645415948089
22797,0.0010442000393306842
22798,0.010111114303633574
22799,0.09903887573403626
22800,0.045859841708114475
22801,0.001163285964793499
22802,0.17505189799185336
22803,0.08598916873632169
22804,0.03975430322575515
22805,0.007849433834788847
22806,0.01687758781251777
22807,0.013972199205414109
22808,0.07588351794132596
22809,0.07366940330134313
22810,0.049721724503545825
22811,0.013386436121674264
22812,0.0048600638559642625
22813,0.004900643020945554
22814,0.864740522406233
22815,0.7055745935475128
22816,0.04351679794088088
22817,0.009396599019403633
22818,0.12758168370487097
22819,0.02050804583711482
22820,0.03658142447535845
22821,0.008310149718276592
22822,0.5854516941234535
22823,0.0032752687644096124
22824,0.004938613068702116
22825,0.020464533176885746
22826,0.21055681165991302
22827,0.055864050061075025
22828,0.025265369065616668
22829,0.08871569114283852
22830,0.001628548610082111
22831,0.011245542903244863
22832,0.012066036130606302
22833,0.3946239001407379
22834,0.9328327228671904
22835,0.9357734520258414
22836,0.04613570921813017
22837,0.08600677014932326
22838,0.462439430387781
22839,0.4801781482083045
22840,0.6636448705505792
22841,0.01740177729053341
22842,0.004193656496013178
22843,0.012767325127521871
22844,0.03767459790488864
22845,0.5733714759026328
22846,0.835937668916772
22847,0.0011859357534884144
22848,0.6616479695061859
22849,0.005751744913884741
22850,0.025078787262301387
22851,0.12893010106984
22852,0.0014662566507621171
22853,0.7057481508614335
22854,0.10730674306222329
22855,0.01454760441802023
22856,0.004517850721995189
22857,0.5165216811235565
22858,0.9156113866613411
22859,0.020291677683380575
22860,0.024510980043155894
22861,0.018087059191887765
22862,0.9940587980642563
22863,0.01431268509026989
22864,0.14149997658456528
22865,0.24741642485907686
22866,0.037488314429558585
22867,0.0005922713165519142
22868,0.026304061659682194
22869,0.8912818023830873
22870,0.004028905892192834
22871,0.018934839472086157
22872,0.010224474925064796
22873,0.019990328256212227
22874,0.09736954572423309
22875,0.33454963509421987
22876,0.43707588043237494
22877,0.9726394630558334
22878,0.01636525817783942
22879,0.04338093296643908
22880,0.9885338917646788
22881,0.13868078245458507
22882,0.31691466614737035
22883,0.0814938497163198
22884,0.030034994225659497
22885,0.8138951018286102
22886,0.06892258397781367
22887,0.1034560656774553
22888,0.08356450540162458
22889,0.0013930998618907474
22890,0.06699334615841743
22891,0.006591519665528163
22892,0.1948379761936275
22893,0.6240899784921305
22894,0.24587389924266026
22895,0.04017037115909501
22896,0.18958052203499373
22897,0.0010711875401589802
22898,0.17694320742899508
22899,0.8665076653548848
22900,0.03072022135162155
22901,0.2634329243842949
22902,0.023396601955439474
22903,0.8426269842313531
22904,0.29791993392461846
22905,0.1378348196968246
22906,0.06132061617903465
22907,0.15325572295726292
22908,0.014226043284063218
22909,0.2055370543370617
22910,0.4929799565867582
22911,0.05045710449012117
22912,0.04113237811767022
22913,0.0027030507884417245
22914,0.008666318713258655
22915,0.05438381076293953
22916,0.04494901453135395
22917,0.005675199866040492
22918,0.006257555783959427
22919,0.9113000635565729
22920,0.008420253462625999
22921,0.9345516122870494
22922,0.4360261819182609
22923,0.10347020303823083
22924,0.01662795717621437
22925,0.025612651053521295
22926,0.015863717192826025
22927,0.013576029963841385
22928,0.027811322633569908
22929,0.02297162773922507
22930,0.029678551188435983
22931,0.01140384117098579
22932,0.05382651246249834
22933,0.8984167032622002
22934,0.0058270898551277235
22935,0.01558379165377803
22936,0.8467274173358723
22937,0.05738399461081031
22938,0.04409022727654614
22939,0.05443552258008374
22940,0.05117974949756655
22941,0.9770304808808763
22942,0.0032306693454571605
22943,0.0039019573335265603
22944,0.010660100479043783
22945,0.056259296632947174
22946,0.0024247248087335095
22947,0.18607925256726313
22948,0.006089668888428886
22949,0.0660786005202123
22950,0.04094859419980873
22951,0.02585854348237071
22952,0.12977264433605193
22953,0.8869796193798978
22954,0.01137276259393884
22955,0.010559246820433358
22956,0.1241922883138688
22957,0.002988411128766944
22958,0.01960434591136012
22959,0.005716125477461421
22960,0.3599949901018461
22961,0.0025543310142913125
22962,0.30009167346068355
22963,0.16854244453455258
22964,0.0051351278363323104
22965,0.005572085286413439
22966,0.0527775091803774
22967,0.0024853221334118687
22968,0.9299733641553972
22969,0.008752054540171268
22970,0.09768251530858418
22971,0.05243779074862471
22972,0.003898888121235085
22973,0.01323556449567532
22974,0.29825830220707594
22975,0.05510583778396996
22976,0.00458013130411373
22977,0.003434432412959738
22978,0.014166506408763149
22979,0.689458827028492
22980,0.24978979015703792
22981,0.007732747652997695
22982,0.3383899330423825
22983,0.006030620779065587
22984,0.042569771463584365
22985,0.01362267548343598
22986,0.005874963571534995
22987,0.008700619669983124
22988,0.25047962457983025
22989,0.8206434281760585
22990,0.0036428746447210903
22991,0.020431625861495394
22992,0.027873984987167953
22993,0.009133358280792885
22994,0.005455462124987787
22995,0.002543545717093254
22996,0.009103325026499428
22997,0.017906657940619075
22998,0.01732555627831943
22999,0.021955435195758103
23000,0.034138791293335975
23001,0.3408309470587333
23002,0.43160311171703
23003,0.0802277791096407
23004,0.3532850131420757
23005,0.0056902602093874075
23006,0.004421364858267965
23007,0.09857877146927022
23008,0.0567333676695124
23009,0.9951302388278801
23010,0.005570615252332013
23011,0.011349031616714167
23012,0.4217479622374937
23013,0.9546311706476617
23014,0.0036397283781902483
23015,0.6097508944384191
23016,0.3758765031872676
23017,0.9591287726550782
23018,0.16832469422923046
23019,0.0010235631173443355
23020,0.001211359566174622
23021,0.9493907911511709
23022,0.00538113263840819
23023,0.11439775959422252
23024,0.9307794003948985
23025,0.08640834888880493
23026,0.5629990390683479
23027,0.0648424134621401
23028,0.0550523606417862
23029,0.25329811937962826
23030,0.048801520591358595
23031,0.19560338414337622
23032,0.2953327992506082
23033,0.10054055217174783
23034,0.004018912218633714
23035,0.013985981521464576
23036,0.06365027562659524
23037,0.1510921680873264
23038,0.002996124327532784
23039,0.072442807036928
23040,0.9846643426495065
23041,0.011913129998211647
23042,0.1523193101817924
23043,0.14087863820626667
23044,0.005150484710000275
23045,0.9984579206910759
23046,0.017428543301470683
23047,0.012809373924854725
23048,0.021718253949202328
23049,0.010962684586637881
23050,0.9989980418061877
23051,0.049109822491688604
23052,0.077106454807937
23053,0.0036609465120975414
23054,0.0031941798767143458
23055,0.5845196928196422
23056,0.05542145901444998
23057,0.6635449520118015
23058,0.06309317579380985
23059,0.003555105854535336
23060,0.08297662797259167
23061,0.005724306027548743
23062,0.02973773599138925
23063,0.06648717616698864
23064,0.8738792647341579
23065,0.011046446250481673
23066,0.41166546650791086
23067,0.3068887486003987
23068,0.7910075039811053
23069,0.0071753156149408845
23070,0.0007186199181047603
23071,0.9091789200290574
23072,0.015556708598043582
23073,0.4935933807841765
23074,0.013555277400365669
23075,0.01902886154010307
23076,0.06282369341511615
23077,0.03832279654067331
23078,0.049792814040624286
23079,0.0278526354687087
23080,0.01693239532746017
23081,0.19984487055599084
23082,0.003849733973885075
23083,0.008198744779082957
23084,0.6216570604447488
23085,0.04662344862576847
23086,0.003915096573049435
23087,0.576870504827115
23088,0.026775515454387427
23089,0.2012043927327698
23090,0.00678081232815266
23091,0.17291160214026952
23092,0.0006981855621560396
23093,0.17532513257824558
23094,0.19682779939074843
23095,0.007191287690574911
23096,0.0493817040099849
23097,0.0386521375134314
23098,0.23592564951019818
23099,0.0001596128485897932
23100,0.015035357405385832
23101,0.94975422132957
23102,0.017021748917704367
23103,0.007420749273452108
23104,0.02471164755063001
23105,0.6067817799880231
23106,0.0025375944276584887
23107,0.0069930830638532
23108,0.0025102231702494203
23109,0.6800752895795824
23110,0.17856764686728474
23111,0.0014899069977548996
23112,0.173243707959664
23113,0.028299398237806653
23114,0.002306623089569146
23115,0.35022105756956157
23116,0.04598672753642454
23117,0.9138571333699278
23118,0.00634974985023685
23119,0.00917266759584395
23120,0.002032844621727734
23121,0.014112936795296132
23122,0.0019439062254118069
23123,0.07552002596531475
23124,0.9791713704931285
23125,0.12733375202972302
23126,0.10606459034710021
23127,0.008967901542363418
23128,0.03563819590716838
23129,0.9082839970314094
23130,0.007518138069433696
23131,0.04037580959961053
23132,0.020448711481199765
23133,0.462474038384103
23134,0.4705756754060042
23135,0.6540995811367906
23136,0.11033195735850417
23137,0.13874063162584677
23138,0.26009324674630185
23139,0.00305276259122857
23140,0.7272707488894951
23141,0.06492363901119808
23142,0.42521826362749615
23143,0.019667305053361207
23144,0.9289078362010393
23145,0.02816353075092673
23146,0.8093935056573165
23147,0.13181414360307642
23148,0.009367897764847647
23149,0.004000535666536533
23150,0.02579788658356136
23151,0.0050311390722305675
23152,0.0021987002097593323
23153,0.02290282134599005
23154,0.5743281454852738
23155,0.04985948750618628
23156,0.008445318317438728
23157,0.12751364653613637
23158,0.13104237217291229
23159,0.11834017456112204
23160,0.09807272258358199
23161,0.06433782781117627
23162,0.9865496172849085
23163,0.1486289070912935
23164,0.002797020519952218
23165,0.00761523709921984
23166,0.9981451416365139
23167,0.1111169384705137
23168,0.37387745624000085
23169,0.154890584334751
23170,0.016913835204142573
23171,0.5077254558418055
23172,0.3788701067057506
23173,0.039736134138694194
23174,0.004358372614880542
23175,0.0029053559448890417
23176,0.22252118303026477
23177,0.04920391012501871
23178,0.9759108694974457
23179,0.003242840519692605
23180,0.032995191428791634
23181,0.5608605685727515
23182,0.420715390723545
23183,0.8280300872150551
23184,0.1385971377254552
23185,0.025368338870473014
23186,0.010684285300624792
23187,0.9694844194796154
23188,0.008967529562752645
23189,0.054602409384984486
23190,0.05358972019926315
23191,0.05126064644216825
23192,0.1707613167061073
23193,0.003936260178296908
23194,0.0028869492405752834
23195,0.1390875611388203
23196,0.029155567553126916
23197,0.28716484641787804
23198,0.0820006107608891
23199,0.19861583107054576
23200,0.8775031793402456
23201,0.023530766570303355
23202,0.5283668724612065
23203,0.3893812630877664
23204,0.06975090134905453
23205,0.010292724803873332
23206,0.9526156740201824
23207,0.12014969045183722
23208,0.7900577474456588
23209,0.0004048309235972885
23210,0.2641799358610893
23211,0.07590911883248051
23212,0.23103237942863622
23213,0.1626341813547893
23214,0.03943700042944018
23215,0.004829082895521026
23216,0.10122331036298353
23217,0.09315557492556352
23218,0.6889480317856248
23219,0.006289001045764049
23220,0.03202983743251632
23221,0.03177230628210049
23222,0.011491465398772155
23223,0.13271484305978273
23224,0.6616879501226683
23225,0.054651119830493325
23226,0.028587357300783208
23227,0.0020972592677787963
23228,0.013132046503367484
23229,0.05515856090896497
23230,0.0724077571472725
23231,0.06091495975743093
23232,0.004292066570239418
23233,0.013105247502585717
23234,0.004765090419848654
23235,0.26563025483378855
23236,0.21117665074861622
23237,0.08850077113728912
23238,0.013046444978523211
23239,0.11244114532470206
23240,0.7171155314248455
23241,0.004892530261648394
23242,0.03350011844900144
23243,0.3164951978514255
23244,0.034959440542240865
23245,0.7999856782858115
23246,0.5844080830462516
23247,0.441999533005735
23248,0.006247329400452594
23249,0.41090219118032195
23250,0.5834091384448495
23251,0.014067279555058413
23252,0.012282910423286058
23253,0.059145317146796064
23254,0.09838591367248026
23255,0.016708841111386125
23256,0.017183750495387444
23257,0.01022353827394432
23258,0.0701228297379336
23259,0.3435417892871198
23260,0.9404469072094553
23261,0.895856277447872
23262,0.02463696529294092
23263,0.050148422488056794
23264,0.004587893806542877
23265,0.011088140783556124
23266,0.058986070075682975
23267,0.1407302218453426
23268,0.7866511975948336
23269,0.008835534210211972
23270,0.6806992274551962
23271,0.3135847484506231
23272,0.0032769550638357047
23273,0.09834863730458447
23274,0.06307172640886885
23275,0.017888771186720068
23276,0.9920265170174584
23277,0.05647863085718747
23278,0.05723301372971457
23279,0.6532575207141007
23280,0.6548501496886173
23281,0.4154942843706402
23282,0.9964421765994319
23283,0.018419121831437783
23284,0.8090460357968199
23285,0.001010339896339955
23286,0.001990808772402459
23287,0.01209759844367873
23288,0.019707091479252356
23289,0.041105447997759566
23290,0.0005569056029437411
23291,0.07449468344973169
23292,0.10906554553125072
23293,0.0051239657924922015
23294,0.07098323767185359
23295,0.010759666712395798
23296,0.3111606172454256
23297,0.19760692211841036
23298,0.18956264843323814
23299,0.019108718453866518
23300,0.005976301730055407
23301,0.7368562558989876
23302,0.568153724013039
23303,0.5919282960743635
23304,0.8922027385613197
23305,0.38577840525211793
23306,0.47753288655295656
23307,0.0018494181572109645
23308,0.8475403532133677
23309,0.1056740686977023
23310,0.0010672512424913104
23311,0.3994505083960377
23312,0.20958750500079848
23313,0.005958552900649584
23314,0.3546227091219568
23315,0.010361450872972128
23316,0.6755748197070399
23317,0.5253587014757815
23318,0.02778607774272437
23319,0.4578249317543243
23320,0.8005815534741929
23321,0.06857527298500818
23322,0.5713224702904138
23323,0.005764388329540386
23324,0.11185672318067605
23325,0.005720072018681054
23326,0.009882223629820722
23327,0.004360139056155899
23328,0.9955451611930687
23329,0.178478878722377
23330,0.02688230157378477
23331,0.0019331391466895506
23332,0.1972117128365918
23333,0.10526035087634249
23334,0.029736960141454286
23335,0.14060466138501437
23336,0.006855583606272912
23337,0.08950393798919727
23338,0.7547731997376579
23339,0.8234492972340822
23340,0.4258377525899683
23341,0.07842167353408712
23342,0.005623357111133337
23343,0.06524917130758084
23344,0.04522759021091703
23345,0.30371673875397065
23346,0.5056566878390208
23347,0.09345178082950195
23348,0.01897937785143443
23349,0.009121915482124626
23350,0.2930762734890158
23351,0.9448680408620338
23352,0.009749942284527472
23353,0.051392998118846796
23354,0.22170062879974203
23355,0.7323909732409344
23356,0.03012647656627707
23357,0.1630082679965802
23358,0.9509470554460349
23359,0.03887795450400984
23360,0.028986934951171668
23361,0.006434591857315262
23362,0.06560875880483498
23363,0.07857130124458377
23364,0.37450593841964513
23365,0.49458132210866734
23366,0.008540538361540737
23367,0.0010388668575752246
23368,0.12492471057012315
23369,0.06334620573957517
23370,0.09043877951061674
23371,0.18489473885609037
23372,0.018069362188794964
23373,0.010788282189991581
23374,0.012188764565707808
23375,0.007988344875457014
23376,0.9782043071874377
23377,0.005237146641209972
23378,0.9999999999983826
23379,0.6715945286742658
23380,0.0032164437350992083
23381,0.27776128912212544
23382,0.011651413938765304
23383,0.7003925254020451
23384,0.004411814283927586
23385,0.12396798954418566
23386,0.08834813949641843
23387,0.26790740531680596
23388,0.6940540865047597
23389,0.603916070303507
23390,0.9821256800809632
23391,0.017105674662824515
23392,0.002689763232547003
23393,0.07471691441025625
23394,0.054861589332847516
23395,0.006291870096532034
23396,0.3087475752174268
23397,0.7002409514307276
23398,0.015891819123167825
23399,0.12090940973355727
23400,0.11187543730283768
23401,0.012222864511233047
23402,0.04110916752550013
23403,0.28618579660296184
23404,0.034670727388497566
23405,0.4439802556749342
23406,0.9619712695652144
23407,0.010179812191275908
23408,0.092186427346938
23409,0.1787180398636842
23410,0.028634398036583623
23411,0.13027346963813569
23412,0.07817995647617605
23413,0.038373660738027206
23414,0.03419576736798778
23415,0.0019488782772685315
23416,0.005167232182642215
23417,0.014262430352397652
23418,0.026428349525258948
23419,0.002470897977303227
23420,0.006471254829240602
23421,0.5440844822038668
23422,0.41749632335767445
23423,0.026708987923809463
23424,0.009210234256730166
23425,0.12342845144942115
23426,0.05106961402513304
23427,0.007559080706453058
23428,0.04220073796471157
23429,0.011891925047428902
23430,0.09503193418977732
23431,0.718915907561883
23432,0.0022948726649791944
23433,0.5411378989106211
23434,0.01592875880409122
23435,0.006707581343114331
23436,0.6810788134957849
23437,0.2064118301136357
23438,0.2532941670029316
23439,0.23794938084565576
23440,0.32399360455805576
23441,0.005425744204418847
23442,0.3002311980822697
23443,0.05113447996899458
23444,0.08917793120993561
23445,0.02089014568860086
23446,0.05642235495007743
23447,0.00858867537960169
23448,0.2450568314110091
23449,0.3800753361515627
23450,0.024605476194716477
23451,0.002382453910535724
23452,0.010124417921849637
23453,0.9216851272097588
23454,0.98650530658638
23455,0.007357388958972121
23456,0.005480244938842632
23457,0.9859728855739145
23458,0.31137544584686166
23459,0.12051989637407144
23460,0.05470013834686235
23461,0.13102753976636083
23462,0.010166447223035011
23463,0.3894957286718171
23464,0.004772542596191648
23465,0.35594388398878707
23466,0.41296214481957405
23467,0.006884061138907224
23468,0.11585752138469874
23469,0.07926590966742815
23470,0.057432751692695724
23471,0.04200502653977476
23472,0.4925337604014743
23473,0.8038135420642193
23474,0.03955411860920295
23475,0.0011816676117464872
23476,0.7221269614055396
23477,0.14820758409920984
23478,0.030003082491939708
23479,0.19305246928208517
23480,0.010322369993826993
23481,0.08964603414944713
23482,0.0233002284869537
23483,0.0013529605306931882
23484,0.8939545987349634
23485,0.014646984715986692
23486,0.007672433171141711
23487,0.0014732307422281152
23488,0.001985221503570874
23489,0.031084767986873645
23490,0.19619417061519412
23491,0.002667983480593315
23492,0.5839523486558114
23493,0.0028225987725667722
23494,0.019366190767242962
23495,0.08040529757412465
23496,0.04538057494837656
23497,0.6006814656898048
23498,0.045231806395832144
23499,0.018606010313511473
23500,0.010985839415372962
23501,0.01927728580449147
23502,0.01922937566771607
23503,0.038132580778841844
23504,0.7888409959777068
23505,0.010323959085383694
23506,0.013642241015719434
23507,0.057255368025330954
23508,0.07908945003263781
23509,0.03199775641870259
23510,0.014575746961316185
23511,0.5499275378840098
23512,0.7739293648476215
23513,0.010998139320828208
23514,0.9940350409766517
23515,0.321341897059999
23516,0.005458537923721859
23517,0.015554419898967529
23518,0.00804736011053422
23519,0.01241917298030431
23520,0.25806186181893614
23521,0.8531159955203289
23522,0.0351447659756213
23523,0.06338136070197455
23524,0.0024110986228590295
23525,0.6718355103491915
23526,0.7940208576244138
23527,0.03584216617772335
23528,0.14449121762668543
23529,0.055755365067886455
23530,0.7921123644400486
23531,0.22737547990517804
23532,0.13429407113473954
23533,0.11881111911030984
23534,0.010284015456799345
23535,0.0573574951594791
23536,0.015328263723599944
23537,0.0050857905394764225
23538,0.47933262544669897
23539,0.0011214359948027125
23540,0.2945472543906387
23541,0.011020594245200317
23542,0.007838885366701326
23543,0.011523176246081453
23544,0.005261284527467836
23545,0.12229734865717232
23546,0.44075604252242395
23547,0.004984077104841878
23548,0.07080008765654691
23549,0.03643600667286697
23550,0.18493481605486917
23551,0.011327567736380578
23552,0.009816584467652646
23553,0.7913366596482018
23554,0.006260186005327221
23555,0.9953115960473854
23556,0.017916420509912042
23557,0.14445914119927303
23558,0.002729585091665832
23559,0.032972683299469605
23560,0.03611730298927391
23561,0.973884381736501
23562,0.0028402901252572
23563,0.2685221649499503
23564,0.027596863720701595
23565,0.46608653591194277
23566,0.06767133466646931
23567,0.5384961282042385
23568,0.07658638900515226
23569,0.650202051294915
23570,0.9580503029011873
23571,0.9233107673200311
23572,0.011122908073460785
23573,0.0047491493894170215
23574,0.0062866903886843
23575,0.012142664962757545
23576,0.017397347614901693
23577,0.00396979449419035
23578,0.00353043205946658
23579,0.6335564917710856
23580,0.4924402106226217
23581,0.030238489974999807
23582,0.0021682606739111443
23583,0.002670633238960287
23584,0.008080146522344565
23585,0.005635929358651155
23586,0.04608183091463298
23587,0.0019719899363333827
23588,0.002826754113473713
23589,0.3247149189471508
23590,0.002225666153019322
23591,0.05304688119007518
23592,0.029518017290240527
23593,0.005734665339167124
23594,0.048419296373883126
23595,0.9372401273241043
23596,0.19174266504220291
23597,0.9795688604978577
23598,0.27430870841303434
23599,0.0065737326686162376
23600,0.07879794341376734
23601,0.07175485772156696
23602,0.030749055334764925
23603,0.027225833791878238
23604,0.057941444242131594
23605,0.007718709483268347
23606,0.6627374829428881
23607,0.8974136085348716
23608,0.03831044963563962
23609,0.0657860070054341
23610,0.04184265813650601
23611,0.024013595796045617
23612,0.09298017126986839
23613,0.42020287421313646
23614,0.0006682356306035297
23615,0.902584585054386
23616,0.17898230166214224
23617,0.0023373141073743243
23618,0.8995361451833924
23619,0.0276565092062
23620,0.036249204835443694
23621,0.23619395427444217
23622,0.07108947889916356
23623,0.026614175327445328
23624,0.09699301279846287
23625,0.9929439470139112
23626,0.009890569525713057
23627,0.0016557878531473665
23628,0.015002141802892043
23629,0.005738502467763472
23630,0.05305965819599446
23631,0.9928111741635716
23632,0.056309678117622004
23633,0.7280050255667985
23634,0.019292242900234836
23635,0.0460495383688593
23636,0.06358664199397668
23637,0.0008023387468074083
23638,0.15320165498792365
23639,0.010508907672139248
23640,0.0003292869300333919
23641,0.0012355114935218646
23642,0.08589701788859534
23643,0.06318549522684876
23644,0.03606839719402944
23645,0.0018734886916740446
23646,0.5791287050938679
23647,0.00028872262834853216
23648,0.3210562065474022
23649,0.09294549060414557
23650,0.8863150983364833
23651,0.04596915832838432
23652,0.035336152376204515
23653,0.91720233231719
23654,0.022011839961811237
23655,0.6268267571437002
23656,0.09783246574275935
23657,0.1082574750516158
23658,0.6968126976329156
23659,0.05314314647487247
23660,0.06627683611898262
23661,0.09662195285245398
23662,0.17103355129489717
23663,0.00851886027933922
23664,0.9565594908510285
23665,0.005569597550348617
23666,0.050338054234735564
23667,0.09695572083617776
23668,0.004802613783951667
23669,0.8377468361926262
23670,0.05585854341349633
23671,0.05568026619431174
23672,0.016425481589617437
23673,0.011453674364665408
23674,0.9160296809004916
23675,0.06405674173773764
23676,0.0030517875969837825
23677,0.0689469076672861
23678,0.8869182038509138
23679,0.12886814926404713
23680,0.0870325889359894
23681,0.3559665862035179
23682,0.00409544488841974
23683,0.15874781022929296
23684,0.0030725387006900707
23685,0.34415225757612955
23686,0.0427007127556798
23687,0.9152192578268067
23688,0.0037545382634492372
23689,0.15750054664937665
23690,0.0919907826788199
23691,0.34882457754572743
23692,0.0006892156761795223
23693,0.9958663241766847
23694,0.9584317250536046
23695,0.0026241974356856572
23696,0.28753558875819024
23697,0.004504727046070392
23698,0.5777615046182912
23699,0.052197347980890964
23700,0.05836610167449015
23701,0.021116041580718194
23702,0.5431813950032001
23703,0.020632518574947373
23704,0.3921692222151978
23705,0.021730270825279882
23706,0.011406989186639347
23707,0.011745089383304985
23708,0.18118512904361378
23709,0.10279599309911025
23710,0.006695809642495584
23711,0.03167535075055557
23712,0.0009294302693561877
23713,0.14701193528730616
23714,0.7807286265610012
23715,0.9907707101726004
23716,0.1546289783463293
23717,0.1459975240731549
23718,0.006511564430710534
23719,0.01364688653523309
23720,0.18749207456569822
23721,0.0014576850107949197
23722,0.00967452953492626
23723,0.9986286490833287
23724,0.05070860498055004
23725,0.00222535490029677
23726,0.010835087638874658
23727,0.02359918034063261
23728,0.5213322650619608
23729,0.0022945247052538423
23730,0.9606149753019789
23731,0.017612654482636346
23732,0.00891014405905949
23733,0.004830066150815499
23734,0.9423109039259279
23735,0.06715496015422294
23736,0.011659115300285313
23737,0.024867427874210816
23738,0.06995241961421808
23739,0.15984645810661238
23740,0.09049966608730257
23741,0.5316732123353847
23742,0.2458203443724452
23743,0.044091974617311736
23744,0.08929830982685501
23745,0.9552647115757849
23746,0.06700130428326558
23747,0.03478758584019141
23748,0.9187149201835872
23749,0.30004019935407505
23750,0.23060575275834116
23751,0.015742131765143906
23752,0.972191950687397
23753,0.017408542429415672
23754,0.010680831245259587
23755,0.15947762091815745
23756,0.018135197153559268
23757,0.30651847113560193
23758,0.0046131200587418795
23759,0.5395111149691186
23760,0.012224234173992288
23761,0.006732629091230522
23762,0.008228348808068144
23763,0.9179048045777952
23764,0.00391348566877747
23765,0.015410615014277805
23766,0.023205089555955613
23767,0.04133996386963163
23768,0.8887721247262512
23769,0.060041753637512
23770,0.04486071217162153
23771,0.012650289512935183
23772,0.19546261759722428
23773,0.0035674212434344504
23774,0.0890844762083717
23775,0.5286406708104623
23776,0.010963871828467212
23777,0.021470745714142946
23778,0.9277979243385992
23779,0.16794594039290092
23780,0.9326088951221536
23781,0.025199601342739297
23782,0.045830644336775084
23783,0.00990179801999717
23784,0.005613174762958945
23785,0.0002047931401521371
23786,0.5267538566465684
23787,0.33172731098777275
23788,0.019291224459001884
23789,0.3366397877974809
23790,0.5858930030982992
23791,0.0017628374895568278
23792,0.008867927747481245
23793,0.0055287112729941745
23794,0.002227198515859288
23795,0.0013112629980156292
23796,0.0031576673221797792
23797,0.8517130464178199
23798,0.0019413869716353397
23799,0.4106192912824767
23800,0.2110046393277878
23801,0.07006148418324831
23802,0.2810303272548695
23803,0.37562641245101297
23804,0.0584564664127204
23805,0.7612419069230054
23806,0.6062531811788238
23807,0.3019810638878757
23808,0.03420333536400823
23809,0.6106184586535787
23810,0.005506605896721365
23811,0.4578143107832286
23812,0.9249455503148144
23813,0.07251263063543972
23814,0.005333311798638577
23815,0.008190356154276345
23816,0.020041258628295634
23817,0.8399754563953464
23818,0.0034027042674141133
23819,0.5938500232598831
23820,0.0041695677610841765
23821,0.013762174122242784
23822,0.01522441106728538
23823,0.03913484123529556
23824,0.010779973220991142
23825,0.02787615150292681
23826,0.582890707047909
23827,0.35406832300218555
23828,0.007125296612283931
23829,0.09150669018617298
23830,0.0083032507643491
23831,0.29873193744685445
23832,0.618899333189053
23833,0.007985214135523397
23834,0.003942304584222158
23835,0.01872041449012908
23836,0.002811115896365362
23837,0.19199841720297203
23838,0.0069442055623940985
23839,0.012010369053255
23840,0.35203105326625
23841,0.8648416719969618
23842,0.34967410280625405
23843,0.03132007930940908
23844,0.2207637356934159
23845,0.3274947058694549
23846,0.0027140252100905393
23847,0.006112564121673285
23848,0.015081337203777054
23849,0.9311039321033269
23850,0.011778681811468019
23851,0.584869162695467
23852,0.0016238338572959717
23853,0.00974564586372766
23854,0.5401229303555302
23855,0.01534500118597257
23856,0.30646874424349274
23857,0.2787866009339791
23858,0.2815790307437421
23859,0.004542331738633608
23860,0.04717857484964933
23861,0.016989405422084717
23862,0.0033843076878164948
23863,0.007818819591444502
23864,0.006039803388972934
23865,0.08544254212405587
23866,0.06407556982164904
23867,0.9458499083390358
23868,0.32258203695203963
23869,0.05117372100081478
23870,0.009903031035731601
23871,0.31768473104739353
23872,0.18015182754282505
23873,0.028547366405430964
23874,0.8682834970617292
23875,0.00312033315768586
23876,0.06819939181856867
23877,0.06397841873332065
23878,0.9681251989288567
23879,0.010564993499193015
23880,0.007941206997987765
23881,0.9203886981779098
23882,0.7896066036683185
23883,0.1218562367648355
23884,0.01245422651502087
23885,0.9864416442172284
23886,0.010874978937870037
23887,0.005146200797650265
23888,0.16362002952325932
23889,0.5370383285746337
23890,0.004980250767345277
23891,0.01760949579313767
23892,0.2711823188634901
23893,0.0036045535348799692
23894,0.07135198618258799
23895,0.00169321012861725
23896,0.16422859859317376
23897,0.2494542856734843
23898,0.01771276672840277
23899,0.0452396697306264
23900,0.03736879844943826
23901,0.033662939483067145
23902,0.022474695197918303
23903,0.014417246830028478
23904,0.07131637591680039
23905,0.010063646205681015
23906,0.002074418857397816
23907,0.05711867741495769
23908,0.006727760863737194
23909,0.01122675767879911
23910,0.010273041838389183
23911,0.011627685890134078
23912,0.3533508440311117
23913,0.017217418205384902
23914,0.016360256611432224
23915,0.0033400819819608967
23916,0.5279489806989798
23917,0.008571816340281964
23918,0.6802952992329472
23919,0.01604228815980292
23920,0.6031417491890714
23921,0.015799777334304616
23922,0.0654232892602604
23923,0.8602536322460489
23924,0.01250432793262912
23925,0.9854084549204732
23926,0.0011554507972170588
23927,0.5727510077918535
23928,0.09381311144671724
23929,0.580855727068377
23930,0.0035976848656926364
23931,0.0094386793112422
23932,0.29476122639843466
23933,0.11621372569068338
23934,0.10198009325098542
23935,0.014885761487880391
23936,0.07835694538851372
23937,0.01844005979932703
23938,0.029057664649931633
23939,0.2019875293269525
23940,0.1832345367268015
23941,0.9229043787746644
23942,0.028163048697487154
23943,0.005902175189478656
23944,0.12493364683728124
23945,0.10898850165239533
23946,0.009335127508570393
23947,0.026272882236382012
23948,0.3281787719677373
23949,0.02573434095858457
23950,0.009526014057009402
23951,0.004321615456557929
23952,0.04664999990981918
23953,0.009335060418075879
23954,0.04507951899473659
23955,0.042514264893559556
23956,0.041238919565429764
23957,0.006983773338549583
23958,0.6976958212018843
23959,0.0018793626072636785
23960,0.27804393881835343
23961,0.23594773618899142
23962,0.0019569993755630456
23963,0.5037967196978883
23964,0.16858678174436129
23965,0.005036248246976485
23966,0.00780381350357126
23967,0.007341410850595453
23968,0.04305415714040776
23969,0.13860329095995144
23970,0.8534567425711015
23971,0.005869856514696211
23972,0.011784419221401247
23973,0.011346623534865498
23974,0.12273730970846074
23975,0.9640155558359086
23976,0.0012154630486545732
23977,0.9728297389456938
23978,0.0017762527009582535
23979,0.5900131863981511
23980,0.7127859821613114
23981,0.0058419401438317906
23982,0.03478189244695508
23983,0.9869756886898248
23984,0.039273970947754096
23985,0.016172302037947405
23986,0.07752783480069482
23987,0.38364927681808375
23988,0.01608445751252974
23989,0.21504736675481953
23990,0.14027315698875006
23991,0.5056501354112914
23992,0.05200694325905585
23993,0.007378436823654015
23994,0.7213548260093718
23995,0.027402999245567397
23996,0.17459844707256078
23997,0.05534935311215792
23998,0.975658414500244
23999,0.057172152829573726
24000,0.009340695118955812
24001,0.022375695385999303
24002,0.042956257189501815
24003,0.0249306829427546
24004,0.3628115325010916
24005,0.7032886215982275
24006,0.3244819683449987
24007,0.0009567028456584094
24008,0.03864399280702486
24009,0.004188246297067573
24010,0.006086166516322256
24011,0.004875641298868604
24012,0.005591810213465316
24013,0.32806526294828625
24014,0.9156375158837526
24015,0.6251485548529617
24016,0.005961080271200421
24017,0.7524147276841932
24018,0.0109035770696147
24019,0.015850607741957283
24020,0.03154935746430719
24021,0.0446181989187021
24022,0.017993419752009153
24023,0.9633008863601259
24024,0.7101619636633716
24025,0.029464616430257343
24026,0.010803996754142427
24027,0.023799921211934822
24028,0.014272243652163057
24029,0.30790857536053795
24030,0.0007163185386530527
24031,0.0025919290462440925
24032,0.19655183783543834
24033,0.010252313936883055
24034,0.044823268898829205
24035,0.003823038988058696
24036,0.15831930730013621
24037,0.017012122810201997
24038,0.20964503403921544
24039,0.888620075938582
24040,0.0018658285173999097
24041,0.9488492370783695
24042,0.5003489376504658
24043,0.19860006518756682
24044,0.5312927263414298
24045,0.9872101114499804
24046,0.4216776135767313
24047,0.0090206773695577
24048,0.0993204521469824
24049,0.05860876526348728
24050,0.10711099812173465
24051,0.01683707927450467
24052,0.035462682759508285
24053,0.08858366864385293
24054,0.010025183997605366
24055,0.28258207241342304
24056,0.0592554198541133
24057,0.06162044222086512
24058,0.2084675813188701
24059,0.9269731443831835
24060,0.8270586593324188
24061,0.0051578955975383235
24062,0.016762959680485662
24063,0.1987129657841248
24064,0.08080800512346041
24065,0.013444126526693391
24066,0.025252420600065835
24067,0.0004077008904288395
24068,0.019749025565018303
24069,0.011028496810137301
24070,0.0947906980323727
24071,0.28069735319228184
24072,0.09106320623172057
24073,0.6220451435908181
24074,0.050513494694120746
24075,0.950758209543482
24076,0.016849595003524082
24077,0.14791424779501558
24078,0.005109078851787974
24079,0.8192925332448715
24080,0.05214409325586376
24081,0.0004691122503626034
24082,0.49197311189032766
24083,0.8777231779219329
24084,0.021259521572363754
24085,0.4048473277999967
24086,0.005655340516973505
24087,0.0467881478721338
24088,0.15282701528531667
24089,0.5916355986200065
24090,0.12044337110712422
24091,0.17994487605274184
24092,0.02182476308165258
24093,0.05161843991681701
24094,0.08809532865485625
24095,0.0009251418240128
24096,0.40167623662187035
24097,0.21196158983231553
24098,0.4684352358586962
24099,0.35691118508500763
24100,0.00669590591223586
24101,0.07686854384282055
24102,0.009891006464722522
24103,0.9981108217284708
24104,0.021701729915152353
24105,0.23972611039513297
24106,0.004319263563338032
24107,0.004291966079145536
24108,0.005201297332029986
24109,0.9061456467335575
24110,0.9452623165822006
24111,0.9950048567074884
24112,0.5793477262351405
24113,0.017865198754608076
24114,0.018685139262720217
24115,0.010266468476802184
24116,0.9784118414583526
24117,0.18809563455626638
24118,0.07077265750278595
24119,0.16866766978866266
24120,0.05097944290269788
24121,0.14492215676112502
24122,0.005179177895873734
24123,0.011362247448984524
24124,0.35112401992914877
24125,0.0017054123774812439
24126,0.026087399555743258
24127,0.002102499288835879
24128,0.007300821969627247
24129,0.005405018343689437
24130,0.07467562296944211
24131,0.05260913798498846
24132,0.002253717120007826
24133,0.0038659152492073246
24134,0.9682179377954603
24135,0.8048246999498864
24136,0.16725188659105653
24137,0.008969894255438949
24138,0.03833344186659423
24139,0.0030837789252413585
24140,0.002521893013157251
24141,0.8970337200222452
24142,0.15620859971529835
24143,0.9616872294808599
24144,0.5635855407935477
24145,0.02260870731974079
24146,0.20386507908125603
24147,0.035196465049271174
24148,0.06359119631959191
24149,0.03214455716009995
24150,0.12790374284217157
24151,0.540293509611086
24152,0.8085781240248482
24153,0.044709194185013915
24154,0.40481482504399935
24155,0.08460599434358929
24156,0.11749522678151464
24157,0.06679297175221795
24158,0.36024794834668167
24159,0.06854928111886376
24160,0.05948545176671532
24161,0.979508285889644
24162,0.00018972911051824812
24163,0.11495273422292418
24164,0.04432414169666238
24165,0.021690337862410453
24166,0.04049784819799268
24167,0.8886150535671791
24168,0.0382296057116395
24169,0.00146141809479616
24170,0.013553022416048369
24171,0.006845374149376989
24172,0.042842224811632676
24173,0.0035961807703666863
24174,0.912987792901623
24175,0.060128601193942734
24176,0.03797303989422225
24177,0.1498085402363067
24178,0.9547090308350515
24179,0.06402311711917287
24180,0.199658250986725
24181,0.23433997443203844
24182,0.0027303874740299133
24183,0.016737752182904603
24184,0.42212018295119513
24185,0.8929621771043508
24186,0.018617032961388467
24187,0.028725392529945565
24188,0.010600014640260861
24189,0.10484902540639963
24190,0.1808170620577128
24191,0.00951821875632079
24192,0.9819902049746986
24193,0.0030162693686218802
24194,0.006100824984214878
24195,0.007585434774890968
24196,0.08319070460799778
24197,0.3681668964568784
24198,0.00996584791830258
24199,0.7881375709278773
24200,0.08781381871807904
24201,0.012811986526181044
24202,0.052771148383072466
24203,0.5275418225104795
24204,0.030545381234396478
24205,0.017914732235414885
24206,0.1975226892618093
24207,0.09972975520261901
24208,0.03049973960342504
24209,0.10266522804681573
24210,0.050190143611454595
24211,0.09842736597294705
24212,0.0017580542985888609
24213,0.19353589536147098
24214,0.016064653051324727
24215,0.6119079110809941
24216,0.10638518257109197
24217,0.012862068145564858
24218,0.03824419026623658
24219,0.5244643464038573
24220,0.013669057505738071
24221,0.3089198589783096
24222,0.020855950000466434
24223,0.018643904614414248
24224,0.3170405890337536
24225,0.17166901816578692
24226,0.1710456923308811
24227,0.029775983806344875
24228,0.008372731873912194
24229,0.06925857367583443
24230,0.7107914310329903
24231,0.0031399667506647943
24232,0.016744555127253275
24233,0.010369326470120899
24234,0.009279289202144412
24235,0.19681259338590182
24236,0.8308371507815021
24237,0.08858250233478254
24238,0.05010273798539181
24239,0.41748955549047173
24240,0.039663991641120576
24241,0.4536596947095743
24242,0.00049208493486202
24243,0.4023937465054051
24244,0.047962134597509115
24245,0.015502396499493963
24246,0.05251930997786141
24247,0.03836019649651349
24248,0.0015962075436690244
24249,0.0012781105737908628
24250,0.013963792758477563
24251,0.0006208082463312742
24252,0.0036737848264462745
24253,0.13051786791014044
24254,0.8255657481051574
24255,0.020465118739119513
24256,0.007200799783544588
24257,0.039712624815748436
24258,0.1772958429428976
24259,0.24234626384860056
24260,0.010901225178604259
24261,0.051532435094298536
24262,0.010756536886335969
24263,0.13822854853768046
24264,0.006725077932787616
24265,0.10034777739501653
24266,0.0028242697600701994
24267,0.07151756055145982
24268,0.021836819574158825
24269,0.06664518328889377
24270,0.8759799680808745
24271,0.007011400857868421
24272,0.016010433016566853
24273,0.009284818180849402
24274,0.054402547720851055
24275,0.8761115429256443
24276,0.057066308368434474
24277,0.1454478008340454
24278,0.041778214849362595
24279,0.011363362185357079
24280,0.18650252354175734
24281,0.024301461897764807
24282,0.5482793182339565
24283,0.034023591490865146
24284,0.014274452848876679
24285,0.0046382787614117835
24286,0.18185109087792256
24287,0.30920999706284774
24288,0.514407967222752
24289,0.053095012340233276
24290,0.2209256255174584
24291,0.03392035560441836
24292,0.0582357528768672
24293,0.04067441292304052
24294,0.21876685228656967
24295,0.017112420404028383
24296,0.014586042581199544
24297,0.019432039116143163
24298,0.47594890027502523
24299,0.24398131682167745
24300,0.029581618064431176
24301,0.06353171990547299
24302,0.012425908232223311
24303,0.005367052992653501
24304,0.0012852029218256755
24305,0.05320069740182312
24306,0.004779563887572772
24307,0.8668187391173025
24308,0.6430078965652203
24309,0.023148607633142162
24310,0.031710190185834645
24311,0.04781594167067107
24312,0.0069046999170233455
24313,0.0062666869337628306
24314,0.0081917292233093
24315,0.03224333818986162
24316,0.0530220993097536
24317,0.19037410514144518
24318,0.7128048325278019
24319,0.7924669162498456
24320,0.00033181287575928216
24321,0.02841442088475945
24322,0.12614642663518588
24323,0.03151136870804296
24324,0.007535184349914195
24325,0.9557060367218342
24326,0.9969678759077044
24327,0.022292355686302768
24328,0.0017809819905296798
24329,0.004397426618920356
24330,0.4205794966010987
24331,0.006045518743414825
24332,0.004508715864956335
24333,0.06442048142405656
24334,0.35718674874253503
24335,0.16225897485257817
24336,0.9981476993881708
24337,0.2351696344349955
24338,0.103173259369657
24339,0.7480613096406701
24340,0.04758701478046872
24341,0.1621904616362089
24342,0.20044091272176132
24343,0.006578814279826175
24344,0.0010973856412256164
24345,0.17921008509012873
24346,0.03401025586754544
24347,0.09581175833791418
24348,0.021236066427354205
24349,0.8824740952238037
24350,0.07797526553883305
24351,0.009947043382489303
24352,0.290092926437275
24353,0.0057824848329874005
24354,0.005697482914355861
24355,0.014652301870463496
24356,0.007417641276804348
24357,0.05570825072183514
24358,0.017880092880727443
24359,0.015585662687929316
24360,0.004488837709112227
24361,0.3741096843649095
24362,0.005647520342681646
24363,0.9642549986152728
24364,0.14488392319263776
24365,0.027801515753095408
24366,0.008622326873196374
24367,0.14247651358039526
24368,0.07643136697954056
24369,0.0054675660384956234
24370,0.002976460256951987
24371,0.1326051045059729
24372,0.006927850099357816
24373,0.9172976210021322
24374,0.2621845500223638
24375,0.8785252265562618
24376,0.15566321490838794
24377,0.03309454455244489
24378,0.00013429339033889796
24379,0.590193460824304
24380,0.9341953475236627
24381,0.9835627194571667
24382,0.0038062771593291313
24383,0.150033558713707
24384,0.5836681094675039
24385,0.0413668509075235
24386,0.17021554036474118
24387,0.8183973253975921
24388,0.0014383071325599357
24389,0.029087357983219323
24390,0.08835161501946055
24391,0.6074637450738287
24392,0.07835695633102555
24393,0.060804582699023654
24394,0.04604121401928953
24395,0.06261879016501981
24396,0.9213377784828909
24397,0.03217101807488583
24398,0.008705767553882412
24399,0.003021471099645336
24400,0.010668444837067371
24401,0.01904887182010267
24402,0.02418191663533972
24403,0.9679831207663278
24404,0.0016855511516952046
24405,0.10983504053748987
24406,0.0014515822476845641
24407,0.2989264047225459
24408,0.7952710617741987
24409,0.004342765199665432
24410,0.6955684628809687
24411,0.0030794412529102947
24412,0.055939388125580775
24413,0.0061463574703385215
24414,0.055417349057144086
24415,0.002086291326794588
24416,0.0011995205772480106
24417,0.009045289662153939
24418,0.7583331708473052
24419,0.0040971726482954204
24420,0.007296788672661611
24421,0.0030551934095340546
24422,0.715233473794969
24423,0.0011122229329767164
24424,0.013012009716101842
24425,0.04000351162687222
24426,0.14737945403403221
24427,0.011363340995137809
24428,0.16337003370212438
24429,0.7487971551775019
24430,0.02750637948388962
24431,0.03390862691326807
24432,0.004515100575949142
24433,0.06557825817766709
24434,0.0027166717610691924
24435,0.254494383545395
24436,0.21510790666771135
24437,0.6946998933243808
24438,0.0003472560308716686
24439,0.014127723680455704
24440,0.007559319313519105
24441,0.016081994671935336
24442,0.015551833499775661
24443,0.4539795509570466
24444,0.28952196783180795
24445,0.9367185980629926
24446,0.09615330034584163
24447,0.4305716251365769
24448,0.0017952044740281716
24449,0.3666548027817884
24450,0.0012655992383420564
24451,0.03086108652929288
24452,0.6276261064453386
24453,0.29382064139205316
24454,0.08547301250944318
24455,0.04614949404994822
24456,0.07361936969223386
24457,0.1141382654502288
24458,0.012508385064419515
24459,0.11753128949718052
24460,0.0042950431309985845
24461,0.002647725480847685
24462,0.7418351401081286
24463,0.007667123093044759
24464,0.20669027038775586
24465,0.7420493950514657
24466,0.8792186312943426
24467,0.0731914174778219
24468,0.0006783927156580337
24469,0.0028990554966352093
24470,0.03705137500684142
24471,0.9987035702194378
24472,0.07391005950614718
24473,0.8555458548732395
24474,0.014185348617841436
24475,0.0035293184523941565
24476,0.01249621399909424
24477,0.04365393916133617
24478,0.27350740055700623
24479,0.016522470414520637
24480,0.02418065259960112
24481,0.0074815346903790506
24482,0.5209966032178776
24483,0.13854929556511272
24484,0.08671216648982251
24485,0.010560032844852522
24486,0.024507617746766543
24487,0.19298977599024922
24488,0.35561115902980467
24489,0.02022358272791684
24490,0.02335060887189887
24491,0.6615108843988773
24492,0.12583056037886398
24493,0.0077924698276891045
24494,0.1468218470656714
24495,0.03071064928459373
24496,0.00241398051685138
24497,0.05723381630592485
24498,0.15980730296667076
24499,0.007243453486950139
24500,0.000490682705141719
24501,0.21478078191283653
24502,0.054080991343386585
24503,0.0033101998469142755
24504,0.002461765301903743
24505,0.0033438300456676627
24506,0.015856969001808878
24507,0.0008668380732310886
24508,0.001735813443622089
24509,0.06543881197784751
24510,0.05438318627547377
24511,0.3527929298389913
24512,0.08281725356895787
24513,0.0038645167060011054
24514,0.7187826890267669
24515,0.02122379503162029
24516,0.022970260980142133
24517,0.003489100382766009
24518,0.9640144213179872
24519,0.9836579200077084
24520,0.006516758650419534
24521,0.13215332554699497
24522,0.002537740944563439
24523,0.5684404792089114
24524,0.012123828260033918
24525,0.34493411979874955
24526,0.002859524369012097
24527,0.0069865943818704715
24528,0.045053422000711066
24529,0.014792456719945833
24530,0.010556311513041186
24531,0.002694178653178199
24532,0.981023666229643
24533,0.5766070325468189
24534,0.1721170474328267
24535,0.2586056560927361
24536,0.27079519463273455
24537,0.1850675688564774
24538,0.0668641487316528
24539,0.20435252836117368
24540,0.8867781576599726
24541,0.006005375582135332
24542,0.21951478879299163
24543,0.06660551721372597
24544,0.21360781255174283
24545,0.017660239221067766
24546,0.3304615262382365
24547,0.13601743393010465
24548,0.9734824211506321
24549,0.07327057138851684
24550,0.02172452704115598
24551,0.004399707426185226
24552,0.00167140239824489
24553,0.011404501193556288
24554,0.029238753450836194
24555,0.015377698224593953
24556,0.0005092320207833149
24557,0.0348133469990141
24558,0.9857576758657308
24559,0.12306423173032618
24560,0.9192344212562688
24561,0.608706345934878
24562,0.943810531909594
24563,0.036426620917999225
24564,0.02002224888088751
24565,0.16639784644924424
24566,0.020963781152823494
24567,0.027153046744718443
24568,0.2145373823350425
24569,0.010998857605879295
24570,0.2149432462820443
24571,0.002937814011707038
24572,0.13843735237027224
24573,0.0023569414505373084
24574,0.018586731294327714
24575,0.019166214313973865
24576,0.9522267250101698
24577,0.0035942981373198405
24578,0.0006993058009233853
24579,0.9094609230688073
24580,0.020023907071049375
24581,0.976112515669273
24582,0.469503992154904
24583,0.9136980470824091
24584,0.9550189987933546
24585,0.004453866481662253
24586,0.01989963606901829
24587,0.11187154200815243
24588,0.0005950341765897378
24589,0.010050787270655654
24590,0.2656217016098496
24591,0.0022675316036947185
24592,0.2473585915269521
24593,0.030734789542327026
24594,0.2586450761804504
24595,0.008231861851594285
24596,0.9515971742938467
24597,0.06493540158797513
24598,0.0027943507718677842
24599,0.005370933318160466
24600,0.10196768455469
24601,0.47277392161113385
24602,0.004570610594036386
24603,0.0014078613576890813
24604,0.0022151616051590867
24605,0.019508665349835565
24606,0.8992825740687171
24607,0.007391647275917841
24608,0.03871887222187138
24609,0.03634063371103776
24610,0.001368686939856218
24611,0.010261064089817742
24612,0.5887870866150732
24613,0.023969927340007025
24614,0.004541881552748976
24615,0.10313872717201661
24616,0.914203174882274
24617,0.0705207387333475
24618,0.8961187810111151
24619,0.02000647467516209
24620,0.16911713629251782
24621,0.4119444646659803
24622,0.01076227769984317
24623,0.22062071177101128
24624,0.005530217024578334
24625,0.8857539581311368
24626,0.41432453509397715
24627,0.016829830806574176
24628,0.2678706319907737
24629,0.028639148809231924
24630,0.47562907448334857
24631,0.030649633112060953
24632,0.003384417991041343
24633,0.004224961672909821
24634,0.34995628219577807
24635,0.06859537841216266
24636,0.1262945094505111
24637,0.08831871812380197
24638,0.008744449334603985
24639,0.01956804589975584
24640,0.0013972794913128164
24641,0.5677621923752207
24642,0.5572621522743236
24643,0.004889363147829478
24644,0.2106314330509643
24645,0.1395790289915403
24646,0.6912403530381925
24647,0.21157237891534778
24648,0.31122044292172313
24649,0.004592418149128084
24650,0.033897694720064674
24651,0.0350448925430514
24652,0.21362302418749743
24653,0.25441453659749563
24654,0.9688538855030724
24655,0.017427142778474024
24656,0.006932469956966732
24657,0.9177822867150087
24658,0.5547992671931261
24659,0.0020648198903587133
24660,0.009127538737727396
24661,0.13515565790873424
24662,0.8299609653329765
24663,0.005604912080271968
24664,0.04473555842845522
24665,0.004896100200333945
24666,0.006705121251965491
24667,0.055661189219499314
24668,0.7488850208321367
24669,0.6028704290426823
24670,0.6029016916482958
24671,0.9756302048874352
24672,0.08490747105265482
24673,0.0009170977473210767
24674,0.2107142946672734
24675,0.004773727831575669
24676,0.00670027365062056
24677,0.9175001470603914
24678,0.9768984122068821
24679,0.0413933838976639
24680,0.8566894397603788
24681,0.0056832756809598855
24682,0.001394714706500946
24683,0.12542998720403484
24684,0.9590246147715042
24685,0.11957639666507304
24686,0.05429267226867964
24687,0.06778424402472559
24688,0.5414644277162978
24689,0.44136320652847433
24690,0.0034558342871429796
24691,0.012289661565352787
24692,0.8277303470990086
24693,0.08061339448151401
24694,0.028751749686020033
24695,0.022735988233241935
24696,0.33239935391408026
24697,0.0002681815133050828
24698,0.036082021172133695
24699,0.5845732932819939
24700,0.04684330435698303
24701,0.008596611423269463
24702,0.13569225047137615
24703,0.03563640408873549
24704,0.10109472813723915
24705,0.23279167184662886
24706,0.3985885929927164
24707,0.6808644393102683
24708,0.007610221419102705
24709,0.05063869038553733
24710,0.04222492606140188
24711,0.016268260224957955
24712,0.4271308392820064
24713,0.14416688179880008
24714,0.3037116311392709
24715,0.05430436403570951
24716,0.42273666276454014
24717,0.018329780085716674
24718,0.001443192694758813
24719,0.3324072350187278
24720,0.30974655172023713
24721,0.4050792566942649
24722,0.006552052978337378
24723,0.0073171662944575685
24724,0.04403646962800007
24725,0.5116026469396158
24726,0.26006116955046804
24727,0.009465764794122278
24728,0.7114871673509064
24729,0.030436882475976344
24730,0.0046529850820342
24731,0.07691511643305143
24732,0.03502885388481955
24733,0.003205606306529215
24734,0.31062710771121216
24735,0.001355318492570724
24736,0.27335142570231996
24737,0.0007723569263654513
24738,0.34398157074476976
24739,0.004083504770683913
24740,0.1875581464221934
24741,0.12090762430608253
24742,0.5289895075831711
24743,0.00597126609929105
24744,0.0999176584017803
24745,0.09623719933783584
24746,0.0069269693747867804
24747,0.04476325180954011
24748,0.5298289171259369
24749,0.004568858994664329
24750,0.14169192308445663
24751,0.004891033886498838
24752,0.014584312435777284
24753,0.15385871931502568
24754,0.328305500926974
24755,0.013589629505802232
24756,0.0004613741201996797
24757,0.30041349076957846
24758,0.04494542647867166
24759,0.004350654429809095
24760,0.006428437964802665
24761,0.01784154267750218
24762,0.4399246844240742
24763,0.058241210271512536
24764,0.010867642286134816
24765,0.02268149041084088
24766,0.014912757481683987
24767,0.04915716114091354
24768,0.0007337437773692634
24769,0.02489099213432849
24770,0.011566319354227007
24771,0.006537817267040904
24772,0.08409764595406698
24773,0.01247312639799273
24774,0.09601416177673648
24775,0.003605892128771851
24776,0.19829948184541607
24777,0.03358860754358715
24778,0.7904851653389802
24779,0.013497428176086873
24780,0.02043075596874713
24781,0.0023611898891202337
24782,0.9157403598666923
24783,0.1569757047671768
24784,0.35278083222963064
24785,0.25596573310961424
24786,0.05734033842866475
24787,0.0028599933401850654
24788,0.5851574557783623
24789,0.10435075578338932
24790,0.006777247765913975
24791,0.11238640424056809
24792,0.0067006772009587864
24793,0.6489017754047699
24794,0.012638732753478703
24795,0.006707644665767518
24796,0.9852582528119088
24797,0.0077216029535638435
24798,0.006014986813071204
24799,0.03446345377816296
24800,0.058864698826911525
24801,0.002152384585146834
24802,0.779414335783185
24803,0.002681803259538777
24804,0.002580010217322919
24805,0.03714612436086393
24806,0.005654052987990692
24807,0.015291801122833066
24808,0.003516373660682544
24809,0.30638471069351764
24810,0.02393020124871943
24811,0.0034764439135143025
24812,0.004763872170362026
24813,0.2500839110323643
24814,0.12957754056383944
24815,0.007964145396107871
24816,0.0032454184768257797
24817,0.05045667913906109
24818,0.022577696239399137
24819,0.31220677439050926
24820,0.5705994356201312
24821,0.009463763741374264
24822,0.08298122144196067
24823,0.09556429475303836
24824,0.13428109186729723
24825,0.0025830962324441555
24826,0.7596144021662063
24827,0.006850477374608584
24828,0.06672963690570885
24829,0.02373005768538061
24830,0.46631345568114557
24831,0.007174467697941145
24832,0.005304312516706585
24833,0.1420192948832763
24834,0.04508573079414474
24835,0.02182315923417779
24836,0.09118387661198825
24837,0.013232432710724629
24838,0.4502147593865018
24839,0.3041527507989841
24840,0.9019862086150646
24841,0.9675314219902946
24842,0.005262961620809626
24843,0.04195638505855738
24844,0.013212577500098193
24845,0.001685108193392399
24846,0.0025173121601503503
24847,0.5666412822276091
24848,0.014947535172317545
24849,0.03432649813405563
24850,0.004326432326734829
24851,0.4828845742785043
24852,0.183766636979245
24853,0.012656119201877052
24854,0.011103524180270368
24855,0.9755026200164518
24856,0.0025342173002735006
24857,0.012614649623702706
24858,0.06456892569314544
24859,0.0792798148495704
24860,0.24330287880472534
24861,0.2634646510965747
24862,0.008401258798043373
24863,0.521931345231222
24864,0.01731217862610731
24865,0.39437087554892764
24866,0.9964252407368519
24867,0.6267042669919628
24868,0.05352837943720214
24869,0.05108093528380748
24870,0.5944345054644113
24871,0.2751692613371316
24872,0.022218428527633546
24873,0.015293876912552613
24874,0.026398404176271265
24875,0.02896132530661604
24876,0.12786004654710317
24877,0.133715998423018
24878,0.005366594353179482
24879,0.024008835678061842
24880,0.08331889918882379
24881,0.20936254241854219
24882,0.037646108194798085
24883,0.8233987062040157
24884,0.23731286231294085
24885,0.21450004446352847
24886,0.07958103495729761
24887,0.0019409859603524984
24888,0.010350380048812377
24889,0.7112133836379797
24890,0.03393938518298113
24891,0.03607044322740469
24892,0.017237423424288453
24893,0.3017957255947549
24894,0.03158458161847644
24895,0.9837628054488525
24896,0.9858985054855265
24897,0.12927651294653186
24898,0.9564468573270877
24899,0.011407398796737597
24900,0.0908677735327988
24901,0.02715668350943486
24902,0.48562764530920943
24903,0.02103873209016631
24904,0.01660634725629385
24905,0.6117926310742464
24906,0.14884036514769616
24907,0.40793509656546645
24908,0.1805388101856862
24909,0.02956003321629106
24910,0.003799257886102191
24911,0.0036717500560331504
24912,0.07662528521011552
24913,0.01079452057810029
24914,0.008717947680026284
24915,0.10708959604977285
24916,0.7837710508198774
24917,0.0381766093018759
24918,0.5465921954354843
24919,0.005368435771510803
24920,0.14365602386415327
24921,0.6770489683880136
24922,0.009168099645376373
24923,0.048654780109874826
24924,0.006686663598733659
24925,0.05666022064285795
24926,0.0021425266114366436
24927,0.07300586270468726
24928,0.03976004670490802
24929,0.012961138227427891
24930,0.5687794427708602
24931,0.9188332261436241
24932,0.09386496926418283
24933,0.025687823889253437
24934,0.018982278004499052
24935,0.02166674447427326
24936,0.1500922639110235
24937,0.8898526132450132
24938,0.9782266912430719
24939,0.07737396644221423
24940,0.01775471990407394
24941,0.03858850957274375
24942,0.0021549520293540313
24943,0.005474645202200585
24944,0.006042759337886791
24945,0.005143101636259822
24946,0.004385550821447822
24947,0.03579267106152251
24948,0.01959689458668859
24949,0.012341638633563322
24950,0.09172155160102709
24951,0.06096964458145193
24952,0.013548589303991564
24953,0.0202319905695558
24954,0.08967204622890008
24955,0.0488378336535624
24956,0.04233656421705697
24957,0.0014298044205365277
24958,0.009861017309386573
24959,0.20392107411843677
24960,0.7587837863131877
24961,0.014459802361890609
24962,0.0013862674104969845
24963,0.004562073708285987
24964,0.008051536464453791
24965,0.0102254394425679
24966,0.8592890479318471
24967,0.0022559251590446483
24968,0.049284211464922956
24969,0.8041035371780608
24970,0.8252227395793917
24971,0.06717446200063953
24972,0.021461363068744944
24973,0.020366730637674472
24974,0.027615812208847363
24975,0.3103356624768342
24976,0.39336601942092986
24977,0.0022816665834717877
24978,0.010613494830162756
24979,0.3670193297096842
24980,0.013279331465489758
24981,0.366426248399107
24982,0.006937807616287666
24983,0.024896086295732464
24984,0.05704267029711049
24985,0.3970385761306861
24986,0.9185654123833895
24987,0.2097850506168251
24988,0.010032490758259054
24989,0.7814224452794241
24990,0.8491088835967288
24991,0.40048037091699934
24992,0.004405161294371992
24993,0.15742540598215599
24994,0.9992864726063547
24995,0.010767771024343738
24996,0.010933489618023597
24997,0.001922176753023919
24998,0.14107521150592445
24999,0.06990795355757913
